id,location,fault_severity,severity_type,resource_type,event_count,unique_event_count,log_feature_count,unique_log_features,total_log_volume,mean_log_volume,max_log_volume,min_log_volume,date
14121,location 118,1,severity_type 2,resource_type 2,2,2,2,2,38,19.0,19,19,2025-02-02
9320,location 91,0,severity_type 2,resource_type 2,2,2,2,2,316,158.0,200,116,2025-10-10
14394,location 152,1,severity_type 2,resource_type 2,2,2,2,2,2,1.0,1,1,2025-08-27
8218,location 931,1,severity_type 1,resource_type 8,2,2,3,3,22,7.333333333333333,12,1,2025-06-10
14804,location 120,0,severity_type 1,resource_type 2,4,4,9,9,12,1.3333333333333333,2,1,2025-06-08
1080,location 664,0,severity_type 1,resource_type 8,1,1,2,2,16,8.0,8,8,2025-11-10
9731,location 640,0,severity_type 4,resource_type 2,1,1,1,1,3,3.0,3,3,2025-02-01
15505,location 122,0,severity_type 2,resource_type 2,2,2,6,6,14,2.333333333333333,5,1,2025-09-12
3443,location 263,1,severity_type 2,resource_type 2,2,2,2,2,2,1.0,1,1,2025-03-15
13300,location 613,1,severity_type 1,resource_type 8,2,2,2,2,31,15.5,30,1,2025-02-04
8976,location 760,1,severity_type 1,resource_type 8,2,2,3,3,5,1.6666666666666667,2,1,2025-07-12
7965,location 519,0,severity_type 2,resource_type 2,2,2,2,2,2,1.0,1,1,2025-12-23
10342,location 746,0,severity_type 1,resource_type 2,2,2,4,4,8,2.0,3,1,2025-09-26
6741,location 1066,1,severity_type 1,resource_type 8,2,2,2,2,6,3.0,5,1,2025-10-05
7187,location 812,0,severity_type 1,resource_type 8,1,1,4,4,17,4.25,5,3,2025-09-19
16780,location 343,0,severity_type 2,resource_type 2,1,1,2,2,2,1.0,1,1,2025-10-14
14195,location 133,0,severity_type 2,resource_type 2,2,2,4,4,4,1.0,1,1,2025-07-07
14025,location 976,0,severity_type 1,resource_type 8,2,2,2,2,7,3.5,6,1,2025-02-16
8548,location 948,1,severity_type 1,resource_type 8,2,2,1,1,2,2.0,2,2,2025-11-03
9566,location 808,0,severity_type 1,resource_type 8,2,2,2,2,9,4.5,5,4,2025-06-14
15652,location 894,0,severity_type 1,resource_type 2,4,4,8,8,172,21.5,34,2,2025-07-02
3931,location 875,0,severity_type 1,resource_type 8,1,1,2,2,6,3.0,4,2,2025-05-16
4557,location 1024,0,severity_type 2,resource_type 8,1,1,1,1,1,1.0,1,1,2025-03-08
3610,location 166,0,severity_type 4,resource_type 2,1,1,1,1,1,1.0,1,1,2025-12-05
16574,location 687,0,severity_type 4,resource_type 8,1,1,1,1,1,1.0,1,1,2025-10-13
7504,location 1016,1,severity_type 1,resource_type 8,1,1,2,2,2,1.0,1,1,2025-08-24
9735,location 707,0,severity_type 2,resource_type 8,1,1,2,2,10,5.0,6,4,2025-05-27
14048,location 978,1,severity_type 1,resource_type 8,2,2,2,2,3,1.5,2,1,2025-10-28
6769,location 775,0,severity_type 1,resource_type 8,2,2,2,2,7,3.5,4,3,2025-07-19
2514,location 829,0,severity_type 2,resource_type 8,1,1,2,2,6,3.0,5,1,2025-06-11
896,location 732,0,severity_type 1,resource_type 8,1,1,2,2,2,1.0,1,1,2025-06-14
4757,location 508,0,severity_type 2,resource_type 2,2,2,8,8,103,12.875,20,4,2025-03-24
16358,location 257,1,severity_type 1,resource_type 2,1,1,2,2,2,1.0,1,1,2025-02-03
11810,location 116,0,severity_type 2,resource_type 2,2,2,2,2,6,3.0,4,2,2025-07-22
7274,location 830,1,severity_type 1,resource_type 8,1,1,3,3,4,1.3333333333333333,2,1,2025-11-21
2972,location 491,0,severity_type 2,resource_type 2,2,2,2,2,4,2.0,2,2,2025-01-24
7392,location 253,0,severity_type 2,resource_type 2,2,2,6,6,10,1.6666666666666667,2,1,2025-11-10
6824,location 740,0,severity_type 2,resource_type 8,1,1,2,2,2,1.0,1,1,2025-10-30
4311,location 704,2,severity_type 1,resource_type 8,2,2,6,6,51,8.5,20,1,2025-04-12
12261,location 1089,2,severity_type 1,resource_type 8,1,1,3,3,29,9.666666666666666,17,1,2025-08-19
14752,location 653,0,severity_type 2,resource_type 8,2,2,2,2,6,3.0,5,1,2025-03-02
14992,location 600,2,severity_type 2,resource_type 8,1,1,2,2,3,1.5,2,1,2025-10-04
967,location 892,2,severity_type 1,resource_type 2,3,3,6,6,27,4.5,6,1,2025-09-13
8059,location 802,0,severity_type 4,resource_type 7,1,1,1,1,2,2.0,2,2,2025-05-10
13406,location 794,0,severity_type 1,resource_type 4,4,4,5,5,10,2.0,3,1,2025-01-25
11424,location 477,0,severity_type 2,resource_type 2,2,2,7,7,162,23.142857142857142,67,1,2025-12-21
3945,location 684,2,severity_type 2,resource_type 8,1,1,3,3,63,21.0,44,1,2025-06-12
10351,location 895,2,severity_type 1,resource_type 2,3,3,6,6,262,43.66666666666666,54,10,2025-11-22
2272,location 496,0,severity_type 2,resource_type 2,2,2,6,6,53,8.833333333333334,24,1,2025-09-05
10752,location 321,1,severity_type 2,resource_type 2,2,2,3,3,6,2.0,2,2,2025-10-12
17096,location 1107,2,severity_type 1,resource_type 8,2,2,6,6,674,112.33333333333331,413,1,2025-10-05
17314,location 1086,2,severity_type 2,resource_type 8,1,1,2,2,30,15.0,16,14,2025-03-13
12770,location 895,1,severity_type 1,resource_type 2,3,3,6,6,38,6.333333333333333,12,1,2025-05-13
3304,location 1099,1,severity_type 2,resource_type 8,1,1,2,2,8,4.0,5,3,2025-06-20
9012,location 975,0,severity_type 1,resource_type 2,1,1,2,2,2,1.0,1,1,2025-07-01
9928,location 1019,2,severity_type 2,resource_type 8,1,1,2,2,94,47.0,72,22,2025-01-16
297,location 812,2,severity_type 1,resource_type 8,2,2,4,4,23,5.75,11,1,2025-07-19
5751,location 342,0,severity_type 2,resource_type 2,2,2,2,2,7,3.5,4,3,2025-02-26
17692,location 744,1,severity_type 2,resource_type 8,2,2,2,2,3,1.5,2,1,2025-09-29
3688,location 181,0,severity_type 4,resource_type 2,1,1,2,2,3,1.5,2,1,2025-09-07
3425,location 1086,1,severity_type 2,resource_type 8,1,1,2,2,23,11.5,20,3,2025-12-03
7871,location 1052,1,severity_type 1,resource_type 8,2,2,3,3,14,4.666666666666667,9,1,2025-09-29
10013,location 696,0,severity_type 2,resource_type 8,1,1,2,2,2,1.0,1,1,2025-05-14
13832,location 1008,1,severity_type 2,resource_type 8,1,1,3,3,14,4.666666666666667,12,1,2025-12-20
11743,location 798,1,severity_type 2,resource_type 8,1,1,2,2,17,8.5,12,5,2025-05-30
10099,location 760,1,severity_type 1,resource_type 8,2,2,2,2,128,64.0,107,21,2025-04-29
16682,location 777,1,severity_type 2,resource_type 8,1,1,2,2,5,2.5,4,1,2025-11-27
10156,location 95,1,severity_type 2,resource_type 2,2,2,7,7,26,3.7142857142857135,6,1,2025-05-16
16154,location 699,0,severity_type 5,resource_type 2,1,1,1,1,1,1.0,1,1,2025-01-28
14176,location 272,1,severity_type 1,resource_type 2,2,2,3,3,5,1.6666666666666667,2,1,2025-06-21
14964,location 704,2,severity_type 2,resource_type 8,1,1,4,4,35,8.75,22,1,2025-10-18
12896,location 613,2,severity_type 1,resource_type 8,2,2,2,2,17,8.5,10,7,2025-03-11
7288,location 846,2,severity_type 2,resource_type 8,1,1,2,2,47,23.5,29,18,2025-06-18
15882,location 795,0,severity_type 1,resource_type 8,2,2,3,3,191,63.66666666666666,135,3,2025-02-17
12441,location 826,1,severity_type 1,resource_type 7,3,3,8,8,20,2.5,4,1,2025-09-08
17248,location 112,0,severity_type 2,resource_type 8,3,3,5,5,5,1.0,1,1,2025-06-23
16745,location 778,0,severity_type 2,resource_type 8,1,1,2,2,2,1.0,1,1,2025-05-01
5315,location 810,0,severity_type 1,resource_type 8,2,2,4,4,13,3.25,7,1,2025-03-24
17118,location 895,1,severity_type 1,resource_type 2,2,2,2,2,2,1.0,1,1,2025-07-26
7725,location 690,0,severity_type 1,resource_type 8,1,1,2,2,4,2.0,2,2,2025-09-02
2311,location 494,0,severity_type 1,resource_type 8,5,5,10,10,20,2.0,5,1,2025-12-10
4292,location 1095,0,severity_type 2,resource_type 8,1,1,1,1,1,1.0,1,1,2025-06-09
15773,location 445,0,severity_type 2,resource_type 2,2,2,2,2,14,7.0,7,7,2025-02-28
6531,location 478,0,severity_type 2,resource_type 2,2,2,10,10,219,21.9,52,1,2025-10-31
16009,location 661,0,severity_type 2,resource_type 7,2,2,2,2,2,1.0,1,1,2025-08-18
11930,location 380,0,severity_type 2,resource_type 2,2,2,2,2,11,5.5,7,4,2025-09-13
8541,location 242,0,severity_type 2,resource_type 2,2,2,2,2,14,7.0,8,6,2025-02-05
11019,location 1082,0,severity_type 1,resource_type 8,1,1,3,3,5,1.6666666666666667,2,1,2025-04-25
8274,location 181,0,severity_type 2,resource_type 2,2,2,6,6,8,1.3333333333333333,2,1,2025-10-08
722,location 1007,0,severity_type 1,resource_type 8,2,2,2,2,5,2.5,3,2,2025-10-31
12305,location 131,1,severity_type 2,resource_type 2,2,2,2,2,2,1.0,1,1,2025-06-08
11444,location 1007,1,severity_type 1,resource_type 8,2,2,2,2,18,9.0,12,6,2025-10-21
4006,location 931,1,severity_type 1,resource_type 8,2,2,4,4,10,2.5,7,1,2025-11-04
9231,location 980,1,severity_type 1,resource_type 8,1,1,2,2,2,1.0,1,1,2025-05-22
6821,location 118,0,severity_type 1,resource_type 2,3,3,5,5,27,5.4,13,1,2025-11-24
12888,location 373,0,severity_type 2,resource_type 2,1,1,1,1,1,1.0,1,1,2025-04-16
6779,location 169,0,severity_type 2,resource_type 2,2,2,4,4,5,1.25,2,1,2025-03-29
11232,location 421,0,severity_type 1,resource_type 2,3,3,6,6,14,2.333333333333333,3,1,2025-09-07
11685,location 779,2,severity_type 2,resource_type 8,1,1,4,4,49,12.25,42,1,2025-08-21
1318,location 690,1,severity_type 1,resource_type 8,2,2,4,4,6,1.5,2,1,2025-02-21
909,location 59,1,severity_type 2,resource_type 8,1,1,2,2,4,2.0,3,1,2025-10-31
18511,location 648,1,severity_type 1,resource_type 6,2,2,3,3,5,1.6666666666666667,2,1,2025-03-14
16460,location 478,0,severity_type 2,resource_type 2,2,2,6,6,91,15.166666666666666,37,1,2025-10-21
12008,location 118,0,severity_type 2,resource_type 2,2,2,2,2,26,13.0,13,13,2025-01-03
6811,location 124,0,severity_type 2,resource_type 2,2,2,8,8,37,4.625,7,2,2025-10-18
16071,location 7,0,severity_type 1,resource_type 8,1,1,6,6,20,3.333333333333333,7,1,2025-10-15
4486,location 12,0,severity_type 1,resource_type 8,1,1,1,1,1,1.0,1,1,2025-10-12
183,location 1026,1,severity_type 1,resource_type 6,2,2,2,2,8,4.0,6,2,2025-08-31
5729,location 270,0,severity_type 4,resource_type 2,1,1,1,1,1,1.0,1,1,2025-06-22
15368,location 1106,0,severity_type 1,resource_type 8,1,1,2,2,51,25.5,27,24,2025-09-15
5064,location 1090,0,severity_type 1,resource_type 8,1,1,2,2,16,8.0,10,6,2025-04-12
11530,location 522,0,severity_type 2,resource_type 2,2,2,2,2,8,4.0,5,3,2025-10-12
14860,location 1007,0,severity_type 1,resource_type 8,2,2,2,2,3,1.5,2,1,2025-07-22
13166,location 836,0,severity_type 1,resource_type 8,1,1,2,2,2,1.0,1,1,2025-06-17
14528,location 145,0,severity_type 2,resource_type 2,2,2,6,6,17,2.833333333333333,4,2,2025-07-04
4202,location 895,1,severity_type 2,resource_type 2,4,4,5,5,16,3.2,5,1,2025-07-27
3916,location 1020,1,severity_type 1,resource_type 8,1,1,6,6,13,2.1666666666666665,4,1,2025-01-14
11454,location 804,1,severity_type 1,resource_type 2,1,1,2,2,2,1.0,1,1,2025-02-21
12297,location 1055,0,severity_type 1,resource_type 8,2,2,2,2,248,124.0,167,81,2025-03-31
553,location 798,0,severity_type 1,resource_type 8,2,2,2,2,53,26.5,38,15,2025-02-11
10390,location 1052,1,severity_type 1,resource_type 8,2,2,3,3,14,4.666666666666667,12,1,2025-06-10
5056,location 122,0,severity_type 2,resource_type 2,2,2,4,4,10,2.5,4,1,2025-09-01
10503,location 157,0,severity_type 2,resource_type 2,2,2,2,2,4,2.0,3,1,2025-08-27
1835,location 802,1,severity_type 1,resource_type 8,3,3,4,4,10,2.5,3,2,2025-06-21
10085,location 242,0,severity_type 2,resource_type 2,2,2,6,6,393,65.5,71,57,2025-11-09
13807,location 893,0,severity_type 1,resource_type 2,3,3,8,8,139,17.375,32,3,2025-07-26
11318,location 457,0,severity_type 2,resource_type 2,2,2,7,7,86,12.285714285714286,35,2,2025-01-29
533,location 99,0,severity_type 4,resource_type 2,1,1,1,1,1,1.0,1,1,2025-10-07
10538,location 839,1,severity_type 1,resource_type 8,1,1,3,3,90,30.0,49,1,2025-07-29
11549,location 719,0,severity_type 1,resource_type 2,1,1,1,1,1,1.0,1,1,2025-08-20
16900,location 793,0,severity_type 1,resource_type 8,1,1,2,2,13,6.5,11,2,2025-07-26
599,location 1109,0,severity_type 1,resource_type 2,1,1,1,1,1,1.0,1,1,2025-07-22
11700,location 648,0,severity_type 1,resource_type 4,3,3,3,3,7,2.333333333333333,3,1,2025-02-03
18331,location 957,0,severity_type 2,resource_type 8,1,1,1,1,1,1.0,1,1,2025-07-24
5381,location 600,2,severity_type 2,resource_type 8,1,1,2,2,22,11.0,14,8,2025-10-18
13638,location 665,0,severity_type 1,resource_type 8,1,1,2,2,32,16.0,16,16,2025-04-21
2703,location 846,0,severity_type 2,resource_type 8,1,1,1,1,2,2.0,2,2,2025-08-09
13686,location 1107,0,severity_type 2,resource_type 8,1,1,4,4,44,11.0,32,1,2025-01-12
6240,location 1052,2,severity_type 1,resource_type 2,2,2,4,4,10,2.5,4,1,2025-05-07
8546,location 1107,0,severity_type 1,resource_type 8,2,2,4,4,226,56.5,148,7,2025-06-09
4578,location 948,0,severity_type 2,resource_type 8,1,1,2,2,2,1.0,1,1,2025-12-25
15870,location 646,0,severity_type 1,resource_type 8,1,1,3,3,22,7.333333333333333,10,2,2025-03-20
17084,location 302,0,severity_type 4,resource_type 2,1,1,1,1,1,1.0,1,1,2025-04-11
4114,location 273,0,severity_type 1,resource_type 8,1,1,1,1,1,1.0,1,1,2025-05-30
8011,location 1,0,severity_type 2,resource_type 8,1,1,1,1,7,7.0,7,7,2025-12-29
6588,location 124,0,severity_type 2,resource_type 2,2,2,6,6,18,3.0,5,2,2025-11-08
12490,location 704,2,severity_type 1,resource_type 8,1,1,1,1,1,1.0,1,1,2025-01-13
3975,location 476,0,severity_type 2,resource_type 2,2,2,8,8,99,12.375,40,2,2025-03-27
4720,location 152,0,severity_type 2,resource_type 2,2,2,2,2,5,2.5,3,2,2025-10-27
15209,location 734,0,severity_type 1,resource_type 8,2,2,3,3,11,3.6666666666666665,5,2,2025-01-22
6092,location 1076,1,severity_type 2,resource_type 8,1,1,2,2,2,1.0,1,1,2025-11-09
9426,location 798,0,severity_type 1,resource_type 8,2,2,2,2,29,14.5,17,12,2025-04-13
2307,location 520,0,severity_type 2,resource_type 2,2,2,2,2,23,11.5,12,11,2025-12-01
13291,location 1046,0,severity_type 1,resource_type 8,2,2,3,3,5,1.6666666666666667,2,1,2025-04-18
17245,location 803,1,severity_type 2,resource_type 8,1,1,3,3,3,1.0,1,1,2025-06-08
11726,location 963,0,severity_type 1,resource_type 8,1,1,3,3,450,150.0,203,118,2025-08-30
15486,location 821,0,severity_type 1,resource_type 8,2,2,6,6,18,3.0,8,1,2025-02-16
9033,location 1061,2,severity_type 1,resource_type 8,2,2,2,2,10,5.0,6,4,2025-07-23
9959,location 714,0,severity_type 1,resource_type 8,2,2,4,4,10,2.5,4,1,2025-07-04
3798,location 242,0,severity_type 2,resource_type 2,2,2,6,6,147,24.5,33,13,2025-10-14
15624,location 613,1,severity_type 1,resource_type 8,3,3,4,4,23,5.75,6,5,2025-12-30
5995,location 91,0,severity_type 2,resource_type 2,2,2,7,7,7,1.0,1,1,2025-08-31
9644,location 1007,0,severity_type 1,resource_type 8,2,2,2,2,6,3.0,3,3,2025-05-30
10779,location 300,0,severity_type 2,resource_type 2,2,2,6,6,44,7.333333333333333,14,1,2025-05-29
9734,location 272,1,severity_type 2,resource_type 2,2,2,5,5,5,1.0,1,1,2025-06-02
14954,location 1106,1,severity_type 1,resource_type 8,1,1,2,2,31,15.5,18,13,2025-10-25
15493,location 611,0,severity_type 1,resource_type 2,1,1,2,2,4,2.0,2,2,2025-04-28
6222,location 724,1,severity_type 1,resource_type 8,1,1,2,2,3,1.5,2,1,2025-03-02
17390,location 173,1,severity_type 2,resource_type 2,1,1,2,2,2,1.0,1,1,2025-05-03
6826,location 943,1,severity_type 1,resource_type 8,1,1,2,2,3,1.5,2,1,2025-01-09
8611,location 821,2,severity_type 1,resource_type 8,2,2,6,6,30,5.0,21,1,2025-02-08
9087,location 795,0,severity_type 2,resource_type 8,1,1,2,2,19,9.5,13,6,2025-02-02
17472,location 733,1,severity_type 1,resource_type 8,1,1,4,4,5,1.25,2,1,2025-10-09
12760,location 249,0,severity_type 2,resource_type 2,2,2,2,2,6,3.0,4,2,2025-09-21
4963,location 704,2,severity_type 2,resource_type 8,1,1,2,2,26,13.0,17,9,2025-09-12
6225,location 821,1,severity_type 1,resource_type 8,3,3,8,8,62,7.75,37,1,2025-06-18
7959,location 802,0,severity_type 1,resource_type 6,1,1,1,1,2,2.0,2,2,2025-09-19
1773,location 957,1,severity_type 1,resource_type 2,2,2,4,4,7,1.75,3,1,2025-02-28
6136,location 408,1,severity_type 2,resource_type 2,2,2,6,6,10,1.6666666666666667,2,1,2025-11-25
5965,location 723,1,severity_type 1,resource_type 8,1,1,2,2,4,2.0,2,2,2025-07-02
5390,location 255,0,severity_type 2,resource_type 2,2,2,2,2,7,3.5,4,3,2025-12-09
13663,location 655,2,severity_type 1,resource_type 8,4,4,8,8,292,36.5,133,3,2025-02-25
4501,location 888,0,severity_type 1,resource_type 2,1,1,2,2,3,1.5,2,1,2025-07-01
13442,location 704,1,severity_type 2,resource_type 8,1,1,3,3,14,4.666666666666667,8,2,2025-09-12
6958,location 989,0,severity_type 2,resource_type 8,1,1,1,1,1,1.0,1,1,2025-06-30
16339,location 1015,0,severity_type 1,resource_type 8,1,1,2,2,8,4.0,4,4,2025-06-12
9372,location 1019,0,severity_type 1,resource_type 8,2,2,6,6,58,9.666666666666666,22,2,2025-03-02
5576,location 692,1,severity_type 1,resource_type 8,1,1,3,3,4,1.3333333333333333,2,1,2025-05-20
663,location 653,0,severity_type 1,resource_type 2,2,2,4,4,43,10.75,27,1,2025-03-29
1473,location 945,1,severity_type 1,resource_type 8,1,1,2,2,6,3.0,4,2,2025-04-21
949,location 651,0,severity_type 1,resource_type 8,1,1,3,3,3,1.0,1,1,2025-09-07
10513,location 1106,0,severity_type 1,resource_type 8,1,1,1,1,1,1.0,1,1,2025-08-19
14289,location 763,1,severity_type 1,resource_type 8,1,1,2,2,4,2.0,2,2,2025-08-10
15260,location 416,0,severity_type 4,resource_type 2,1,1,1,1,2,2.0,2,2,2025-05-13
9812,location 830,0,severity_type 1,resource_type 8,1,1,2,2,197,98.5,108,89,2025-12-17
4916,location 704,2,severity_type 2,resource_type 8,1,1,3,3,22,7.333333333333333,14,4,2025-02-01
17515,location 1024,2,severity_type 1,resource_type 8,1,1,2,2,14,7.0,7,7,2025-05-06
17388,location 497,0,severity_type 2,resource_type 2,2,2,2,2,6,3.0,4,2,2025-02-13
4450,location 890,0,severity_type 2,resource_type 8,1,1,1,1,3,3.0,3,3,2025-05-04
16258,location 849,0,severity_type 2,resource_type 8,1,1,2,2,18,9.0,13,5,2025-12-18
10528,location 208,0,severity_type 1,resource_type 2,2,2,5,5,5,1.0,1,1,2025-05-14
4003,location 255,1,severity_type 2,resource_type 2,2,2,3,3,6,2.0,3,1,2025-11-28
3954,location 139,1,severity_type 1,resource_type 2,2,2,6,6,7,1.1666666666666667,2,1,2025-06-30
13945,location 914,1,severity_type 1,resource_type 4,3,3,3,3,3,1.0,1,1,2025-09-13
15607,location 326,0,severity_type 1,resource_type 2,1,1,2,2,4,2.0,2,2,2025-06-16
11897,location 937,0,severity_type 1,resource_type 8,1,1,4,4,20,5.0,16,1,2025-04-08
12609,location 1086,0,severity_type 2,resource_type 8,1,1,1,1,10,10.0,10,10,2025-10-06
10122,location 506,0,severity_type 2,resource_type 2,2,2,15,15,261,17.4,54,1,2025-12-20
7886,location 149,0,severity_type 4,resource_type 2,1,1,3,3,3,1.0,1,1,2025-04-07
15771,location 846,0,severity_type 2,resource_type 8,1,1,1,1,8,8.0,8,8,2025-10-12
17681,location 865,0,severity_type 1,resource_type 8,1,1,1,1,2,2.0,2,2,2025-04-06
15863,location 925,2,severity_type 1,resource_type 8,1,1,2,2,20,10.0,12,8,2025-09-19
17690,location 798,1,severity_type 2,resource_type 8,1,1,2,2,11,5.5,6,5,2025-10-15
8606,location 243,0,severity_type 2,resource_type 2,2,2,6,6,284,47.333333333333336,67,36,2025-06-14
11362,location 193,0,severity_type 2,resource_type 2,2,2,2,2,2,1.0,1,1,2025-09-26
4604,location 723,0,severity_type 1,resource_type 8,1,1,1,1,1,1.0,1,1,2025-04-10
5480,location 471,0,severity_type 2,resource_type 2,2,2,6,6,27,4.5,8,2,2025-01-29
12277,location 1107,2,severity_type 1,resource_type 8,2,2,8,8,225,28.125,129,4,2025-02-05
1400,location 375,0,severity_type 2,resource_type 2,2,2,2,2,10,5.0,5,5,2025-06-13
6687,location 91,0,severity_type 2,resource_type 2,2,2,2,2,564,282.0,289,275,2025-11-26
11153,location 1047,0,severity_type 2,resource_type 8,1,1,1,1,2,2.0,2,2,2025-02-16
8313,location 798,2,severity_type 2,resource_type 8,1,1,2,2,64,32.0,37,27,2025-06-16
5787,location 490,0,severity_type 2,resource_type 2,2,2,2,2,2,1.0,1,1,2025-09-14
741,location 1051,0,severity_type 1,resource_type 8,1,1,2,2,3,1.5,2,1,2025-03-15
16502,location 763,0,severity_type 2,resource_type 8,1,1,1,1,12,12.0,12,12,2025-09-21
4036,location 896,0,severity_type 1,resource_type 2,3,3,6,6,41,6.833333333333333,11,2,2025-04-22
5029,location 1011,0,severity_type 1,resource_type 2,1,1,2,2,2,1.0,1,1,2025-10-23
18158,location 834,1,severity_type 2,resource_type 8,1,1,2,2,8,4.0,4,4,2025-07-31
18441,location 118,0,severity_type 2,resource_type 2,2,2,2,2,30,15.0,16,14,2025-07-19
4268,location 97,0,severity_type 4,resource_type 2,1,1,2,2,4,2.0,2,2,2025-03-06
4092,location 1019,0,severity_type 1,resource_type 8,2,2,3,3,21,7.0,12,2,2025-06-19
16819,location 226,0,severity_type 4,resource_type 2,1,1,2,2,2,1.0,1,1,2025-11-09
7774,location 962,2,severity_type 2,resource_type 8,1,1,2,2,14,7.0,10,4,2025-01-08
5824,location 885,0,severity_type 2,resource_type 8,1,1,4,4,6,1.5,2,1,2025-10-04
7295,location 821,1,severity_type 1,resource_type 8,2,2,5,5,18,3.6,6,1,2025-06-29
18146,location 812,0,severity_type 1,resource_type 8,1,1,3,3,407,135.66666666666666,233,2,2025-09-20
17409,location 816,2,severity_type 1,resource_type 8,4,4,8,8,310,38.75,154,3,2025-08-31
6095,location 638,0,severity_type 4,resource_type 2,3,3,3,3,9,3.0,4,1,2025-06-07
9032,location 945,0,severity_type 1,resource_type 8,1,1,2,2,11,5.5,6,5,2025-04-23
5210,location 468,0,severity_type 2,resource_type 2,2,2,2,2,17,8.5,12,5,2025-08-17
11177,location 380,0,severity_type 2,resource_type 2,2,2,2,2,7,3.5,4,3,2025-02-21
12324,location 1109,1,severity_type 1,resource_type 8,2,2,2,2,4,2.0,2,2,2025-08-02
1697,location 1122,0,severity_type 1,resource_type 2,1,1,1,1,1,1.0,1,1,2025-02-04
3106,location 1098,1,severity_type 2,resource_type 8,1,1,1,1,1,1.0,1,1,2025-08-26
7824,location 376,0,severity_type 1,resource_type 2,3,3,4,4,4,1.0,1,1,2025-08-18
2588,location 1,0,severity_type 1,resource_type 8,2,2,4,4,34,8.5,15,5,2025-01-31
13644,location 303,0,severity_type 4,resource_type 2,1,1,1,1,1,1.0,1,1,2025-10-04
13082,location 126,0,severity_type 2,resource_type 2,2,2,8,8,177,22.125,72,3,2025-06-01
8150,location 520,0,severity_type 2,resource_type 2,2,2,2,2,19,9.5,10,9,2025-10-15
6234,location 734,0,severity_type 1,resource_type 8,2,2,4,4,45,11.25,23,5,2025-01-16
10350,location 507,0,severity_type 2,resource_type 2,2,2,4,4,50,12.5,27,2,2025-03-07
13538,location 709,0,severity_type 1,resource_type 8,1,1,2,2,4,2.0,2,2,2025-06-30
2338,location 466,0,severity_type 2,resource_type 2,2,2,2,2,3,1.5,2,1,2025-03-10
17947,location 466,0,severity_type 2,resource_type 2,2,2,13,13,37,2.8461538461538463,6,1,2025-05-01
9786,location 12,0,severity_type 2,resource_type 8,1,1,2,2,2,1.0,1,1,2025-08-30
9514,location 1102,0,severity_type 2,resource_type 8,1,1,1,1,2,2.0,2,2,2025-02-22
13670,location 998,0,severity_type 2,resource_type 8,1,1,1,1,1,1.0,1,1,2025-09-05
15482,location 727,0,severity_type 1,resource_type 8,1,1,2,2,2,1.0,1,1,2025-02-07
12517,location 76,1,severity_type 1,resource_type 8,1,1,2,2,3,1.5,2,1,2025-03-05
411,location 734,1,severity_type 1,resource_type 8,2,2,6,6,33,5.5,18,1,2025-08-03
10237,location 830,0,severity_type 1,resource_type 8,1,1,2,2,32,16.0,31,1,2025-10-17
12734,location 798,0,severity_type 1,resource_type 8,2,2,2,2,24,12.0,18,6,2025-03-04
10863,location 309,0,severity_type 2,resource_type 2,2,2,2,2,6,3.0,4,2,2025-04-20
11390,location 737,0,severity_type 2,resource_type 8,1,1,1,1,2,2.0,2,2,2025-12-04
5260,location 1111,0,severity_type 1,resource_type 8,1,1,3,3,4,1.3333333333333333,2,1,2025-12-28
8244,location 314,1,severity_type 2,resource_type 2,2,2,2,2,4,2.0,2,2,2025-08-01
4161,location 1023,1,severity_type 1,resource_type 9,1,1,2,2,2,1.0,1,1,2025-06-13
16354,location 658,0,severity_type 1,resource_type 8,1,1,1,1,1,1.0,1,1,2025-05-07
15236,location 477,0,severity_type 2,resource_type 2,2,2,4,4,113,28.25,48,9,2025-08-12
14877,location 990,0,severity_type 1,resource_type 8,1,1,2,2,8,4.0,4,4,2025-08-04
4810,location 445,0,severity_type 2,resource_type 2,2,2,2,2,16,8.0,9,7,2025-04-18
4637,location 618,0,severity_type 4,resource_type 7,1,1,1,1,2,2.0,2,2,2025-01-09
14124,location 758,1,severity_type 1,resource_type 8,1,1,1,1,1,1.0,1,1,2025-02-25
4737,location 488,0,severity_type 2,resource_type 2,2,2,4,4,31,7.75,19,2,2025-12-16
5377,location 643,1,severity_type 1,resource_type 2,2,2,3,3,4,1.3333333333333333,2,1,2025-06-02
14696,location 834,0,severity_type 2,resource_type 8,1,1,2,2,42,21.0,24,18,2025-06-26
2880,location 607,1,severity_type 1,resource_type 4,3,3,4,4,13,3.25,4,3,2025-06-20
17021,location 141,0,severity_type 4,resource_type 2,1,1,3,3,3,1.0,1,1,2025-10-13
11043,location 497,0,severity_type 2,resource_type 2,2,2,4,4,154,38.5,54,27,2025-01-24
6,location 332,1,severity_type 2,resource_type 2,1,1,2,2,2,1.0,1,1,2025-01-31
2380,location 821,1,severity_type 1,resource_type 8,2,2,3,3,21,7.0,13,3,2025-04-11
6563,location 794,0,severity_type 1,resource_type 7,4,4,4,4,6,1.5,2,1,2025-06-27
2273,location 814,0,severity_type 1,resource_type 8,1,1,2,2,28,14.0,15,13,2025-09-02
1743,location 794,1,severity_type 1,resource_type 4,3,3,3,3,4,1.3333333333333333,2,1,2025-06-29
12919,location 921,2,severity_type 2,resource_type 8,1,1,2,2,8,4.0,4,4,2025-06-11
7922,location 742,0,severity_type 1,resource_type 2,3,3,2,2,2,1.0,1,1,2025-12-09
8201,location 897,0,severity_type 4,resource_type 2,1,1,1,1,2,2.0,2,2,2025-02-28
13659,location 466,0,severity_type 2,resource_type 2,2,2,4,4,10,2.5,3,2,2025-07-28
2861,location 1107,0,severity_type 1,resource_type 8,2,2,3,3,35,11.666666666666666,28,1,2025-07-17
17883,location 744,2,severity_type 1,resource_type 8,3,3,5,5,39,7.8,13,1,2025-06-22
17057,location 122,0,severity_type 2,resource_type 2,2,2,6,6,14,2.333333333333333,4,1,2025-10-22
12316,location 240,0,severity_type 2,resource_type 2,2,2,4,4,6,1.5,2,1,2025-04-08
12541,location 691,0,severity_type 1,resource_type 8,3,3,3,3,9,3.0,4,1,2025-12-15
363,location 809,0,severity_type 1,resource_type 8,2,2,2,2,10,5.0,5,5,2025-05-02
4166,location 549,1,severity_type 1,resource_type 8,2,2,4,4,8,2.0,4,1,2025-07-18
8354,location 810,0,severity_type 2,resource_type 8,1,1,3,3,17,5.666666666666667,10,1,2025-07-10
9160,location 1089,1,severity_type 1,resource_type 8,1,1,4,4,16,4.0,7,1,2025-11-07
1476,location 266,0,severity_type 4,resource_type 2,1,1,1,1,2,2.0,2,2,2025-06-10
8193,location 1010,1,severity_type 1,resource_type 8,1,1,2,2,9,4.5,5,4,2025-04-14
12708,location 1094,1,severity_type 1,resource_type 8,1,1,2,2,3,1.5,2,1,2025-01-08
13410,location 345,0,severity_type 2,resource_type 2,3,3,4,4,6,1.5,2,1,2025-05-13
12066,location 501,0,severity_type 2,resource_type 2,2,2,4,4,8,2.0,3,1,2025-10-29
8570,location 939,0,severity_type 1,resource_type 8,1,1,2,2,2,1.0,1,1,2025-01-04
4204,location 957,0,severity_type 1,resource_type 8,1,1,2,2,4,2.0,2,2,2025-11-24
18290,location 373,0,severity_type 2,resource_type 2,2,2,2,2,136,68.0,69,67,2025-07-18
11441,location 684,2,severity_type 2,resource_type 8,1,1,2,2,14,7.0,10,4,2025-02-21
17975,location 1094,1,severity_type 1,resource_type 8,1,1,1,1,1,1.0,1,1,2025-04-21
11262,location 821,0,severity_type 2,resource_type 8,1,1,4,4,28,7.0,14,4,2025-07-22
3768,location 823,0,severity_type 1,resource_type 8,2,2,2,2,7,3.5,5,2,2025-04-26
11418,location 244,0,severity_type 2,resource_type 2,2,2,2,2,103,51.5,52,51,2025-02-09
13813,location 857,1,severity_type 1,resource_type 8,1,1,4,4,10,2.5,3,2,2025-09-01
1665,location 846,1,severity_type 2,resource_type 8,1,1,2,2,20,10.0,17,3,2025-09-03
4170,location 1065,0,severity_type 1,resource_type 2,1,1,1,1,1,1.0,1,1,2025-02-13
12798,location 1008,0,severity_type 2,resource_type 8,1,1,1,1,18,18.0,18,18,2025-04-13
681,location 1099,0,severity_type 1,resource_type 8,1,1,2,2,11,5.5,6,5,2025-03-31
319,location 1099,0,severity_type 1,resource_type 8,1,1,4,4,16,4.0,6,2,2025-08-29
17956,location 300,0,severity_type 2,resource_type 2,2,2,6,6,45,7.5,10,4,2025-09-24
429,location 793,0,severity_type 1,resource_type 8,1,1,2,2,106,53.0,69,37,2025-09-23
6663,location 906,1,severity_type 1,resource_type 8,1,1,2,2,6,3.0,4,2,2025-12-09
10586,location 404,1,severity_type 1,resource_type 2,2,2,3,3,3,1.0,1,1,2025-10-08
8583,location 1117,0,severity_type 1,resource_type 8,1,1,2,2,4,2.0,3,1,2025-04-28
8030,location 461,0,severity_type 2,resource_type 2,2,2,2,2,6,3.0,3,3,2025-02-09
5099,location 95,0,severity_type 2,resource_type 2,2,2,4,4,26,6.5,7,6,2025-08-13
446,location 1056,1,severity_type 1,resource_type 6,2,2,3,3,3,1.0,1,1,2025-12-01
5725,location 995,1,severity_type 2,resource_type 8,1,1,3,3,26,8.666666666666666,21,2,2025-12-22
15436,location 893,0,severity_type 1,resource_type 2,3,3,6,6,38,6.333333333333333,10,4,2025-03-26
6758,location 500,0,severity_type 2,resource_type 2,2,2,3,3,9,3.0,4,1,2025-03-28
6449,location 122,0,severity_type 2,resource_type 2,2,2,6,6,24,4.0,6,3,2025-01-14
4552,location 613,1,severity_type 1,resource_type 8,2,2,3,3,19,6.333333333333333,14,1,2025-02-21
17865,location 846,0,severity_type 2,resource_type 8,1,1,2,2,33,16.5,22,11,2025-07-22
1645,location 653,1,severity_type 2,resource_type 8,1,1,2,2,15,7.5,13,2,2025-07-19
1308,location 100,0,severity_type 2,resource_type 2,2,2,4,4,4,1.0,1,1,2025-05-16
8781,location 311,1,severity_type 2,resource_type 2,2,2,2,2,12,6.0,7,5,2025-04-24
831,location 126,0,severity_type 2,resource_type 2,2,2,6,6,10,1.6666666666666667,3,1,2025-10-30
15145,location 1107,0,severity_type 2,resource_type 8,1,1,2,2,27,13.5,26,1,2025-06-17
17654,location 477,0,severity_type 1,resource_type 8,3,3,10,10,24,2.4,9,1,2025-10-23
603,location 507,0,severity_type 2,resource_type 2,2,2,13,13,122,9.384615384615383,47,1,2025-12-18
5962,location 390,0,severity_type 2,resource_type 2,2,2,4,4,4,1.0,1,1,2025-04-26
11520,location 756,0,severity_type 1,resource_type 8,1,1,1,1,1,1.0,1,1,2025-03-15
10341,location 90,0,severity_type 2,resource_type 2,1,1,2,2,8,4.0,4,4,2025-12-14
5070,location 684,0,severity_type 1,resource_type 8,2,2,2,2,40,20.0,26,14,2025-08-20
1197,location 479,0,severity_type 2,resource_type 2,2,2,2,2,15,7.5,10,5,2025-04-17
6187,location 734,1,severity_type 1,resource_type 8,2,2,7,7,33,4.714285714285714,22,1,2025-08-15
733,location 1106,0,severity_type 1,resource_type 8,1,1,2,2,39,19.5,23,16,2025-07-07
2242,location 124,0,severity_type 2,resource_type 2,2,2,8,8,23,2.875,5,1,2025-11-27
479,location 1025,0,severity_type 1,resource_type 8,1,1,2,2,2,1.0,1,1,2025-04-04
12362,location 473,0,severity_type 2,resource_type 2,2,2,4,4,12,3.0,4,2,2025-12-28
14596,location 314,0,severity_type 2,resource_type 2,2,2,3,3,3,1.0,1,1,2025-12-08
6801,location 1107,1,severity_type 1,resource_type 8,2,2,4,4,20,5.0,8,2,2025-03-07
4896,location 249,1,severity_type 1,resource_type 8,4,4,10,10,26,2.6,4,1,2025-03-02
3287,location 613,1,severity_type 1,resource_type 8,3,3,4,4,16,4.0,8,2,2025-07-14
8377,location 161,1,severity_type 2,resource_type 2,2,2,4,4,8,2.0,2,2,2025-01-17
14233,location 1029,0,severity_type 1,resource_type 8,1,1,2,2,7,3.5,5,2,2025-04-20
5065,location 711,0,severity_type 1,resource_type 8,2,2,2,2,3,1.5,2,1,2025-06-08
6233,location 375,0,severity_type 2,resource_type 2,2,2,2,2,99,49.5,50,49,2025-12-20
4160,location 97,0,severity_type 1,resource_type 2,1,1,2,2,2,1.0,1,1,2025-12-29
16840,location 244,0,severity_type 2,resource_type 2,2,2,2,2,56,28.0,31,25,2025-02-25
18192,location 1054,0,severity_type 1,resource_type 8,1,1,2,2,4,2.0,2,2,2025-11-22
7711,location 974,0,severity_type 2,resource_type 8,1,1,2,2,4,2.0,2,2,2025-02-03
7254,location 810,1,severity_type 1,resource_type 8,2,2,4,4,14,3.5,10,1,2025-10-01
3214,location 734,0,severity_type 1,resource_type 8,2,2,2,2,6,3.0,4,2,2025-11-05
14597,location 1115,1,severity_type 1,resource_type 8,1,1,2,2,3,1.5,2,1,2025-11-22
15086,location 867,2,severity_type 1,resource_type 8,1,1,5,5,33,6.6,19,1,2025-03-23
8686,location 326,0,severity_type 1,resource_type 2,3,3,11,11,13,1.181818181818182,2,1,2025-11-23
16989,location 931,2,severity_type 1,resource_type 1,4,4,10,10,32,3.2,7,1,2025-02-12
420,location 686,0,severity_type 1,resource_type 8,3,3,6,6,8,1.3333333333333333,2,1,2025-07-09
16891,location 242,0,severity_type 2,resource_type 2,2,2,6,6,333,55.5,62,48,2025-06-21
8046,location 899,1,severity_type 1,resource_type 2,5,5,8,8,8,1.0,1,1,2025-04-26
7484,location 202,0,severity_type 1,resource_type 2,3,3,3,3,3,1.0,1,1,2025-01-09
14880,location 923,0,severity_type 1,resource_type 8,1,1,1,1,1,1.0,1,1,2025-10-09
16049,location 894,0,severity_type 1,resource_type 2,3,3,6,6,25,4.166666666666667,6,2,2025-05-03
227,location 771,0,severity_type 2,resource_type 8,1,1,4,4,67,16.75,56,2,2025-08-30
1387,location 95,0,severity_type 2,resource_type 2,2,2,4,4,4,1.0,1,1,2025-05-30
12011,location 485,0,severity_type 2,resource_type 2,2,2,2,2,15,7.5,10,5,2025-05-17
6123,location 974,0,severity_type 1,resource_type 8,1,1,1,1,2,2.0,2,2,2025-11-20
8935,location 919,0,severity_type 1,resource_type 8,1,1,2,2,6,3.0,4,2,2025-02-04
2865,location 1009,0,severity_type 1,resource_type 8,1,1,2,2,3,1.5,2,1,2025-09-26
17241,location 814,0,severity_type 2,resource_type 8,1,1,1,1,2,2.0,2,2,2025-09-30
5237,location 973,0,severity_type 1,resource_type 2,1,1,2,2,2,1.0,1,1,2025-05-19
3185,location 120,1,severity_type 2,resource_type 2,2,2,4,4,4,1.0,1,1,2025-04-06
4691,location 504,0,severity_type 1,resource_type 2,3,3,14,14,197,14.071428571428571,60,2,2025-01-02
8423,location 500,0,severity_type 2,resource_type 2,2,2,2,2,4,2.0,2,2,2025-12-08
17894,location 1058,0,severity_type 2,resource_type 8,1,1,1,1,1,1.0,1,1,2025-12-12
14642,location 497,0,severity_type 2,resource_type 2,2,2,5,5,263,52.6,91,1,2025-03-29
5292,location 471,0,severity_type 2,resource_type 2,2,2,6,6,29,4.833333333333333,12,1,2025-01-12
3670,location 1084,1,severity_type 1,resource_type 8,1,1,2,2,6,3.0,4,2,2025-02-14
7301,location 846,1,severity_type 2,resource_type 8,1,1,1,1,4,4.0,4,4,2025-01-25
2105,location 234,0,severity_type 2,resource_type 2,2,2,3,3,3,1.0,1,1,2025-10-31
1954,location 418,0,severity_type 4,resource_type 2,1,1,1,1,5,5.0,5,5,2025-11-22
7699,location 875,0,severity_type 2,resource_type 8,1,1,2,2,4,2.0,2,2,2025-02-25
15680,location 821,1,severity_type 1,resource_type 8,2,2,4,4,13,3.25,8,1,2025-09-30
16960,location 490,0,severity_type 2,resource_type 2,2,2,10,10,43,4.3,8,1,2025-03-07
2476,location 107,0,severity_type 2,resource_type 2,2,2,6,6,34,5.666666666666667,14,1,2025-05-15
4646,location 126,0,severity_type 2,resource_type 2,2,2,8,8,95,11.875,33,4,2025-08-07
4826,location 122,0,severity_type 2,resource_type 2,2,2,6,6,23,3.8333333333333335,6,2,2025-09-20
14595,location 1,1,severity_type 2,resource_type 8,1,1,4,4,11,2.75,4,1,2025-11-16
12970,location 618,1,severity_type 2,resource_type 4,2,2,3,3,5,1.6666666666666667,2,1,2025-01-17
9353,location 95,0,severity_type 2,resource_type 2,2,2,7,7,7,1.0,1,1,2025-03-13
17222,location 491,0,severity_type 2,resource_type 2,2,2,4,4,10,2.5,3,2,2025-04-13
10057,location 500,0,severity_type 2,resource_type 2,2,2,6,6,18,3.0,5,1,2025-04-24
12864,location 921,2,severity_type 1,resource_type 8,2,2,6,6,29,4.833333333333333,10,2,2025-12-31
16999,location 878,0,severity_type 1,resource_type 8,1,1,1,1,2,2.0,2,2,2025-10-11
2692,location 444,0,severity_type 2,resource_type 2,2,2,2,2,4,2.0,2,2,2025-04-27
14976,location 963,0,severity_type 1,resource_type 8,1,1,3,3,244,81.33333333333333,122,41,2025-12-21
6847,location 240,1,severity_type 2,resource_type 2,2,2,6,6,18,3.0,4,1,2025-07-02
15784,location 599,0,severity_type 2,resource_type 8,1,1,1,1,14,14.0,14,14,2025-07-02
8439,location 303,1,severity_type 1,resource_type 2,2,2,8,8,8,1.0,1,1,2025-06-08
7067,location 684,0,severity_type 2,resource_type 8,1,1,2,2,53,26.5,40,13,2025-02-22
18113,location 155,1,severity_type 2,resource_type 2,2,2,2,2,2,1.0,1,1,2025-12-08
17415,location 717,0,severity_type 1,resource_type 2,1,1,2,2,2,1.0,1,1,2025-01-06
12978,location 1010,0,severity_type 1,resource_type 8,1,1,2,2,15,7.5,9,6,2025-03-05
5459,location 878,0,severity_type 1,resource_type 8,1,1,4,4,7,1.75,3,1,2025-03-25
10742,location 991,1,severity_type 1,resource_type 8,1,1,3,3,3,1.0,1,1,2025-04-12
497,location 253,0,severity_type 2,resource_type 2,2,2,4,4,10,2.5,3,2,2025-02-18
6646,location 1058,0,severity_type 2,resource_type 8,1,1,1,1,2,2.0,2,2,2025-01-07
12958,location 1042,0,severity_type 1,resource_type 8,2,2,2,2,17,8.5,9,8,2025-09-05
5394,location 35,0,severity_type 1,resource_type 2,1,1,2,2,2,1.0,1,1,2025-12-20
12610,location 648,1,severity_type 1,resource_type 7,2,2,4,4,5,1.25,2,1,2025-02-14
5926,location 465,0,severity_type 1,resource_type 2,2,2,4,4,8,2.0,3,1,2025-04-19
9713,location 499,0,severity_type 2,resource_type 2,2,2,6,6,346,57.66666666666666,82,34,2025-07-04
7364,location 597,0,severity_type 1,resource_type 2,1,1,2,2,2,1.0,1,1,2025-12-05
5311,location 836,0,severity_type 1,resource_type 8,1,1,2,2,6,3.0,3,3,2025-09-11
13337,location 101,0,severity_type 2,resource_type 2,2,2,6,6,10,1.6666666666666667,2,1,2025-10-07
11149,location 476,0,severity_type 2,resource_type 2,2,2,8,8,161,20.125,48,1,2025-08-01
6938,location 864,1,severity_type 1,resource_type 2,1,1,2,2,6,3.0,3,3,2025-06-02
14109,location 808,0,severity_type 1,resource_type 8,1,1,1,1,1,1.0,1,1,2025-03-14
16926,location 91,0,severity_type 2,resource_type 2,2,2,3,3,10,3.333333333333333,5,1,2025-11-12
5219,location 157,0,severity_type 2,resource_type 2,2,2,2,2,34,17.0,19,15,2025-10-21
14939,location 845,1,severity_type 2,resource_type 8,1,1,2,2,8,4.0,6,2,2025-01-10
6492,location 695,0,severity_type 1,resource_type 8,1,1,2,2,6,3.0,3,3,2025-09-19
4107,location 707,0,severity_type 2,resource_type 8,2,2,4,4,12,3.0,5,1,2025-01-31
506,location 756,0,severity_type 1,resource_type 8,1,1,2,2,25,12.5,13,12,2025-09-27
2435,location 738,1,severity_type 1,resource_type 8,1,1,2,2,2,1.0,1,1,2025-10-29
12376,location 734,1,severity_type 2,resource_type 1,2,2,6,6,17,2.833333333333333,6,1,2025-02-17
135,location 878,0,severity_type 1,resource_type 8,1,1,2,2,11,5.5,6,5,2025-06-08
9605,location 244,0,severity_type 2,resource_type 2,2,2,2,2,53,26.5,27,26,2025-02-15
13872,location 1084,0,severity_type 2,resource_type 8,2,2,2,2,2,1.0,1,1,2025-07-27
15057,location 1008,0,severity_type 2,resource_type 8,1,1,2,2,44,22.0,40,4,2025-12-05
11020,location 661,1,severity_type 1,resource_type 6,2,2,3,3,3,1.0,1,1,2025-01-30
3536,location 1063,0,severity_type 1,resource_type 8,1,1,3,3,65,21.666666666666668,37,1,2025-05-26
14249,location 821,2,severity_type 1,resource_type 8,2,2,9,9,216,24.0,101,1,2025-12-22
3979,location 95,0,severity_type 2,resource_type 2,2,2,2,2,2,1.0,1,1,2025-04-20
8293,location 407,0,severity_type 4,resource_type 2,1,1,1,1,1,1.0,1,1,2025-02-18
2987,location 126,0,severity_type 2,resource_type 2,2,2,8,8,121,15.125,43,3,2025-06-28
2361,location 821,2,severity_type 1,resource_type 8,2,2,5,5,45,9.0,24,1,2025-07-05
11595,location 984,2,severity_type 1,resource_type 7,5,5,6,6,47,7.833333333333333,40,1,2025-08-30
15473,location 641,0,severity_type 1,resource_type 2,2,2,5,5,416,83.2,158,1,2025-04-25
8927,location 468,0,severity_type 2,resource_type 2,2,2,2,2,69,34.5,35,34,2025-12-15
7128,location 1052,1,severity_type 1,resource_type 8,2,2,4,4,49,12.25,23,6,2025-07-10
5580,location 644,0,severity_type 1,resource_type 2,2,2,4,4,20,5.0,9,1,2025-04-15
2302,location 644,0,severity_type 1,resource_type 2,2,2,4,4,288,72.0,143,1,2025-12-17
3332,location 468,0,severity_type 2,resource_type 2,2,2,2,2,16,8.0,8,8,2025-12-04
15011,location 826,1,severity_type 1,resource_type 8,1,1,2,2,2,1.0,1,1,2025-07-02
3262,location 763,0,severity_type 1,resource_type 8,2,2,3,3,14,4.666666666666667,9,2,2025-01-10
8459,location 1107,0,severity_type 1,resource_type 8,2,2,4,4,146,36.5,108,4,2025-08-06
3303,location 794,0,severity_type 1,resource_type 7,3,3,3,3,3,1.0,1,1,2025-07-22
7207,location 124,0,severity_type 2,resource_type 2,2,2,6,6,23,3.8333333333333335,7,2,2025-02-24
2560,location 478,0,severity_type 2,resource_type 2,2,2,10,10,131,13.1,38,1,2025-08-20
5935,location 504,0,severity_type 2,resource_type 2,2,2,2,2,15,7.5,10,5,2025-11-03
17817,location 116,0,severity_type 1,resource_type 2,3,3,4,4,5,1.25,2,1,2025-02-08
6081,location 704,0,severity_type 1,resource_type 8,1,1,2,2,2,1.0,1,1,2025-09-22
1244,location 276,1,severity_type 2,resource_type 2,2,2,4,4,4,1.0,1,1,2025-02-21
784,location 445,0,severity_type 2,resource_type 2,2,2,2,2,23,11.5,12,11,2025-10-01
5703,location 846,2,severity_type 1,resource_type 8,2,2,2,2,22,11.0,12,10,2025-06-02
4848,location 1,0,severity_type 1,resource_type 8,2,2,5,5,35,7.0,16,2,2025-01-03
5634,location 1075,1,severity_type 2,resource_type 8,1,1,2,2,7,3.5,6,1,2025-12-19
16696,location 793,0,severity_type 1,resource_type 8,1,1,3,3,79,26.33333333333333,57,1,2025-03-02
12619,location 326,0,severity_type 4,resource_type 2,1,1,1,1,1,1.0,1,1,2025-08-06
15671,location 252,1,severity_type 2,resource_type 2,2,2,2,2,2,1.0,1,1,2025-03-08
12676,location 519,0,severity_type 2,resource_type 2,2,2,4,4,4,1.0,1,1,2025-12-07
18093,location 1083,1,severity_type 1,resource_type 8,1,1,1,1,1,1.0,1,1,2025-09-27
11855,location 972,1,severity_type 2,resource_type 7,3,3,5,5,6,1.2,2,1,2025-10-21
1456,location 1048,0,severity_type 1,resource_type 8,1,1,3,3,1041,347.0,636,104,2025-06-07
17460,location 1100,1,severity_type 1,resource_type 8,2,2,5,5,103,20.6,97,1,2025-06-20
12099,location 957,0,severity_type 1,resource_type 8,2,2,2,2,3,1.5,2,1,2025-08-20
274,location 244,0,severity_type 2,resource_type 2,2,2,2,2,88,44.0,45,43,2025-10-14
105,location 376,1,severity_type 2,resource_type 2,2,2,7,7,10,1.4285714285714286,2,1,2025-11-06
13301,location 1046,0,severity_type 1,resource_type 8,2,2,3,3,4,1.3333333333333333,2,1,2025-01-07
12782,location 821,2,severity_type 2,resource_type 8,1,1,1,1,2,2.0,2,2,2025-08-31
8928,location 324,0,severity_type 2,resource_type 2,2,2,6,6,6,1.0,1,1,2025-02-09
11604,location 847,0,severity_type 1,resource_type 2,1,1,2,2,2,1.0,1,1,2025-04-16
16445,location 709,0,severity_type 1,resource_type 8,1,1,1,1,1,1.0,1,1,2025-10-30
16694,location 810,1,severity_type 1,resource_type 8,2,2,2,2,6,3.0,4,2,2025-04-02
646,location 484,0,severity_type 2,resource_type 2,2,2,6,6,44,7.333333333333333,19,1,2025-10-18
11171,location 894,0,severity_type 1,resource_type 2,3,3,6,6,28,4.666666666666667,8,2,2025-06-18
18228,location 684,2,severity_type 1,resource_type 8,2,2,3,3,57,19.0,33,1,2025-03-26
1104,location 760,1,severity_type 1,resource_type 8,3,3,6,6,64,10.666666666666666,37,1,2025-05-02
16966,location 230,0,severity_type 2,resource_type 8,3,3,9,9,9,1.0,1,1,2025-07-13
16874,location 1099,0,severity_type 1,resource_type 8,1,1,2,2,31,15.5,18,13,2025-10-07
18127,location 943,1,severity_type 1,resource_type 8,1,1,3,3,3,1.0,1,1,2025-08-10
1205,location 242,0,severity_type 2,resource_type 2,2,2,6,6,279,46.5,68,33,2025-12-07
3172,location 122,0,severity_type 2,resource_type 2,2,2,8,8,49,6.125,9,2,2025-11-13
18535,location 133,0,severity_type 2,resource_type 2,2,2,5,5,6,1.2,2,1,2025-10-02
8729,location 734,1,severity_type 1,resource_type 8,2,2,5,5,39,7.8,34,1,2025-08-09
3384,location 9,0,severity_type 1,resource_type 8,2,2,3,3,234,78.0,180,1,2025-04-16
7640,location 998,0,severity_type 1,resource_type 8,1,1,1,1,1,1.0,1,1,2025-05-31
7007,location 1049,0,severity_type 1,resource_type 8,1,1,2,2,2,1.0,1,1,2025-02-13
11469,location 229,0,severity_type 1,resource_type 2,3,3,10,10,19,1.9,3,1,2025-05-17
16837,location 1065,1,severity_type 1,resource_type 8,1,1,1,1,1,1.0,1,1,2025-12-05
17237,location 878,0,severity_type 1,resource_type 8,1,1,1,1,1,1.0,1,1,2025-06-05
19,location 644,1,severity_type 1,resource_type 2,2,2,4,4,7,1.75,3,1,2025-02-11
14290,location 249,0,severity_type 1,resource_type 2,3,3,4,4,4,1.0,1,1,2025-08-26
6761,location 321,0,severity_type 1,resource_type 2,2,2,2,2,3,1.5,2,1,2025-12-18
15850,location 100,0,severity_type 2,resource_type 2,2,2,4,4,31,7.75,13,2,2025-11-13
16249,location 126,0,severity_type 2,resource_type 2,2,2,4,4,24,6.0,7,5,2025-04-11
11170,location 322,0,severity_type 4,resource_type 2,1,1,1,1,1,1.0,1,1,2025-06-15
9380,location 618,1,severity_type 1,resource_type 8,1,1,2,2,2,1.0,1,1,2025-07-13
1790,location 148,0,severity_type 2,resource_type 2,1,1,2,2,2,1.0,1,1,2025-04-01
14735,location 1075,2,severity_type 1,resource_type 8,2,2,2,2,31,15.5,20,11,2025-04-09
14241,location 57,1,severity_type 1,resource_type 8,1,1,2,2,2,1.0,1,1,2025-03-28
5689,location 91,0,severity_type 2,resource_type 2,2,2,2,2,220,110.0,148,72,2025-12-30
14799,location 462,1,severity_type 2,resource_type 8,1,1,2,2,2,1.0,1,1,2025-09-30
15037,location 790,0,severity_type 1,resource_type 2,1,1,2,2,2,1.0,1,1,2025-11-03
17745,location 1008,1,severity_type 2,resource_type 8,1,1,1,1,1,1.0,1,1,2025-10-26
874,location 1100,2,severity_type 1,resource_type 8,2,2,2,2,157,78.5,115,42,2025-12-17
11724,location 707,0,severity_type 2,resource_type 8,1,1,1,1,2,2.0,2,2,2025-02-08
12109,location 662,0,severity_type 1,resource_type 2,2,2,2,2,3,1.5,2,1,2025-11-18
2589,location 679,1,severity_type 1,resource_type 8,1,1,2,2,16,8.0,8,8,2025-01-25
1619,location 533,0,severity_type 1,resource_type 9,4,4,4,4,7,1.75,2,1,2025-06-23
9224,location 658,0,severity_type 1,resource_type 8,1,1,2,2,2,1.0,1,1,2025-08-05
6197,location 1117,0,severity_type 2,resource_type 8,1,1,2,2,2,1.0,1,1,2025-05-11
6643,location 51,1,severity_type 1,resource_type 8,2,2,3,3,3,1.0,1,1,2025-02-23
14544,location 1125,1,severity_type 1,resource_type 2,1,1,2,2,2,1.0,1,1,2025-03-12
14337,location 1109,0,severity_type 1,resource_type 2,1,1,2,2,2,1.0,1,1,2025-10-29
16159,location 135,0,severity_type 2,resource_type 2,2,2,4,4,48,12.0,24,1,2025-04-27
12623,location 297,0,severity_type 4,resource_type 2,1,1,1,1,2,2.0,2,2,2025-04-24
11193,location 897,1,severity_type 1,resource_type 2,4,4,6,6,7,1.1666666666666667,2,1,2025-12-04
10700,location 498,0,severity_type 2,resource_type 2,2,2,2,2,2,1.0,1,1,2025-02-22
1264,location 808,0,severity_type 1,resource_type 2,3,3,6,6,21,3.5,10,1,2025-12-01
18386,location 526,0,severity_type 2,resource_type 2,2,2,4,4,18,4.5,6,3,2025-12-03
5364,location 504,0,severity_type 2,resource_type 2,2,2,13,13,86,6.615384615384615,14,1,2025-08-07
16123,location 603,0,severity_type 1,resource_type 8,1,1,2,2,2,1.0,1,1,2025-03-02
6111,location 599,1,severity_type 2,resource_type 8,1,1,2,2,31,15.5,29,2,2025-02-26
7607,location 810,2,severity_type 1,resource_type 8,3,3,4,4,57,14.25,41,2,2025-04-14
14830,location 619,1,severity_type 1,resource_type 8,1,1,2,2,4,2.0,2,2,2025-07-30
12961,location 1061,2,severity_type 1,resource_type 8,2,2,3,3,25,8.333333333333334,10,6,2025-02-26
16230,location 9,0,severity_type 1,resource_type 8,2,2,1,1,4,4.0,4,4,2025-06-16
8174,location 760,1,severity_type 1,resource_type 8,2,2,1,1,3,3.0,3,3,2025-02-12
15369,location 1052,0,severity_type 2,resource_type 8,1,1,3,3,15,5.0,12,1,2025-07-17
4558,location 122,0,severity_type 2,resource_type 2,2,2,6,6,181,30.166666666666668,66,4,2025-01-08
12259,location 707,0,severity_type 2,resource_type 8,2,2,4,4,5,1.25,2,1,2025-09-16
14532,location 805,0,severity_type 1,resource_type 8,1,1,1,1,3,3.0,3,3,2025-01-21
6004,location 124,0,severity_type 2,resource_type 2,2,2,7,7,35,5.0,8,1,2025-03-13
12646,location 380,0,severity_type 2,resource_type 2,2,2,2,2,6,3.0,4,2,2025-03-05
8685,location 159,0,severity_type 2,resource_type 2,2,2,2,2,10,5.0,5,5,2025-10-31
11183,location 477,0,severity_type 1,resource_type 8,1,1,2,2,2,1.0,1,1,2025-01-20
8953,location 108,1,severity_type 2,resource_type 2,2,2,2,2,2,1.0,1,1,2025-06-06
17491,location 691,0,severity_type 2,resource_type 7,2,2,2,2,6,3.0,4,2,2025-08-04
13130,location 496,0,severity_type 2,resource_type 2,2,2,10,10,332,33.2,97,1,2025-07-08
14740,location 814,0,severity_type 2,resource_type 8,1,1,1,1,5,5.0,5,5,2025-09-06
532,location 1090,0,severity_type 1,resource_type 8,1,1,2,2,2,1.0,1,1,2025-10-21
13907,location 765,1,severity_type 2,resource_type 8,1,1,3,3,3,1.0,1,1,2025-05-24
18363,location 609,1,severity_type 1,resource_type 8,2,2,4,4,32,8.0,14,4,2025-10-30
10422,location 584,0,severity_type 2,resource_type 8,1,1,1,1,1,1.0,1,1,2025-04-27
6041,location 600,0,severity_type 2,resource_type 8,1,1,2,2,103,51.5,62,41,2025-12-26
8590,location 897,2,severity_type 1,resource_type 2,9,9,15,15,66,4.4,14,1,2025-07-04
17319,location 455,0,severity_type 2,resource_type 2,2,2,2,2,30,15.0,15,15,2025-09-26
14844,location 790,1,severity_type 1,resource_type 8,2,2,4,4,10,2.5,4,1,2025-11-16
6719,location 845,2,severity_type 2,resource_type 8,1,1,2,2,18,9.0,14,4,2025-10-17
417,location 856,1,severity_type 2,resource_type 8,3,3,3,3,4,1.3333333333333333,2,1,2025-11-07
16552,location 1093,1,severity_type 1,resource_type 8,1,1,3,3,3,1.0,1,1,2025-07-15
2145,location 466,0,severity_type 2,resource_type 2,2,2,2,2,126,63.0,64,62,2025-01-16
13169,location 154,0,severity_type 1,resource_type 2,1,1,2,2,2,1.0,1,1,2025-06-29
15657,location 102,0,severity_type 2,resource_type 2,2,2,4,4,4,1.0,1,1,2025-03-08
17361,location 507,0,severity_type 2,resource_type 2,2,2,2,2,50,25.0,25,25,2025-11-21
17844,location 242,0,severity_type 2,resource_type 2,2,2,6,6,320,53.333333333333336,83,30,2025-03-28
16368,location 126,0,severity_type 2,resource_type 2,2,2,6,6,55,9.166666666666666,16,6,2025-03-25
4652,location 810,0,severity_type 2,resource_type 8,1,1,1,1,4,4.0,4,4,2025-04-02
4238,location 931,0,severity_type 2,resource_type 8,1,1,2,2,6,3.0,3,3,2025-08-23
7490,location 834,2,severity_type 1,resource_type 8,2,2,4,4,31,7.75,20,2,2025-07-28
8847,location 962,0,severity_type 2,resource_type 8,1,1,1,1,12,12.0,12,12,2025-12-13
11995,location 896,0,severity_type 1,resource_type 2,4,4,7,7,19,2.7142857142857144,4,1,2025-06-01
7139,location 493,0,severity_type 2,resource_type 2,2,2,2,2,4,2.0,2,2,2025-04-14
6002,location 477,0,severity_type 2,resource_type 2,2,2,4,4,110,27.5,38,16,2025-01-18
14402,location 830,0,severity_type 1,resource_type 8,1,1,1,1,1,1.0,1,1,2025-01-03
14409,location 793,0,severity_type 1,resource_type 8,1,1,2,2,76,38.0,67,9,2025-05-17
1098,location 891,0,severity_type 1,resource_type 8,1,1,2,2,8,4.0,4,4,2025-12-04
12774,location 278,1,severity_type 2,resource_type 2,3,3,8,8,9,1.125,2,1,2025-07-11
5249,location 704,2,severity_type 2,resource_type 8,1,1,3,3,93,31.0,50,2,2025-11-23
1382,location 1019,2,severity_type 2,resource_type 8,1,1,2,2,11,5.5,6,5,2025-02-07
15226,location 130,1,severity_type 1,resource_type 2,1,1,2,2,2,1.0,1,1,2025-02-04
94,location 1111,2,severity_type 1,resource_type 8,1,1,3,3,12,4.0,9,1,2025-11-01
9591,location 398,0,severity_type 4,resource_type 2,1,1,1,1,1,1.0,1,1,2025-02-08
11886,location 754,0,severity_type 1,resource_type 8,1,1,2,2,3,1.5,2,1,2025-01-19
1621,location 1020,1,severity_type 1,resource_type 8,1,1,1,1,1,1.0,1,1,2025-05-28
810,location 1025,0,severity_type 4,resource_type 2,1,1,2,2,4,2.0,2,2,2025-12-04
8536,location 161,1,severity_type 2,resource_type 2,2,2,4,4,4,1.0,1,1,2025-09-09
3169,location 300,1,severity_type 2,resource_type 2,2,2,5,5,7,1.4,2,1,2025-02-06
6788,location 926,2,severity_type 1,resource_type 2,2,2,5,5,48,9.6,34,1,2025-11-02
3111,location 681,0,severity_type 1,resource_type 8,1,1,2,2,16,8.0,8,8,2025-11-04
4080,location 62,1,severity_type 1,resource_type 2,1,1,2,2,2,1.0,1,1,2025-10-20
18193,location 442,1,severity_type 2,resource_type 2,2,2,4,4,4,1.0,1,1,2025-11-26
16218,location 807,1,severity_type 1,resource_type 8,1,1,6,6,60,10.0,28,1,2025-03-29
4246,location 282,0,severity_type 4,resource_type 2,1,1,2,2,2,1.0,1,1,2025-12-24
14125,location 699,0,severity_type 1,resource_type 8,1,1,1,1,1,1.0,1,1,2025-04-28
821,location 1008,1,severity_type 2,resource_type 8,1,1,3,3,35,11.666666666666666,33,1,2025-10-20
13006,location 337,0,severity_type 4,resource_type 2,1,1,1,1,2,2.0,2,2,2025-07-31
18173,location 822,0,severity_type 1,resource_type 2,1,1,2,2,2,1.0,1,1,2025-10-12
11276,location 962,0,severity_type 2,resource_type 8,1,1,2,2,20,10.0,14,6,2025-08-18
10371,location 496,0,severity_type 2,resource_type 2,2,2,8,8,355,44.375,118,1,2025-08-23
9261,location 495,0,severity_type 2,resource_type 2,2,2,18,18,452,25.11111111111111,110,1,2025-08-13
18297,location 1061,0,severity_type 2,resource_type 8,1,1,2,2,5,2.5,4,1,2025-10-12
912,location 1090,1,severity_type 1,resource_type 8,1,1,2,2,6,3.0,4,2,2025-09-27
7579,location 1050,1,severity_type 1,resource_type 6,1,1,2,2,2,1.0,1,1,2025-02-19
10263,location 236,1,severity_type 2,resource_type 2,2,2,6,6,40,6.666666666666667,18,1,2025-10-29
18391,location 810,0,severity_type 1,resource_type 8,2,2,2,2,36,18.0,34,2,2025-07-15
16015,location 823,1,severity_type 1,resource_type 8,2,2,2,2,35,17.5,20,15,2025-04-28
17938,location 122,0,severity_type 2,resource_type 2,2,2,6,6,21,3.5,8,1,2025-07-07
2894,location 934,0,severity_type 1,resource_type 2,1,1,1,1,1,1.0,1,1,2025-12-19
6648,location 1008,0,severity_type 2,resource_type 8,1,1,1,1,3,3.0,3,3,2025-11-10
11137,location 603,2,severity_type 1,resource_type 8,1,1,1,1,1,1.0,1,1,2025-11-01
17054,location 149,0,severity_type 2,resource_type 2,2,2,8,8,75,9.375,25,4,2025-06-18
6495,location 984,0,severity_type 2,resource_type 8,1,1,3,3,10,3.333333333333333,4,3,2025-10-14
10070,location 126,0,severity_type 2,resource_type 2,2,2,7,7,14,2.0,4,1,2025-05-21
11029,location 1054,1,severity_type 2,resource_type 8,1,1,2,2,2,1.0,1,1,2025-09-08
16043,location 495,0,severity_type 2,resource_type 2,2,2,2,2,25,12.5,13,12,2025-08-22
12529,location 534,0,severity_type 1,resource_type 3,3,3,5,5,13,2.6,6,1,2025-04-02
9536,location 420,1,severity_type 2,resource_type 2,2,2,2,2,6,3.0,3,3,2025-04-08
5281,location 645,0,severity_type 1,resource_type 2,2,2,2,2,543,271.5,273,270,2025-01-23
14815,location 13,0,severity_type 1,resource_type 8,1,1,2,2,4,2.0,3,1,2025-02-21
11651,location 102,1,severity_type 2,resource_type 2,2,2,4,4,4,1.0,1,1,2025-06-08
6697,location 700,0,severity_type 2,resource_type 8,1,1,1,1,1,1.0,1,1,2025-06-24
488,location 400,0,severity_type 4,resource_type 2,1,1,1,1,2,2.0,2,2,2025-03-02
9228,location 760,1,severity_type 4,resource_type 2,1,1,2,2,12,6.0,7,5,2025-06-02
6298,location 600,2,severity_type 2,resource_type 8,1,1,2,2,101,50.5,65,36,2025-08-09
12674,location 128,0,severity_type 2,resource_type 2,2,2,2,2,2,1.0,1,1,2025-03-26
18262,location 278,0,severity_type 1,resource_type 2,3,3,4,4,4,1.0,1,1,2025-05-04
3569,location 983,1,severity_type 1,resource_type 8,1,1,1,1,1,1.0,1,1,2025-05-15
17870,location 473,0,severity_type 2,resource_type 2,2,2,4,4,8,2.0,4,1,2025-07-04
2074,location 507,0,severity_type 2,resource_type 2,2,2,2,2,33,16.5,17,16,2025-05-14
16700,location 821,2,severity_type 1,resource_type 8,2,2,6,6,66,11.0,35,1,2025-09-26
8286,location 375,1,severity_type 2,resource_type 2,2,2,2,2,76,38.0,40,36,2025-04-30
6739,location 691,0,severity_type 2,resource_type 8,3,3,7,7,22,3.142857142857143,8,1,2025-06-08
13417,location 613,0,severity_type 1,resource_type 8,3,3,3,3,4,1.3333333333333333,2,1,2025-05-19
12365,location 682,0,severity_type 1,resource_type 8,1,1,2,2,8,4.0,4,4,2025-03-08
6966,location 918,1,severity_type 1,resource_type 8,1,1,2,2,6,3.0,3,3,2025-09-08
6572,location 1048,0,severity_type 2,resource_type 8,1,1,2,2,2,1.0,1,1,2025-03-27
8558,location 834,0,severity_type 1,resource_type 8,2,2,3,3,12,4.0,10,1,2025-04-19
11860,location 468,0,severity_type 1,resource_type 2,3,3,5,5,14,2.8,6,1,2025-10-17
15193,location 964,0,severity_type 1,resource_type 8,1,1,2,2,2,1.0,1,1,2025-12-13
17502,location 1024,0,severity_type 1,resource_type 8,1,1,3,3,30,10.0,21,3,2025-09-02
13120,location 288,0,severity_type 1,resource_type 8,3,3,6,6,7,1.1666666666666667,2,1,2025-12-01
17275,location 175,1,severity_type 2,resource_type 8,1,1,2,2,2,1.0,1,1,2025-11-08
16879,location 695,0,severity_type 1,resource_type 8,1,1,2,2,4,2.0,2,2,2025-06-25
18392,location 418,1,severity_type 2,resource_type 2,2,2,2,2,4,2.0,3,1,2025-10-09
11333,location 328,0,severity_type 2,resource_type 2,2,2,5,5,5,1.0,1,1,2025-04-30
16107,location 808,0,severity_type 1,resource_type 2,3,3,3,3,3,1.0,1,1,2025-06-18
2054,location 147,0,severity_type 2,resource_type 2,2,2,6,6,11,1.8333333333333333,2,1,2025-07-15
6395,location 100,0,severity_type 2,resource_type 2,2,2,4,4,9,2.25,3,2,2025-12-17
14049,location 500,0,severity_type 2,resource_type 2,2,2,4,4,6,1.5,2,1,2025-11-06
10894,location 128,0,severity_type 2,resource_type 2,2,2,3,3,6,2.0,3,1,2025-06-28
6591,location 1065,1,severity_type 1,resource_type 8,1,1,2,2,4,2.0,2,2,2025-08-27
11403,location 976,0,severity_type 2,resource_type 8,1,1,1,1,7,7.0,7,7,2025-03-15
18213,location 849,0,severity_type 1,resource_type 8,1,1,2,2,6,3.0,4,2,2025-10-21
1691,location 518,0,severity_type 2,resource_type 2,2,2,12,12,139,11.583333333333334,47,1,2025-07-21
13032,location 879,0,severity_type 1,resource_type 8,1,1,2,2,3,1.5,2,1,2025-07-14
13322,location 1076,0,severity_type 2,resource_type 8,1,1,1,1,2,2.0,2,2,2025-10-07
1974,location 1037,0,severity_type 2,resource_type 8,1,1,1,1,1,1.0,1,1,2025-08-20
8387,location 328,0,severity_type 4,resource_type 2,1,1,1,1,1,1.0,1,1,2025-01-27
9942,location 255,0,severity_type 2,resource_type 2,2,2,2,2,35,17.5,18,17,2025-04-16
9577,location 957,0,severity_type 1,resource_type 8,1,1,2,2,6,3.0,4,2,2025-03-06
5904,location 135,0,severity_type 2,resource_type 2,2,2,6,6,73,12.166666666666666,24,3,2025-09-26
7456,location 262,0,severity_type 1,resource_type 2,3,3,4,4,4,1.0,1,1,2025-01-13
14265,location 945,0,severity_type 1,resource_type 8,1,1,4,4,7,1.75,2,1,2025-03-15
17219,location 476,0,severity_type 2,resource_type 2,2,2,2,2,7,3.5,5,2,2025-08-07
1086,location 1093,0,severity_type 1,resource_type 8,1,1,1,1,2,2.0,2,2,2025-09-11
17788,location 296,0,severity_type 2,resource_type 2,2,2,4,4,6,1.5,2,1,2025-07-03
5336,location 498,0,severity_type 2,resource_type 2,2,2,7,7,50,7.142857142857143,26,1,2025-11-11
1314,location 810,0,severity_type 2,resource_type 8,1,1,2,2,17,8.5,12,5,2025-12-02
7208,location 845,0,severity_type 2,resource_type 8,1,1,1,1,4,4.0,4,4,2025-02-18
10998,location 9,0,severity_type 1,resource_type 8,3,3,2,2,50,25.0,30,20,2025-12-14
2143,location 794,0,severity_type 1,resource_type 8,2,2,2,2,3,1.5,2,1,2025-08-13
1164,location 794,2,severity_type 1,resource_type 4,4,4,10,10,140,14.0,63,2,2025-08-21
6471,location 894,2,severity_type 1,resource_type 2,3,3,6,6,239,39.833333333333336,55,14,2025-02-04
9099,location 798,0,severity_type 2,resource_type 8,1,1,1,1,26,26.0,26,26,2025-08-15
13296,location 999,1,severity_type 1,resource_type 8,1,1,1,1,1,1.0,1,1,2025-09-22
978,location 802,1,severity_type 2,resource_type 4,3,3,3,3,5,1.6666666666666667,2,1,2025-07-31
3645,location 243,0,severity_type 2,resource_type 2,2,2,6,6,6,1.0,1,1,2025-01-31
4802,location 296,1,severity_type 2,resource_type 2,2,2,3,3,3,1.0,1,1,2025-07-10
10027,location 684,1,severity_type 1,resource_type 8,2,2,4,4,79,19.75,62,3,2025-12-08
1022,location 767,2,severity_type 1,resource_type 8,2,2,4,4,12,3.0,4,1,2025-09-22
11848,location 892,0,severity_type 1,resource_type 2,3,3,8,8,407,50.875,96,15,2025-02-20
15419,location 278,0,severity_type 4,resource_type 2,1,1,1,1,1,1.0,1,1,2025-12-17
3058,location 240,0,severity_type 2,resource_type 2,2,2,3,3,3,1.0,1,1,2025-12-16
7001,location 600,2,severity_type 2,resource_type 8,1,1,2,2,29,14.5,20,9,2025-03-03
8160,location 721,0,severity_type 1,resource_type 8,1,1,4,4,20,5.0,9,1,2025-10-20
14414,location 1086,2,severity_type 1,resource_type 8,3,3,4,4,17,4.25,8,1,2025-05-29
8415,location 546,1,severity_type 2,resource_type 8,1,1,2,2,4,2.0,2,2,2025-08-05
12471,location 171,0,severity_type 1,resource_type 2,2,2,3,3,3,1.0,1,1,2025-06-12
11077,location 281,0,severity_type 2,resource_type 2,2,2,4,4,4,1.0,1,1,2025-10-13
7847,location 931,0,severity_type 2,resource_type 8,1,1,2,2,3,1.5,2,1,2025-12-30
6851,location 126,0,severity_type 2,resource_type 2,2,2,8,8,159,19.875,53,7,2025-10-18
4852,location 1099,0,severity_type 1,resource_type 8,1,1,6,6,15,2.5,6,1,2025-12-06
3982,location 116,0,severity_type 1,resource_type 2,2,2,2,2,2,1.0,1,1,2025-12-12
8727,location 885,0,severity_type 2,resource_type 8,1,1,3,3,7,2.333333333333333,4,1,2025-02-02
10683,location 484,0,severity_type 2,resource_type 2,2,2,2,2,4,2.0,2,2,2025-04-03
9412,location 404,1,severity_type 2,resource_type 2,2,2,5,5,6,1.2,2,1,2025-09-21
6288,location 999,1,severity_type 1,resource_type 8,1,1,2,2,3,1.5,2,1,2025-08-04
18012,location 584,0,severity_type 2,resource_type 8,1,1,2,2,2,1.0,1,1,2025-01-19
6261,location 477,0,severity_type 2,resource_type 2,2,2,6,6,53,8.833333333333334,26,1,2025-02-04
8481,location 1103,1,severity_type 1,resource_type 1,2,2,3,3,4,1.3333333333333333,2,1,2025-07-09
7926,location 469,0,severity_type 2,resource_type 2,2,2,10,10,71,7.1,25,1,2025-08-13
8789,location 1052,2,severity_type 1,resource_type 8,2,2,3,3,28,9.333333333333334,14,2,2025-03-03
2542,location 984,1,severity_type 1,resource_type 6,1,1,1,1,1,1.0,1,1,2025-03-04
3571,location 821,1,severity_type 1,resource_type 8,2,2,4,4,23,5.75,13,2,2025-02-17
5602,location 707,0,severity_type 2,resource_type 9,2,2,2,2,5,2.5,4,1,2025-07-26
570,location 1089,0,severity_type 1,resource_type 8,1,1,2,2,3,1.5,2,1,2025-01-03
18452,location 457,0,severity_type 2,resource_type 2,2,2,6,6,44,7.333333333333333,14,4,2025-07-28
10478,location 1119,2,severity_type 1,resource_type 8,1,1,5,5,50,10.0,36,1,2025-06-23
9793,location 344,0,severity_type 2,resource_type 2,2,2,2,2,24,12.0,12,12,2025-06-20
7516,location 276,1,severity_type 2,resource_type 2,1,1,2,2,2,1.0,1,1,2025-09-05
15506,location 686,0,severity_type 1,resource_type 7,4,4,6,6,19,3.1666666666666665,8,1,2025-07-10
4969,location 1117,0,severity_type 2,resource_type 8,1,1,2,2,2,1.0,1,1,2025-09-23
11738,location 1107,1,severity_type 1,resource_type 8,3,3,6,6,51,8.5,30,1,2025-10-06
9037,location 473,0,severity_type 2,resource_type 2,2,2,4,4,7,1.75,3,1,2025-12-02
2180,location 12,1,severity_type 1,resource_type 8,2,2,2,2,3,1.5,2,1,2025-10-19
4831,location 876,0,severity_type 1,resource_type 8,1,1,4,4,15,3.75,5,2,2025-07-08
4524,location 810,0,severity_type 1,resource_type 8,3,3,2,2,14,7.0,11,3,2025-06-29
897,location 373,0,severity_type 2,resource_type 2,2,2,4,4,158,39.5,61,23,2025-03-28
11590,location 635,0,severity_type 1,resource_type 2,1,1,2,2,2,1.0,1,1,2025-08-07
16275,location 613,2,severity_type 1,resource_type 8,2,2,2,2,48,24.0,40,8,2025-02-20
6421,location 834,0,severity_type 1,resource_type 8,2,2,4,4,45,11.25,21,3,2025-12-06
12977,location 91,0,severity_type 2,resource_type 2,2,2,5,5,671,134.2,335,3,2025-11-05
10389,location 124,0,severity_type 2,resource_type 2,2,2,6,6,22,3.6666666666666665,6,2,2025-02-13
716,location 895,2,severity_type 1,resource_type 2,3,3,5,5,20,4.0,4,4,2025-10-14
3821,location 643,0,severity_type 4,resource_type 2,1,1,1,1,2,2.0,2,2,2025-02-12
9584,location 500,0,severity_type 2,resource_type 2,2,2,5,5,6,1.2,2,1,2025-09-21
18110,location 644,2,severity_type 1,resource_type 2,2,2,4,4,28,7.0,9,5,2025-02-02
2184,location 1014,0,severity_type 1,resource_type 6,3,3,8,8,27,3.375,8,1,2025-06-28
4253,location 1104,0,severity_type 2,resource_type 8,1,1,1,1,1,1.0,1,1,2025-08-29
149,location 504,0,severity_type 2,resource_type 2,2,2,6,6,11,1.8333333333333333,2,1,2025-09-24
18163,location 480,0,severity_type 2,resource_type 2,2,2,4,4,115,28.75,34,26,2025-06-02
17847,location 122,0,severity_type 2,resource_type 2,2,2,6,6,17,2.833333333333333,4,1,2025-12-03
14558,location 1107,1,severity_type 1,resource_type 8,2,2,6,6,57,9.5,24,1,2025-10-10
16573,location 733,0,severity_type 1,resource_type 2,1,1,1,1,1,1.0,1,1,2025-03-18
18039,location 691,1,severity_type 2,resource_type 8,3,3,7,7,67,9.571428571428571,32,1,2025-09-02
1428,location 921,1,severity_type 1,resource_type 8,1,1,1,1,1,1.0,1,1,2025-09-24
13919,location 1083,0,severity_type 2,resource_type 8,1,1,1,1,3,3.0,3,3,2025-05-02
5775,location 763,1,severity_type 2,resource_type 8,1,1,4,4,16,4.0,8,1,2025-09-27
12068,location 899,0,severity_type 1,resource_type 2,1,1,2,2,2,1.0,1,1,2025-11-24
2596,location 244,0,severity_type 2,resource_type 2,2,2,2,2,56,28.0,33,23,2025-10-26
15036,location 895,0,severity_type 1,resource_type 2,4,4,6,6,6,1.0,1,1,2025-10-06
13999,location 846,0,severity_type 2,resource_type 8,1,1,1,1,1,1.0,1,1,2025-08-20
3182,location 157,0,severity_type 2,resource_type 2,2,2,2,2,9,4.5,5,4,2025-04-09
18498,location 892,0,severity_type 1,resource_type 2,3,3,5,5,19,3.8,4,3,2025-10-18
2860,location 798,1,severity_type 2,resource_type 8,1,1,2,2,11,5.5,8,3,2025-05-13
6724,location 707,0,severity_type 1,resource_type 8,2,2,2,2,6,3.0,3,3,2025-07-14
5413,location 845,2,severity_type 2,resource_type 8,1,1,3,3,72,24.0,63,4,2025-04-25
1716,location 1008,1,severity_type 2,resource_type 8,1,1,4,4,45,11.25,35,1,2025-04-25
1699,location 498,0,severity_type 2,resource_type 2,2,2,8,8,168,21.0,50,2,2025-02-27
7576,location 627,0,severity_type 2,resource_type 8,3,3,6,6,21,3.5,8,1,2025-12-17
14634,location 145,1,severity_type 2,resource_type 2,2,2,4,4,8,2.0,3,1,2025-02-23
11523,location 298,0,severity_type 4,resource_type 2,1,1,1,1,1,1.0,1,1,2025-02-01
18341,location 498,0,severity_type 2,resource_type 2,2,2,2,2,29,14.5,17,12,2025-12-08
16010,location 891,0,severity_type 1,resource_type 8,1,1,2,2,55,27.5,32,23,2025-07-22
12862,location 1052,1,severity_type 2,resource_type 8,1,1,2,2,12,6.0,6,6,2025-06-09
1492,location 755,0,severity_type 2,resource_type 8,1,1,2,2,2,1.0,1,1,2025-09-27
12573,location 805,0,severity_type 1,resource_type 8,1,1,2,2,3,1.5,2,1,2025-05-20
9422,location 126,0,severity_type 2,resource_type 2,2,2,8,8,39,4.875,9,1,2025-02-16
9444,location 846,0,severity_type 2,resource_type 8,1,1,1,1,20,20.0,20,20,2025-09-24
1646,location 1111,0,severity_type 1,resource_type 8,1,1,2,2,6,3.0,4,2,2025-03-06
1447,location 642,1,severity_type 1,resource_type 2,3,3,4,4,8,2.0,3,1,2025-07-21
14855,location 363,0,severity_type 2,resource_type 2,2,2,5,5,5,1.0,1,1,2025-12-13
8602,location 497,0,severity_type 2,resource_type 2,2,2,6,6,353,58.833333333333336,149,1,2025-12-08
6700,location 480,0,severity_type 2,resource_type 2,2,2,4,4,92,23.0,27,19,2025-05-12
9205,location 714,0,severity_type 2,resource_type 8,1,1,1,1,1,1.0,1,1,2025-10-12
8176,location 809,0,severity_type 2,resource_type 8,1,1,1,1,2,2.0,2,2,2025-08-12
8376,location 496,0,severity_type 2,resource_type 2,2,2,2,2,2,1.0,1,1,2025-06-24
12353,location 1042,0,severity_type 2,resource_type 8,1,1,1,1,26,26.0,26,26,2025-02-21
14661,location 1019,0,severity_type 1,resource_type 8,1,1,1,1,1,1.0,1,1,2025-05-18
14212,location 1089,2,severity_type 1,resource_type 8,1,1,4,4,58,14.5,53,1,2025-08-26
6694,location 995,1,severity_type 1,resource_type 8,2,2,4,4,13,3.25,8,1,2025-12-27
385,location 1107,1,severity_type 1,resource_type 8,2,2,4,4,42,10.5,23,2,2025-01-02
13113,location 803,0,severity_type 1,resource_type 8,1,1,4,4,5,1.25,2,1,2025-09-19
7670,location 504,0,severity_type 2,resource_type 2,2,2,3,3,9,3.0,5,1,2025-11-05
10675,location 798,2,severity_type 2,resource_type 8,1,1,2,2,28,14.0,25,3,2025-12-14
2221,location 1061,0,severity_type 2,resource_type 8,1,1,1,1,2,2.0,2,2,2025-06-04
7758,location 704,1,severity_type 2,resource_type 8,1,1,2,2,16,8.0,14,2,2025-02-13
11979,location 120,0,severity_type 2,resource_type 2,2,2,4,4,6,1.5,2,1,2025-04-09
1217,location 451,0,severity_type 2,resource_type 2,2,2,8,8,87,10.875,39,1,2025-11-07
16468,location 1010,0,severity_type 2,resource_type 8,1,1,2,2,3,1.5,2,1,2025-11-17
6061,location 638,0,severity_type 4,resource_type 2,2,2,2,2,6,3.0,3,3,2025-08-21
17735,location 846,1,severity_type 2,resource_type 8,1,1,2,2,15,7.5,13,2,2025-02-14
18275,location 380,0,severity_type 2,resource_type 2,2,2,2,2,4,2.0,3,1,2025-02-14
16407,location 584,0,severity_type 1,resource_type 8,1,1,2,2,3,1.5,2,1,2025-06-24
4042,location 476,0,severity_type 1,resource_type 8,3,3,12,12,18,1.5,3,1,2025-08-03
501,location 157,0,severity_type 2,resource_type 2,2,2,4,4,6,1.5,2,1,2025-01-12
9005,location 471,0,severity_type 2,resource_type 2,2,2,6,6,238,39.66666666666666,116,1,2025-09-08
4972,location 120,0,severity_type 1,resource_type 2,3,3,3,3,3,1.0,1,1,2025-07-18
8107,location 488,0,severity_type 2,resource_type 2,2,2,2,2,26,13.0,16,10,2025-01-05
13101,location 400,0,severity_type 2,resource_type 2,2,2,2,2,7,3.5,6,1,2025-02-04
14400,location 735,0,severity_type 2,resource_type 8,1,1,1,1,1,1.0,1,1,2025-06-15
11777,location 244,0,severity_type 2,resource_type 2,2,2,2,2,15,7.5,8,7,2025-09-21
9951,location 805,0,severity_type 1,resource_type 8,2,2,3,3,6,2.0,4,1,2025-10-29
7844,location 800,0,severity_type 1,resource_type 8,1,1,1,1,2,2.0,2,2,2025-06-07
10539,location 809,0,severity_type 1,resource_type 8,2,2,2,2,7,3.5,5,2,2025-04-18
11882,location 240,0,severity_type 2,resource_type 2,2,2,6,6,14,2.333333333333333,5,1,2025-12-20
16092,location 734,0,severity_type 1,resource_type 8,2,2,4,4,28,7.0,16,1,2025-06-17
2662,location 149,0,severity_type 1,resource_type 2,3,3,4,4,4,1.0,1,1,2025-04-26
11023,location 902,0,severity_type 1,resource_type 2,1,1,2,2,2,1.0,1,1,2025-06-11
4527,location 500,0,severity_type 4,resource_type 2,1,1,1,1,1,1.0,1,1,2025-01-05
1051,location 480,0,severity_type 2,resource_type 2,2,2,4,4,122,30.5,33,28,2025-04-21
14751,location 478,0,severity_type 2,resource_type 2,2,2,8,8,106,13.25,36,1,2025-07-08
9096,location 968,0,severity_type 1,resource_type 2,1,1,2,2,7,3.5,4,3,2025-12-02
14820,location 812,1,severity_type 1,resource_type 3,2,2,5,5,45,9.0,20,1,2025-09-27
15604,location 944,0,severity_type 1,resource_type 8,1,1,2,2,12,6.0,9,3,2025-10-13
13892,location 505,0,severity_type 2,resource_type 2,2,2,2,2,356,178.0,179,177,2025-07-18
2186,location 480,0,severity_type 2,resource_type 2,2,2,4,4,97,24.25,26,23,2025-02-10
9817,location 497,0,severity_type 2,resource_type 2,2,2,4,4,377,94.25,145,55,2025-05-23
15340,location 709,0,severity_type 1,resource_type 8,1,1,2,2,5,2.5,4,1,2025-12-30
15877,location 26,1,severity_type 4,resource_type 3,1,1,1,1,2,2.0,2,2,2025-01-17
2277,location 836,0,severity_type 1,resource_type 8,1,1,1,1,4,4.0,4,4,2025-11-17
15816,location 477,0,severity_type 2,resource_type 2,2,2,4,4,143,35.75,50,20,2025-09-07
11167,location 343,0,severity_type 4,resource_type 2,1,1,2,2,2,1.0,1,1,2025-04-14
4175,location 684,1,severity_type 2,resource_type 8,1,1,2,2,8,4.0,6,2,2025-10-11
15765,location 466,0,severity_type 2,resource_type 2,2,2,4,4,20,5.0,7,3,2025-11-02
3401,location 893,1,severity_type 1,resource_type 2,4,4,11,11,193,17.545454545454547,42,1,2025-01-16
1981,location 600,1,severity_type 2,resource_type 8,1,1,2,2,16,8.0,11,5,2025-02-08
15993,location 885,0,severity_type 1,resource_type 8,1,1,3,3,6,2.0,4,1,2025-08-31
5907,location 638,0,severity_type 1,resource_type 2,1,1,2,2,3,1.5,2,1,2025-12-31
18031,location 369,0,severity_type 2,resource_type 2,2,2,4,4,4,1.0,1,1,2025-01-09
4028,location 484,0,severity_type 2,resource_type 2,2,2,10,10,56,5.6,16,1,2025-08-31
6891,location 1063,0,severity_type 1,resource_type 8,1,1,2,2,5,2.5,4,1,2025-02-19
18227,location 126,0,severity_type 4,resource_type 2,1,1,2,2,2,1.0,1,1,2025-08-26
7951,location 1031,1,severity_type 1,resource_type 8,1,1,1,1,1,1.0,1,1,2025-08-16
12022,location 643,1,severity_type 1,resource_type 2,1,1,2,2,2,1.0,1,1,2025-02-03
12753,location 124,0,severity_type 2,resource_type 2,2,2,7,7,43,6.142857142857143,8,1,2025-09-06
12320,location 903,0,severity_type 2,resource_type 8,1,1,1,1,1,1.0,1,1,2025-11-24
5386,location 459,0,severity_type 2,resource_type 2,2,2,4,4,10,2.5,3,2,2025-11-12
14658,location 276,0,severity_type 1,resource_type 2,3,3,4,4,4,1.0,1,1,2025-01-11
622,location 856,1,severity_type 2,resource_type 8,3,3,4,4,4,1.0,1,1,2025-03-31
6988,location 408,1,severity_type 2,resource_type 2,2,2,6,6,27,4.5,5,3,2025-03-29
5537,location 1109,1,severity_type 1,resource_type 6,2,2,4,4,4,1.0,1,1,2025-06-15
17106,location 181,0,severity_type 2,resource_type 2,2,2,6,6,27,4.5,6,1,2025-02-22
13793,location 846,2,severity_type 2,resource_type 8,1,1,2,2,22,11.0,14,8,2025-11-08
193,location 979,0,severity_type 1,resource_type 2,1,1,2,2,2,1.0,1,1,2025-10-11
6059,location 335,1,severity_type 2,resource_type 2,2,2,4,4,4,1.0,1,1,2025-10-23
4272,location 115,0,severity_type 2,resource_type 2,2,2,2,2,4,2.0,2,2,2025-03-14
15383,location 846,1,severity_type 2,resource_type 8,1,1,2,2,4,2.0,2,2,2025-01-06
4934,location 931,0,severity_type 2,resource_type 8,1,1,2,2,2,1.0,1,1,2025-11-29
3646,location 175,1,severity_type 1,resource_type 2,2,2,4,4,5,1.25,2,1,2025-04-16
14240,location 983,1,severity_type 1,resource_type 8,2,2,2,2,3,1.5,2,1,2025-08-28
15303,location 810,0,severity_type 1,resource_type 8,2,2,4,4,6,1.5,2,1,2025-11-28
8487,location 721,1,severity_type 1,resource_type 8,1,1,2,2,2,1.0,1,1,2025-01-14
295,location 1050,1,severity_type 1,resource_type 6,1,1,3,3,3,1.0,1,1,2025-01-02
5259,location 1,0,severity_type 1,resource_type 8,3,3,4,4,5,1.25,2,1,2025-01-02
2118,location 379,0,severity_type 2,resource_type 2,2,2,4,4,6,1.5,2,1,2025-02-27
18539,location 147,0,severity_type 1,resource_type 2,3,3,5,5,5,1.0,1,1,2025-01-19
157,location 1072,0,severity_type 1,resource_type 8,1,1,2,2,6,3.0,4,2,2025-10-27
12651,location 1030,1,severity_type 1,resource_type 8,1,1,2,2,4,2.0,2,2,2025-08-10
900,location 819,1,severity_type 4,resource_type 8,1,1,2,2,3,1.5,2,1,2025-12-24
3681,location 157,0,severity_type 2,resource_type 2,2,2,2,2,8,4.0,4,4,2025-10-20
13970,location 845,2,severity_type 1,resource_type 8,2,2,2,2,50,25.0,28,22,2025-12-18
7779,location 763,2,severity_type 1,resource_type 8,2,2,2,2,59,29.5,44,15,2025-03-29
13880,location 618,1,severity_type 1,resource_type 8,2,2,3,3,5,1.6666666666666667,3,1,2025-04-16
14425,location 1038,1,severity_type 1,resource_type 8,1,1,2,2,4,2.0,2,2,2025-11-07
11781,location 1044,0,severity_type 1,resource_type 8,1,1,2,2,4,2.0,2,2,2025-03-31
7286,location 837,1,severity_type 1,resource_type 6,1,1,1,1,1,1.0,1,1,2025-01-21
10427,location 229,1,severity_type 1,resource_type 2,3,3,9,9,22,2.4444444444444446,3,2,2025-09-02
4303,location 477,0,severity_type 2,resource_type 2,2,2,4,4,21,5.25,11,1,2025-10-20
15913,location 1096,0,severity_type 1,resource_type 2,1,1,2,2,2,1.0,1,1,2025-12-20
616,location 885,1,severity_type 1,resource_type 8,1,1,4,4,14,3.5,11,1,2025-12-05
17051,location 964,0,severity_type 2,resource_type 8,1,1,1,1,1,1.0,1,1,2025-02-13
10167,location 373,0,severity_type 2,resource_type 2,2,2,4,4,64,16.0,27,7,2025-10-09
3566,location 518,0,severity_type 4,resource_type 2,1,1,2,2,6,3.0,4,2,2025-11-05
10457,location 49,0,severity_type 1,resource_type 2,1,1,1,1,1,1.0,1,1,2025-09-12
11166,location 848,0,severity_type 2,resource_type 8,1,1,1,1,1,1.0,1,1,2025-10-27
8099,location 242,0,severity_type 4,resource_type 2,1,1,1,1,1,1.0,1,1,2025-11-02
16791,location 744,1,severity_type 1,resource_type 6,2,2,4,4,9,2.25,4,1,2025-06-12
665,location 1008,1,severity_type 2,resource_type 8,1,1,4,4,16,4.0,7,1,2025-01-15
11816,location 829,0,severity_type 2,resource_type 8,1,1,2,2,3,1.5,2,1,2025-06-16
855,location 1019,2,severity_type 1,resource_type 8,2,2,4,4,74,18.5,28,9,2025-03-15
11078,location 894,0,severity_type 1,resource_type 2,3,3,6,6,82,13.666666666666666,18,5,2025-02-11
15359,location 1034,2,severity_type 1,resource_type 8,1,1,1,1,1,1.0,1,1,2025-02-15
13401,location 1049,0,severity_type 1,resource_type 8,1,1,2,2,6,3.0,4,2,2025-09-12
8017,location 609,0,severity_type 2,resource_type 8,1,1,2,2,2,1.0,1,1,2025-07-04
491,location 808,0,severity_type 1,resource_type 8,2,2,3,3,5,1.6666666666666667,2,1,2025-07-17
7900,location 477,0,severity_type 2,resource_type 2,2,2,4,4,11,2.75,4,1,2025-09-29
3968,location 665,0,severity_type 1,resource_type 8,1,1,1,1,8,8.0,8,8,2025-07-20
18111,location 963,0,severity_type 1,resource_type 8,1,1,1,1,1,1.0,1,1,2025-08-18
9877,location 819,0,severity_type 4,resource_type 8,1,1,1,1,1,1.0,1,1,2025-02-01
9134,location 805,0,severity_type 1,resource_type 8,1,1,2,2,4,2.0,2,2,2025-11-07
15523,location 445,0,severity_type 2,resource_type 2,2,2,3,3,19,6.333333333333333,9,1,2025-06-13
7902,location 891,0,severity_type 2,resource_type 8,1,1,2,2,5,2.5,4,1,2025-02-26
1864,location 1107,2,severity_type 1,resource_type 8,2,2,4,4,170,42.5,123,10,2025-10-24
8032,location 734,2,severity_type 1,resource_type 8,2,2,4,4,40,10.0,22,3,2025-09-26
4756,location 745,2,severity_type 1,resource_type 7,4,4,5,5,17,3.4,7,1,2025-01-20
4176,location 206,0,severity_type 1,resource_type 2,3,3,7,7,7,1.0,1,1,2025-03-12
11482,location 930,0,severity_type 1,resource_type 2,1,1,1,1,1,1.0,1,1,2025-01-06
16543,location 446,0,severity_type 2,resource_type 2,2,2,3,3,3,1.0,1,1,2025-04-09
5903,location 344,0,severity_type 2,resource_type 2,2,2,2,2,22,11.0,13,9,2025-02-06
1228,location 91,1,severity_type 2,resource_type 2,1,1,2,2,4,2.0,2,2,2025-09-17
1533,location 475,0,severity_type 2,resource_type 2,2,2,3,3,36,12.0,20,3,2025-07-10
15606,location 644,1,severity_type 1,resource_type 2,2,2,3,3,3,1.0,1,1,2025-12-24
11776,location 1023,1,severity_type 2,resource_type 8,2,2,1,1,2,2.0,2,2,2025-10-01
1430,location 807,0,severity_type 4,resource_type 8,1,1,1,1,1,1.0,1,1,2025-08-12
5299,location 467,0,severity_type 1,resource_type 2,3,3,6,6,8,1.3333333333333333,2,1,2025-07-05
9479,location 118,0,severity_type 2,resource_type 2,2,2,2,2,30,15.0,17,13,2025-01-20
14690,location 408,0,severity_type 2,resource_type 2,2,2,6,6,32,5.333333333333333,6,4,2025-01-26
3364,location 13,1,severity_type 1,resource_type 6,1,1,3,3,4,1.3333333333333333,2,1,2025-08-13
9065,location 9,0,severity_type 1,resource_type 8,2,2,2,2,34,17.0,19,15,2025-01-02
13823,location 1022,0,severity_type 1,resource_type 8,1,1,2,2,2,1.0,1,1,2025-01-16
5229,location 496,0,severity_type 2,resource_type 2,2,2,9,9,451,50.11111111111112,176,1,2025-03-21
9102,location 292,1,severity_type 2,resource_type 2,2,2,4,4,7,1.75,3,1,2025-11-19
9908,location 1117,0,severity_type 2,resource_type 8,1,1,1,1,2,2.0,2,2,2025-06-17
15274,location 962,1,severity_type 1,resource_type 8,2,2,4,4,16,4.0,12,1,2025-09-16
15710,location 684,2,severity_type 1,resource_type 8,1,1,1,1,1,1.0,1,1,2025-05-31
15801,location 1008,2,severity_type 1,resource_type 8,2,2,3,3,43,14.333333333333334,24,3,2025-03-05
12900,location 476,0,severity_type 2,resource_type 2,2,2,4,4,16,4.0,4,4,2025-05-16
10326,location 707,0,severity_type 2,resource_type 9,2,2,2,2,2,1.0,1,1,2025-02-03
7841,location 690,0,severity_type 1,resource_type 8,1,1,2,2,22,11.0,12,10,2025-10-09
16283,location 704,0,severity_type 1,resource_type 8,2,2,4,4,20,5.0,14,2,2025-03-08
917,location 448,1,severity_type 2,resource_type 2,2,2,2,2,6,3.0,3,3,2025-05-18
11861,location 803,1,severity_type 1,resource_type 8,1,1,1,1,2,2.0,2,2,2025-12-24
17029,location 640,0,severity_type 1,resource_type 2,1,1,2,2,3,1.5,2,1,2025-08-05
17343,location 1107,2,severity_type 1,resource_type 8,2,2,1,1,5,5.0,5,5,2025-06-17
14267,location 864,1,severity_type 1,resource_type 8,1,1,2,2,5,2.5,3,2,2025-07-18
13102,location 460,0,severity_type 2,resource_type 2,2,2,2,2,11,5.5,6,5,2025-10-14
6991,location 794,0,severity_type 1,resource_type 2,4,4,5,5,11,2.2,4,1,2025-04-03
3952,location 1,1,severity_type 1,resource_type 8,2,2,4,4,23,5.75,7,4,2025-08-21
11868,location 46,0,severity_type 1,resource_type 2,1,1,2,2,2,1.0,1,1,2025-11-15
11058,location 1066,0,severity_type 1,resource_type 2,1,1,2,2,2,1.0,1,1,2025-07-28
16359,location 899,0,severity_type 4,resource_type 2,3,3,3,3,6,2.0,2,2,2025-06-12
16972,location 845,1,severity_type 2,resource_type 8,1,1,2,2,24,12.0,22,2,2025-02-22
12255,location 938,1,severity_type 1,resource_type 2,2,2,2,2,5,2.5,3,2,2025-04-01
18005,location 1042,0,severity_type 2,resource_type 8,1,1,1,1,12,12.0,12,12,2025-12-12
2237,location 135,0,severity_type 2,resource_type 2,2,2,2,2,52,26.0,26,26,2025-07-17
13926,location 653,1,severity_type 2,resource_type 8,1,1,3,3,18,6.0,12,1,2025-04-20
5337,location 1,0,severity_type 1,resource_type 8,2,2,4,4,25,6.25,11,2,2025-06-02
18010,location 601,1,severity_type 1,resource_type 8,2,2,3,3,4,1.3333333333333333,2,1,2025-07-30
9630,location 884,0,severity_type 1,resource_type 8,1,1,2,2,6,3.0,4,2,2025-07-16
8680,location 1042,0,severity_type 2,resource_type 8,1,1,2,2,23,11.5,21,2,2025-09-13
17306,location 159,1,severity_type 1,resource_type 8,3,3,10,10,27,2.7,5,1,2025-04-04
4165,location 1050,1,severity_type 2,resource_type 4,2,2,2,2,2,1.0,1,1,2025-08-25
11355,location 892,0,severity_type 1,resource_type 2,3,3,5,5,21,4.2,5,3,2025-06-11
5201,location 242,0,severity_type 2,resource_type 2,2,2,6,6,239,39.833333333333336,52,24,2025-12-10
1702,location 810,1,severity_type 1,resource_type 8,2,2,2,2,14,7.0,13,1,2025-02-27
7657,location 1118,0,severity_type 1,resource_type 8,1,1,2,2,24,12.0,12,12,2025-02-24
12464,location 466,0,severity_type 2,resource_type 2,2,2,4,4,30,7.5,9,6,2025-06-18
8784,location 793,0,severity_type 1,resource_type 8,1,1,2,2,6,3.0,5,1,2025-07-05
9469,location 793,0,severity_type 1,resource_type 8,1,1,2,2,4,2.0,3,1,2025-09-10
5505,location 307,0,severity_type 4,resource_type 2,1,1,2,2,2,1.0,1,1,2025-05-28
14461,location 684,0,severity_type 1,resource_type 8,2,2,4,4,35,8.75,20,1,2025-11-30
7649,location 253,0,severity_type 1,resource_type 2,2,2,2,2,2,1.0,1,1,2025-06-23
10954,location 942,0,severity_type 4,resource_type 7,1,1,1,1,1,1.0,1,1,2025-02-17
8856,location 609,1,severity_type 2,resource_type 7,3,3,4,4,18,4.5,9,1,2025-02-13
1085,location 497,0,severity_type 2,resource_type 2,2,2,5,5,346,69.2,131,1,2025-12-22
14363,location 122,0,severity_type 2,resource_type 2,2,2,6,6,18,3.0,3,3,2025-02-18
6625,location 489,0,severity_type 2,resource_type 2,2,2,2,2,11,5.5,6,5,2025-12-12
8806,location 962,2,severity_type 1,resource_type 8,2,2,3,3,28,9.333333333333334,20,1,2025-04-12
10642,location 600,2,severity_type 2,resource_type 8,1,1,2,2,94,47.0,87,7,2025-02-04
6787,location 171,0,severity_type 2,resource_type 2,2,2,4,4,33,8.25,14,5,2025-04-22
17832,location 509,0,severity_type 2,resource_type 2,2,2,2,2,22,11.0,11,11,2025-08-13
5406,location 793,0,severity_type 2,resource_type 8,1,1,2,2,6,3.0,3,3,2025-06-06
6130,location 495,0,severity_type 2,resource_type 2,2,2,14,14,502,35.857142857142854,151,2,2025-10-14
742,location 1107,0,severity_type 1,resource_type 8,2,2,3,3,11,3.6666666666666665,4,3,2025-08-12
10531,location 755,0,severity_type 1,resource_type 8,1,1,2,2,3,1.5,2,1,2025-05-27
3806,location 128,0,severity_type 2,resource_type 2,2,2,4,4,4,1.0,1,1,2025-08-20
8367,location 863,1,severity_type 1,resource_type 2,1,1,2,2,4,2.0,2,2,2025-12-21
541,location 488,0,severity_type 2,resource_type 2,2,2,3,3,15,5.0,8,3,2025-05-31
5058,location 738,1,severity_type 1,resource_type 8,1,1,1,1,1,1.0,1,1,2025-02-26
14133,location 173,0,severity_type 2,resource_type 2,3,3,5,5,5,1.0,1,1,2025-05-30
4980,location 311,0,severity_type 1,resource_type 2,3,3,6,6,6,1.0,1,1,2025-11-03
1632,location 441,1,severity_type 2,resource_type 2,2,2,4,4,4,1.0,1,1,2025-03-21
16847,location 932,0,severity_type 2,resource_type 8,1,1,1,1,2,2.0,2,2,2025-12-13
500,location 280,0,severity_type 4,resource_type 2,1,1,1,1,1,1.0,1,1,2025-08-03
16045,location 88,0,severity_type 2,resource_type 3,2,2,3,3,3,1.0,1,1,2025-08-08
18076,location 1000,0,severity_type 1,resource_type 2,2,2,6,6,6,1.0,1,1,2025-04-26
6832,location 931,1,severity_type 1,resource_type 8,2,2,3,3,4,1.3333333333333333,2,1,2025-12-02
12891,location 938,0,severity_type 2,resource_type 8,1,1,1,1,1,1.0,1,1,2025-01-14
640,location 744,0,severity_type 1,resource_type 6,2,2,5,5,10,2.0,3,1,2025-04-20
10946,location 507,0,severity_type 2,resource_type 2,2,2,6,6,33,5.5,13,1,2025-06-02
11820,location 895,1,severity_type 1,resource_type 2,3,3,6,6,74,12.333333333333334,17,4,2025-06-24
15119,location 159,1,severity_type 2,resource_type 8,1,1,2,2,2,1.0,1,1,2025-06-23
10451,location 333,0,severity_type 4,resource_type 2,1,1,3,3,3,1.0,1,1,2025-02-23
10131,location 471,0,severity_type 2,resource_type 2,2,2,14,14,319,22.785714285714285,58,1,2025-03-24
8041,location 155,0,severity_type 2,resource_type 2,2,2,2,2,29,14.5,18,11,2025-02-04
6892,location 821,0,severity_type 1,resource_type 8,2,2,4,4,12,3.0,5,1,2025-07-28
8794,location 229,0,severity_type 4,resource_type 2,1,1,2,2,2,1.0,1,1,2025-05-09
16213,location 466,0,severity_type 2,resource_type 2,2,2,2,2,145,72.5,74,71,2025-07-26
7130,location 816,0,severity_type 1,resource_type 8,1,1,2,2,3,1.5,2,1,2025-08-04
13070,location 846,2,severity_type 2,resource_type 8,1,1,2,2,24,12.0,16,8,2025-09-14
10153,location 270,0,severity_type 2,resource_type 2,2,2,4,4,4,1.0,1,1,2025-07-19
3101,location 244,0,severity_type 2,resource_type 2,2,2,2,2,70,35.0,38,32,2025-08-25
5075,location 782,0,severity_type 1,resource_type 8,2,2,2,2,19,9.5,10,9,2025-08-03
3736,location 712,0,severity_type 1,resource_type 8,2,2,2,2,4,2.0,2,2,2025-08-27
16064,location 1008,2,severity_type 2,resource_type 8,1,1,2,2,12,6.0,8,4,2025-08-14
12893,location 1061,1,severity_type 2,resource_type 8,1,1,3,3,14,4.666666666666667,10,1,2025-04-26
5899,location 808,0,severity_type 2,resource_type 8,1,1,2,2,2,1.0,1,1,2025-03-31
3195,location 816,1,severity_type 1,resource_type 4,3,3,4,4,11,2.75,5,1,2025-10-15
8422,location 1120,1,severity_type 1,resource_type 8,1,1,2,2,5,2.5,3,2,2025-05-06
4223,location 509,0,severity_type 2,resource_type 2,2,2,2,2,12,6.0,8,4,2025-07-20
9263,location 600,1,severity_type 2,resource_type 8,1,1,2,2,37,18.5,24,13,2025-03-13
4833,location 107,1,severity_type 2,resource_type 2,2,2,7,7,25,3.571428571428572,9,1,2025-06-07
7284,location 763,2,severity_type 2,resource_type 8,1,1,2,2,47,23.5,28,19,2025-07-13
13689,location 1103,1,severity_type 1,resource_type 1,2,2,3,3,3,1.0,1,1,2025-08-17
1574,location 1008,0,severity_type 1,resource_type 8,2,2,4,4,17,4.25,10,2,2025-07-12
8987,location 607,0,severity_type 2,resource_type 8,3,3,3,3,3,1.0,1,1,2025-05-12
15944,location 373,0,severity_type 2,resource_type 2,2,2,2,2,144,72.0,72,72,2025-12-18
9441,location 102,1,severity_type 2,resource_type 2,2,2,10,10,26,2.6,5,1,2025-07-07
16147,location 946,0,severity_type 2,resource_type 8,1,1,1,1,1,1.0,1,1,2025-10-23
3994,location 976,2,severity_type 1,resource_type 8,2,2,4,4,52,13.0,28,4,2025-09-26
777,location 1023,1,severity_type 1,resource_type 9,2,2,3,3,8,2.6666666666666665,6,1,2025-07-23
13142,location 466,0,severity_type 2,resource_type 2,2,2,2,2,41,20.5,28,13,2025-11-20
10146,location 1072,0,severity_type 1,resource_type 8,1,1,2,2,28,14.0,14,14,2025-02-16
9583,location 126,0,severity_type 2,resource_type 2,2,2,7,7,32,4.571428571428571,11,1,2025-12-03
3629,location 1005,0,severity_type 1,resource_type 2,1,1,2,2,2,1.0,1,1,2025-11-07
9081,location 845,1,severity_type 2,resource_type 8,1,1,2,2,15,7.5,12,3,2025-07-03
9611,location 1042,1,severity_type 2,resource_type 8,1,1,2,2,27,13.5,24,3,2025-09-25
984,location 445,0,severity_type 2,resource_type 2,2,2,2,2,14,7.0,8,6,2025-07-09
8344,location 301,0,severity_type 2,resource_type 2,2,2,4,4,4,1.0,1,1,2025-04-09
11252,location 600,0,severity_type 2,resource_type 8,1,1,2,2,38,19.0,30,8,2025-10-19
10282,location 445,0,severity_type 2,resource_type 2,2,2,4,4,4,1.0,1,1,2025-03-31
10561,location 1018,0,severity_type 1,resource_type 8,2,2,2,2,3,1.5,2,1,2025-04-25
6715,location 1011,1,severity_type 1,resource_type 8,1,1,2,2,2,1.0,1,1,2025-07-09
11753,location 661,1,severity_type 4,resource_type 7,2,2,5,5,12,2.4,5,1,2025-11-02
2432,location 923,0,severity_type 1,resource_type 8,1,1,2,2,4,2.0,2,2,2025-05-21
15157,location 1049,2,severity_type 1,resource_type 8,1,1,4,4,191,47.75,96,2,2025-06-30
2627,location 118,0,severity_type 2,resource_type 2,2,2,2,2,37,18.5,19,18,2025-01-16
843,location 895,2,severity_type 1,resource_type 2,4,4,7,7,20,2.857142857142857,4,1,2025-02-12
1675,location 91,0,severity_type 2,resource_type 2,2,2,6,6,521,86.83333333333333,258,1,2025-01-21
15140,location 957,0,severity_type 2,resource_type 2,2,2,1,1,2,2.0,2,2,2025-01-27
7874,location 126,0,severity_type 2,resource_type 2,2,2,6,6,16,2.6666666666666665,4,1,2025-11-14
415,location 903,1,severity_type 1,resource_type 8,1,1,4,4,42,10.5,19,2,2025-11-04
4435,location 558,1,severity_type 2,resource_type 8,1,1,2,2,2,1.0,1,1,2025-10-27
7798,location 618,1,severity_type 4,resource_type 7,1,1,2,2,2,1.0,1,1,2025-01-21
16494,location 707,0,severity_type 1,resource_type 8,3,3,4,4,15,3.75,12,1,2025-01-29
8263,location 1010,1,severity_type 2,resource_type 8,1,1,2,2,21,10.5,13,8,2025-04-13
8523,location 742,0,severity_type 1,resource_type 8,3,3,5,5,338,67.6,171,1,2025-07-26
1793,location 1107,2,severity_type 1,resource_type 8,2,2,4,4,108,27.0,57,8,2025-05-02
15593,location 899,1,severity_type 1,resource_type 2,3,3,5,5,9,1.8,3,1,2025-06-27
5545,location 1007,0,severity_type 1,resource_type 8,2,2,2,2,9,4.5,7,2,2025-03-05
5889,location 794,0,severity_type 1,resource_type 4,3,3,3,3,7,2.333333333333333,3,1,2025-09-24
15923,location 507,0,severity_type 2,resource_type 2,2,2,4,4,12,3.0,4,2,2025-04-25
2576,location 1038,1,severity_type 1,resource_type 8,1,1,4,4,38,9.5,18,1,2025-01-25
14879,location 326,1,severity_type 2,resource_type 2,2,2,2,2,4,2.0,3,1,2025-09-29
9148,location 903,0,severity_type 2,resource_type 8,1,1,1,1,1,1.0,1,1,2025-11-26
3512,location 145,0,severity_type 1,resource_type 2,2,2,3,3,3,1.0,1,1,2025-01-06
12789,location 1049,0,severity_type 1,resource_type 8,1,1,4,4,9,2.25,4,1,2025-06-09
3941,location 409,1,severity_type 2,resource_type 2,2,2,6,6,8,1.3333333333333333,2,1,2025-10-29
11052,location 342,0,severity_type 4,resource_type 2,1,1,4,4,4,1.0,1,1,2025-09-15
7720,location 991,2,severity_type 1,resource_type 8,1,1,8,8,97,12.125,72,1,2025-11-09
15625,location 375,1,severity_type 2,resource_type 2,2,2,2,2,9,4.5,5,4,2025-06-01
33,location 473,0,severity_type 2,resource_type 2,2,2,4,4,12,3.0,4,2,2025-05-16
17490,location 584,0,severity_type 1,resource_type 8,1,1,2,2,8,4.0,4,4,2025-09-16
14456,location 808,0,severity_type 1,resource_type 8,2,2,2,2,20,10.0,11,9,2025-02-26
2452,location 116,1,severity_type 1,resource_type 8,3,3,5,5,5,1.0,1,1,2025-03-29
7338,location 1089,1,severity_type 1,resource_type 8,1,1,1,1,2,2.0,2,2,2025-08-08
17440,location 102,0,severity_type 2,resource_type 2,2,2,6,6,20,3.333333333333333,6,1,2025-09-01
12038,location 349,0,severity_type 2,resource_type 2,2,2,2,2,2,1.0,1,1,2025-02-13
7179,location 1058,1,severity_type 1,resource_type 8,2,2,3,3,5,1.6666666666666667,2,1,2025-07-05
10343,location 91,0,severity_type 2,resource_type 2,2,2,2,2,357,178.5,226,131,2025-05-14
49,location 484,0,severity_type 2,resource_type 2,2,2,7,7,30,4.285714285714286,10,1,2025-07-03
8163,location 821,2,severity_type 1,resource_type 8,2,2,4,4,73,18.25,38,2,2025-12-16
16950,location 495,0,severity_type 2,resource_type 2,2,2,17,17,229,13.470588235294118,40,1,2025-01-28
12761,location 1052,2,severity_type 1,resource_type 8,2,2,4,4,25,6.25,18,1,2025-12-30
5123,location 344,1,severity_type 2,resource_type 2,2,2,2,2,4,2.0,2,2,2025-06-14
14988,location 470,0,severity_type 2,resource_type 2,2,2,3,3,9,3.0,6,1,2025-10-09
10620,location 244,0,severity_type 2,resource_type 2,2,2,2,2,52,26.0,29,23,2025-06-04
6975,location 653,2,severity_type 2,resource_type 8,1,1,1,1,4,4.0,4,4,2025-04-24
9604,location 462,0,severity_type 4,resource_type 2,1,1,1,1,3,3.0,3,3,2025-10-09
3921,location 771,2,severity_type 1,resource_type 8,2,2,5,5,458,91.6,310,3,2025-09-08
16832,location 821,2,severity_type 2,resource_type 8,1,1,3,3,26,8.666666666666666,21,1,2025-02-22
17837,location 466,0,severity_type 2,resource_type 2,2,2,2,2,47,23.5,26,21,2025-09-15
11872,location 974,1,severity_type 1,resource_type 8,1,1,1,1,2,2.0,2,2,2025-10-02
14522,location 358,1,severity_type 2,resource_type 2,2,2,6,6,6,1.0,1,1,2025-05-22
13015,location 951,0,severity_type 1,resource_type 2,1,1,2,2,2,1.0,1,1,2025-12-04
9520,location 1046,1,severity_type 2,resource_type 8,2,2,3,3,3,1.0,1,1,2025-08-22
4749,location 309,1,severity_type 1,resource_type 2,2,2,4,4,4,1.0,1,1,2025-05-02
9675,location 653,1,severity_type 1,resource_type 8,2,2,4,4,17,4.25,10,1,2025-01-04
8071,location 133,1,severity_type 2,resource_type 2,2,2,2,2,4,2.0,2,2,2025-09-04
9519,location 931,1,severity_type 2,resource_type 8,1,1,3,3,11,3.6666666666666665,6,2,2025-03-18
721,location 798,0,severity_type 2,resource_type 8,1,1,1,1,14,14.0,14,14,2025-10-04
1653,location 899,0,severity_type 1,resource_type 2,4,4,7,7,37,5.285714285714286,8,2,2025-07-11
13560,location 810,2,severity_type 1,resource_type 8,2,2,2,2,40,20.0,23,17,2025-06-20
12921,location 342,1,severity_type 2,resource_type 2,2,2,4,4,4,1.0,1,1,2025-03-01
2715,location 68,1,severity_type 1,resource_type 8,1,1,2,2,23,11.5,16,7,2025-09-17
5183,location 596,1,severity_type 1,resource_type 2,1,1,2,2,3,1.5,2,1,2025-03-02
1239,location 244,0,severity_type 2,resource_type 2,2,2,2,2,48,24.0,25,23,2025-06-02
17297,location 415,1,severity_type 2,resource_type 2,2,2,4,4,5,1.25,2,1,2025-11-02
10115,location 601,1,severity_type 1,resource_type 8,3,3,5,5,8,1.6,2,1,2025-12-02
11846,location 976,1,severity_type 1,resource_type 8,2,2,4,4,18,4.5,7,2,2025-12-28
10501,location 1052,0,severity_type 2,resource_type 8,1,1,2,2,6,3.0,4,2,2025-12-16
12772,location 466,0,severity_type 2,resource_type 2,2,2,4,4,24,6.0,7,5,2025-07-22
2067,location 1018,0,severity_type 1,resource_type 8,2,2,1,1,6,6.0,6,6,2025-03-15
11585,location 44,0,severity_type 4,resource_type 2,2,2,1,1,1,1.0,1,1,2025-11-03
13940,location 653,2,severity_type 2,resource_type 8,1,1,2,2,8,4.0,4,4,2025-10-20
7131,location 446,0,severity_type 1,resource_type 2,1,1,2,2,2,1.0,1,1,2025-12-28
12352,location 1078,0,severity_type 1,resource_type 8,1,1,2,2,27,13.5,16,11,2025-08-26
3236,location 809,0,severity_type 2,resource_type 8,1,1,2,2,2,1.0,1,1,2025-02-21
13240,location 495,0,severity_type 2,resource_type 2,2,2,8,8,89,11.125,41,1,2025-07-03
581,location 1007,0,severity_type 2,resource_type 8,1,1,1,1,1,1.0,1,1,2025-06-13
6581,location 1019,0,severity_type 2,resource_type 8,1,1,2,2,18,9.0,12,6,2025-11-04
6219,location 674,2,severity_type 1,resource_type 8,1,1,4,4,10,2.5,4,1,2025-05-24
11757,location 673,1,severity_type 1,resource_type 8,1,1,2,2,16,8.0,8,8,2025-04-30
8852,location 774,0,severity_type 2,resource_type 8,1,1,2,2,11,5.5,6,5,2025-01-30
5179,location 846,1,severity_type 2,resource_type 8,1,1,3,3,6,2.0,3,1,2025-11-01
1105,location 467,0,severity_type 1,resource_type 2,2,2,3,3,3,1.0,1,1,2025-10-03
12535,location 1042,1,severity_type 2,resource_type 8,1,1,2,2,28,14.0,27,1,2025-01-16
17546,location 276,0,severity_type 2,resource_type 2,2,2,2,2,7,3.5,5,2,2025-06-08
13201,location 242,0,severity_type 2,resource_type 2,2,2,6,6,375,62.5,88,47,2025-06-25
15848,location 834,0,severity_type 1,resource_type 2,3,3,3,3,54,18.0,43,4,2025-06-21
11224,location 823,0,severity_type 2,resource_type 8,1,1,1,1,2,2.0,2,2,2025-12-02
12147,location 943,0,severity_type 1,resource_type 8,1,1,1,1,6,6.0,6,6,2025-02-24
10776,location 407,1,severity_type 2,resource_type 2,2,2,2,2,2,1.0,1,1,2025-04-22
2363,location 891,0,severity_type 1,resource_type 8,1,1,2,2,9,4.5,6,3,2025-03-08
8994,location 459,0,severity_type 2,resource_type 2,2,2,4,4,4,1.0,1,1,2025-03-31
13847,location 378,0,severity_type 2,resource_type 2,2,2,2,2,7,3.5,4,3,2025-11-28
17436,location 798,2,severity_type 2,resource_type 8,1,1,2,2,66,33.0,38,28,2025-12-10
2541,location 1103,0,severity_type 1,resource_type 2,1,1,1,1,1,1.0,1,1,2025-01-17
1152,location 891,0,severity_type 1,resource_type 8,1,1,1,1,4,4.0,4,4,2025-08-19
17914,location 446,1,severity_type 1,resource_type 8,3,3,8,8,9,1.125,2,1,2025-03-26
2397,location 104,0,severity_type 2,resource_type 8,3,3,7,7,9,1.2857142857142858,2,1,2025-03-12
10648,location 380,0,severity_type 2,resource_type 2,2,2,2,2,12,6.0,6,6,2025-04-17
8275,location 936,1,severity_type 1,resource_type 7,3,3,7,7,8,1.1428571428571428,2,1,2025-03-12
7916,location 1106,1,severity_type 1,resource_type 8,1,1,1,1,1,1.0,1,1,2025-06-28
3495,location 979,1,severity_type 1,resource_type 1,2,2,2,2,4,2.0,3,1,2025-12-30
14895,location 794,1,severity_type 1,resource_type 8,3,3,4,4,8,2.0,3,1,2025-08-03
9137,location 704,0,severity_type 2,resource_type 8,1,1,1,1,4,4.0,4,4,2025-09-21
9606,location 252,1,severity_type 4,resource_type 2,1,1,1,1,1,1.0,1,1,2025-06-30
7196,location 723,0,severity_type 1,resource_type 8,1,1,2,2,3,1.5,2,1,2025-01-06
6319,location 584,0,severity_type 2,resource_type 8,1,1,3,3,20,6.666666666666667,12,2,2025-01-31
11431,location 34,0,severity_type 1,resource_type 8,1,1,2,2,5,2.5,3,2,2025-04-09
3166,location 839,1,severity_type 1,resource_type 8,1,1,1,1,1,1.0,1,1,2025-03-30
6740,location 707,0,severity_type 2,resource_type 9,2,2,4,4,6,1.5,3,1,2025-11-03
16904,location 846,1,severity_type 2,resource_type 8,1,1,2,2,51,25.5,50,1,2025-11-04
6198,location 655,1,severity_type 1,resource_type 8,5,5,9,9,62,6.888888888888889,24,1,2025-11-08
1406,location 735,0,severity_type 1,resource_type 2,3,3,2,2,14,7.0,7,7,2025-08-21
3528,location 879,0,severity_type 1,resource_type 8,1,1,2,2,3,1.5,2,1,2025-07-23
11571,location 463,0,severity_type 2,resource_type 2,2,2,2,2,6,3.0,4,2,2025-08-25
17811,location 1100,1,severity_type 1,resource_type 8,2,2,3,3,54,18.0,45,4,2025-05-29
1658,location 126,0,severity_type 2,resource_type 2,2,2,7,7,33,4.714285714285714,6,1,2025-09-02
10400,location 849,0,severity_type 1,resource_type 2,1,1,2,2,2,1.0,1,1,2025-10-17
11824,location 613,0,severity_type 2,resource_type 8,2,2,1,1,1,1.0,1,1,2025-10-06
6831,location 699,0,severity_type 1,resource_type 8,1,1,1,1,1,1.0,1,1,2025-08-13
10938,location 830,0,severity_type 1,resource_type 8,1,1,2,2,202,101.0,105,97,2025-01-22
2440,location 1075,2,severity_type 2,resource_type 8,1,1,2,2,32,16.0,20,12,2025-09-22
13393,location 856,1,severity_type 1,resource_type 8,3,3,4,4,4,1.0,1,1,2025-05-14
16144,location 818,1,severity_type 1,resource_type 8,1,1,2,2,5,2.5,4,1,2025-09-29
9621,location 375,0,severity_type 2,resource_type 2,2,2,2,2,41,20.5,21,20,2025-07-16
3141,location 755,0,severity_type 1,resource_type 8,1,1,1,1,4,4.0,4,4,2025-11-18
13593,location 786,0,severity_type 1,resource_type 2,1,1,2,2,4,2.0,2,2,2025-05-04
15446,location 495,0,severity_type 2,resource_type 2,2,2,2,2,28,14.0,19,9,2025-12-06
8100,location 91,0,severity_type 2,resource_type 2,2,2,4,4,10,2.5,4,2,2025-11-05
8694,location 1015,1,severity_type 1,resource_type 8,1,1,2,2,14,7.0,9,5,2025-05-01
7151,location 834,0,severity_type 2,resource_type 8,1,1,2,2,16,8.0,8,8,2025-06-26
4496,location 693,1,severity_type 1,resource_type 8,1,1,2,2,4,2.0,2,2,2025-07-13
8408,location 790,0,severity_type 1,resource_type 2,1,1,2,2,2,1.0,1,1,2025-10-08
15952,location 1,1,severity_type 1,resource_type 8,2,2,4,4,8,2.0,2,2,2025-09-09
15580,location 798,2,severity_type 2,resource_type 8,1,1,2,2,35,17.5,20,15,2025-11-07
6221,location 909,2,severity_type 1,resource_type 8,1,1,2,2,16,8.0,8,8,2025-05-16
4642,location 793,0,severity_type 1,resource_type 8,1,1,2,2,23,11.5,15,8,2025-07-04
14545,location 465,0,severity_type 2,resource_type 2,2,2,2,2,14,7.0,7,7,2025-06-07
9587,location 967,1,severity_type 4,resource_type 8,1,1,2,2,2,1.0,1,1,2025-11-28
7919,location 724,1,severity_type 1,resource_type 8,1,1,2,2,6,3.0,3,3,2025-04-22
13384,location 139,1,severity_type 2,resource_type 2,2,2,4,4,8,2.0,2,2,2025-08-03
3053,location 793,0,severity_type 1,resource_type 8,2,2,3,3,27,9.0,21,1,2025-02-13
472,location 122,0,severity_type 2,resource_type 2,2,2,5,5,21,4.2,7,3,2025-11-07
811,location 314,0,severity_type 2,resource_type 2,2,2,4,4,12,3.0,4,2,2025-05-21
17966,location 795,0,severity_type 1,resource_type 2,1,1,2,2,2,1.0,1,1,2025-05-05
9770,location 696,0,severity_type 2,resource_type 8,1,1,2,2,27,13.5,18,9,2025-08-01
11806,location 479,0,severity_type 2,resource_type 2,2,2,2,2,24,12.0,13,11,2025-07-02
7108,location 1083,2,severity_type 1,resource_type 8,1,1,3,3,14,4.666666666666667,11,1,2025-11-06
16491,location 821,2,severity_type 2,resource_type 8,1,1,4,4,32,8.0,18,2,2025-07-13
8922,location 515,0,severity_type 2,resource_type 2,2,2,2,2,209,104.5,110,99,2025-07-08
14724,location 684,1,severity_type 2,resource_type 8,1,1,2,2,58,29.0,40,18,2025-02-08
7820,location 794,0,severity_type 1,resource_type 8,2,2,2,2,7,3.5,4,3,2025-01-09
13196,location 151,1,severity_type 2,resource_type 2,2,2,2,2,4,2.0,2,2,2025-05-26
1381,location 695,1,severity_type 1,resource_type 8,1,1,2,2,2,1.0,1,1,2025-12-31
17200,location 471,0,severity_type 2,resource_type 2,2,2,6,6,32,5.333333333333333,7,3,2025-12-01
914,location 714,1,severity_type 2,resource_type 8,2,2,1,1,1,1.0,1,1,2025-08-18
5891,location 839,0,severity_type 4,resource_type 8,1,1,2,2,56,28.0,28,28,2025-08-19
14452,location 484,0,severity_type 2,resource_type 2,2,2,2,2,2,1.0,1,1,2025-05-23
4493,location 821,0,severity_type 1,resource_type 8,2,2,4,4,32,8.0,18,3,2025-03-06
1822,location 1052,1,severity_type 1,resource_type 8,2,2,6,6,179,29.83333333333333,64,1,2025-01-04
4097,location 51,0,severity_type 1,resource_type 2,1,1,1,1,1,1.0,1,1,2025-05-04
3815,location 995,2,severity_type 1,resource_type 8,2,2,7,7,62,8.857142857142858,22,2,2025-04-26
14397,location 122,0,severity_type 2,resource_type 2,2,2,10,10,50,5.0,9,1,2025-03-11
262,location 994,0,severity_type 2,resource_type 8,1,1,2,2,2,1.0,1,1,2025-04-05
10185,location 1052,2,severity_type 1,resource_type 8,2,2,4,4,115,28.75,75,7,2025-01-10
2464,location 7,0,severity_type 1,resource_type 8,1,1,2,2,37,18.5,19,18,2025-08-10
2725,location 460,1,severity_type 2,resource_type 2,2,2,5,5,30,6.0,14,1,2025-12-05
10474,location 481,0,severity_type 2,resource_type 2,2,2,4,4,95,23.75,27,22,2025-09-10
9198,location 653,2,severity_type 1,resource_type 8,2,2,4,4,21,5.25,9,2,2025-06-13
13354,location 1008,2,severity_type 2,resource_type 8,1,1,2,2,46,23.0,32,14,2025-06-03
12226,location 7,0,severity_type 1,resource_type 8,1,1,2,2,12,6.0,6,6,2025-04-23
12496,location 707,0,severity_type 2,resource_type 8,1,1,2,2,8,4.0,6,2,2025-02-21
2718,location 476,0,severity_type 2,resource_type 2,2,2,4,4,20,5.0,9,1,2025-08-07
4301,location 467,0,severity_type 2,resource_type 2,2,2,2,2,8,4.0,6,2,2025-07-26
11134,location 1083,0,severity_type 1,resource_type 8,1,1,3,3,12,4.0,6,1,2025-01-03
17653,location 1016,1,severity_type 1,resource_type 8,1,1,2,2,2,1.0,1,1,2025-06-01
11079,location 518,0,severity_type 2,resource_type 2,2,2,11,11,124,11.272727272727272,57,1,2025-04-12
8096,location 8,0,severity_type 1,resource_type 8,2,2,2,2,3,1.5,2,1,2025-03-04
4721,location 742,0,severity_type 1,resource_type 8,2,2,2,2,3,1.5,2,1,2025-09-14
6069,location 373,0,severity_type 2,resource_type 2,2,2,2,2,69,34.5,42,27,2025-07-11
15313,location 466,0,severity_type 2,resource_type 2,2,2,6,6,79,13.166666666666666,38,1,2025-08-20
18179,location 627,0,severity_type 1,resource_type 8,3,3,8,8,274,34.25,141,1,2025-09-18
10587,location 256,0,severity_type 2,resource_type 2,2,2,2,2,2,1.0,1,1,2025-12-25
660,location 124,0,severity_type 2,resource_type 2,2,2,5,5,8,1.6,2,1,2025-10-21
16476,location 881,0,severity_type 1,resource_type 8,2,2,3,3,16,5.333333333333333,13,1,2025-08-15
6013,location 126,0,severity_type 2,resource_type 2,2,2,7,7,55,7.857142857142857,12,1,2025-11-17
3072,location 118,0,severity_type 2,resource_type 2,2,2,2,2,35,17.5,18,17,2025-06-24
18215,location 931,0,severity_type 1,resource_type 8,2,2,4,4,41,10.25,24,1,2025-12-26
9294,location 140,0,severity_type 1,resource_type 2,2,2,5,5,5,1.0,1,1,2025-10-05
12430,location 267,0,severity_type 2,resource_type 2,2,2,3,3,4,1.3333333333333333,2,1,2025-08-26
412,location 1080,1,severity_type 1,resource_type 6,2,2,2,2,6,3.0,4,2,2025-11-26
5809,location 124,0,severity_type 2,resource_type 2,2,2,6,6,18,3.0,5,1,2025-07-08
8808,location 495,0,severity_type 2,resource_type 2,2,2,16,16,415,25.9375,78,1,2025-09-21
4576,location 477,0,severity_type 2,resource_type 2,2,2,5,5,84,16.8,37,5,2025-04-14
7344,location 424,0,severity_type 2,resource_type 2,2,2,5,5,5,1.0,1,1,2025-12-18
3965,location 91,0,severity_type 2,resource_type 2,2,2,6,6,401,66.83333333333333,235,1,2025-08-16
12984,location 942,0,severity_type 1,resource_type 8,2,2,2,2,2,1.0,1,1,2025-10-13
6890,location 844,1,severity_type 1,resource_type 8,1,1,4,4,8,2.0,3,1,2025-06-18
10645,location 710,0,severity_type 2,resource_type 8,1,1,1,1,2,2.0,2,2,2025-11-13
8309,location 1104,0,severity_type 1,resource_type 2,1,1,2,2,2,1.0,1,1,2025-01-28
17659,location 1031,0,severity_type 1,resource_type 8,1,1,2,2,29,14.5,23,6,2025-02-11
836,location 128,0,severity_type 4,resource_type 2,1,1,1,1,1,1.0,1,1,2025-07-05
11692,location 628,0,severity_type 1,resource_type 8,1,1,3,3,4,1.3333333333333333,2,1,2025-09-25
14575,location 768,0,severity_type 1,resource_type 8,1,1,2,2,4,2.0,3,1,2025-10-23
11586,location 1050,1,severity_type 4,resource_type 8,3,3,4,4,5,1.25,2,1,2025-06-10
9052,location 1100,0,severity_type 1,resource_type 8,2,2,3,3,69,23.0,60,3,2025-08-26
2932,location 957,1,severity_type 4,resource_type 2,1,1,2,2,4,2.0,2,2,2025-07-21
14215,location 692,0,severity_type 1,resource_type 8,1,1,1,1,1,1.0,1,1,2025-12-17
18536,location 821,0,severity_type 1,resource_type 8,2,2,6,6,38,6.333333333333333,17,1,2025-08-27
14795,location 469,0,severity_type 2,resource_type 2,2,2,2,2,19,9.5,12,7,2025-06-02
12215,location 122,0,severity_type 2,resource_type 2,2,2,8,8,12,1.5,2,1,2025-12-20
8179,location 839,0,severity_type 1,resource_type 8,1,1,2,2,2,1.0,1,1,2025-02-09
12194,location 1008,0,severity_type 2,resource_type 8,1,1,3,3,11,3.6666666666666665,5,2,2025-12-26
12186,location 1093,0,severity_type 1,resource_type 8,4,4,5,5,12,2.4,8,1,2025-02-26
11594,location 479,0,severity_type 2,resource_type 2,2,2,3,3,17,5.666666666666667,13,1,2025-04-16
3346,location 277,0,severity_type 2,resource_type 2,2,2,3,3,4,1.3333333333333333,2,1,2025-10-27
18155,location 124,0,severity_type 2,resource_type 2,2,2,7,7,27,3.857142857142857,5,1,2025-09-25
12908,location 444,0,severity_type 1,resource_type 2,3,3,4,4,4,1.0,1,1,2025-12-21
4960,location 821,0,severity_type 1,resource_type 8,2,2,4,4,38,9.5,24,2,2025-10-01
12046,location 627,0,severity_type 1,resource_type 8,3,3,3,3,45,15.0,24,9,2025-08-21
2832,location 1061,2,severity_type 2,resource_type 8,1,1,2,2,8,4.0,4,4,2025-05-07
6907,location 325,0,severity_type 1,resource_type 2,3,3,4,4,4,1.0,1,1,2025-01-02
14713,location 155,0,severity_type 2,resource_type 2,2,2,2,2,3,1.5,2,1,2025-02-15
12087,location 1100,2,severity_type 1,resource_type 8,2,2,2,2,14,7.0,10,4,2025-04-19
10809,location 893,0,severity_type 1,resource_type 2,3,3,5,5,5,1.0,1,1,2025-01-15
6754,location 696,0,severity_type 1,resource_type 8,1,1,2,2,2,1.0,1,1,2025-07-05
14182,location 1104,0,severity_type 2,resource_type 8,1,1,1,1,1,1.0,1,1,2025-10-11
13742,location 977,1,severity_type 5,resource_type 9,1,1,2,2,6,3.0,3,3,2025-12-18
7178,location 485,0,severity_type 2,resource_type 2,2,2,8,8,35,4.375,11,2,2025-06-28
2139,location 505,0,severity_type 2,resource_type 2,2,2,6,6,247,41.16666666666666,125,2,2025-11-16
7278,location 519,0,severity_type 2,resource_type 2,2,2,2,2,14,7.0,8,6,2025-12-26
10398,location 124,0,severity_type 2,resource_type 2,2,2,5,5,7,1.4,3,1,2025-11-10
9681,location 943,0,severity_type 1,resource_type 8,1,1,2,2,12,6.0,6,6,2025-06-19
12284,location 1031,1,severity_type 1,resource_type 8,1,1,2,2,14,7.0,8,6,2025-04-29
15001,location 1042,2,severity_type 2,resource_type 8,1,1,2,2,14,7.0,10,4,2025-12-23
14164,location 507,0,severity_type 2,resource_type 2,2,2,5,5,32,6.4,16,1,2025-03-30
17405,location 707,0,severity_type 2,resource_type 8,1,1,1,1,1,1.0,1,1,2025-05-31
9927,location 288,1,severity_type 1,resource_type 8,3,3,6,6,10,1.6666666666666667,3,1,2025-01-28
439,location 842,0,severity_type 1,resource_type 2,1,1,2,2,2,1.0,1,1,2025-10-17
2731,location 845,0,severity_type 2,resource_type 8,1,1,2,2,15,7.5,8,7,2025-08-26
9501,location 1024,0,severity_type 1,resource_type 8,1,1,2,2,13,6.5,8,5,2025-01-31
14206,location 931,1,severity_type 1,resource_type 8,2,2,4,4,8,2.0,3,1,2025-03-23
5196,location 1107,0,severity_type 1,resource_type 8,2,2,6,6,65,10.833333333333334,17,4,2025-07-22
18448,location 9,0,severity_type 1,resource_type 8,2,2,2,2,172,86.0,131,41,2025-07-17
2817,location 600,0,severity_type 2,resource_type 8,1,1,2,2,28,14.0,14,14,2025-10-20
13615,location 1084,1,severity_type 1,resource_type 8,1,1,1,1,1,1.0,1,1,2025-04-08
11194,location 1032,1,severity_type 1,resource_type 8,1,1,2,2,4,2.0,2,2,2025-12-04
7848,location 390,1,severity_type 2,resource_type 2,2,2,2,2,14,7.0,7,7,2025-06-12
15143,location 124,0,severity_type 2,resource_type 2,2,2,6,6,20,3.333333333333333,5,2,2025-10-28
12912,location 491,0,severity_type 2,resource_type 2,2,2,2,2,17,8.5,9,8,2025-03-29
2241,location 470,0,severity_type 2,resource_type 8,1,1,2,2,3,1.5,2,1,2025-01-14
7740,location 821,1,severity_type 1,resource_type 8,2,2,6,6,17,2.833333333333333,10,1,2025-01-21
7828,location 684,1,severity_type 2,resource_type 8,1,1,2,2,12,6.0,10,2,2025-05-17
17080,location 839,0,severity_type 1,resource_type 2,1,1,2,2,2,1.0,1,1,2025-12-14
6054,location 653,2,severity_type 2,resource_type 8,1,1,2,2,17,8.5,12,5,2025-01-18
8112,location 122,0,severity_type 2,resource_type 2,2,2,6,6,24,4.0,8,2,2025-05-15
14561,location 468,0,severity_type 2,resource_type 2,2,2,2,2,6,3.0,5,1,2025-02-09
16244,location 793,0,severity_type 2,resource_type 8,1,1,2,2,12,6.0,9,3,2025-12-07
794,location 646,0,severity_type 1,resource_type 8,1,1,4,4,21,5.25,9,2,2025-09-04
4913,location 380,0,severity_type 2,resource_type 2,2,2,2,2,15,7.5,10,5,2025-10-06
15706,location 691,0,severity_type 1,resource_type 8,3,3,4,4,14,3.5,6,1,2025-09-18
17636,location 834,2,severity_type 2,resource_type 8,1,1,2,2,34,17.0,18,16,2025-08-28
2866,location 931,2,severity_type 1,resource_type 8,2,2,4,4,52,13.0,30,3,2025-10-10
2282,location 704,2,severity_type 1,resource_type 8,2,2,3,3,22,7.333333333333333,14,2,2025-01-03
15141,location 919,1,severity_type 1,resource_type 8,1,1,2,2,6,3.0,4,2,2025-11-12
225,location 839,0,severity_type 1,resource_type 8,1,1,1,1,12,12.0,12,12,2025-09-28
14540,location 1026,1,severity_type 1,resource_type 6,3,3,2,2,2,1.0,1,1,2025-09-27
14948,location 1067,1,severity_type 1,resource_type 8,1,1,1,1,2,2.0,2,2,2025-05-24
14715,location 838,0,severity_type 2,resource_type 8,1,1,1,1,1,1.0,1,1,2025-10-20
2852,location 760,0,severity_type 2,resource_type 8,2,2,1,1,2,2.0,2,2,2025-05-20
6747,location 1019,0,severity_type 2,resource_type 8,1,1,1,1,2,2.0,2,2,2025-01-18
12050,location 860,0,severity_type 1,resource_type 2,1,1,2,2,2,1.0,1,1,2025-11-28
10005,location 802,0,severity_type 1,resource_type 8,3,3,2,2,2,1.0,1,1,2025-03-27
841,location 949,1,severity_type 1,resource_type 8,1,1,2,2,3,1.5,2,1,2025-02-07
3785,location 963,0,severity_type 1,resource_type 8,1,1,3,3,11,3.6666666666666665,7,1,2025-08-15
275,location 704,2,severity_type 2,resource_type 8,1,1,4,4,26,6.5,14,2,2025-03-27
16392,location 239,0,severity_type 2,resource_type 2,2,2,2,2,8,4.0,4,4,2025-11-10
8681,location 375,0,severity_type 2,resource_type 2,2,2,2,2,66,33.0,33,33,2025-06-11
9687,location 469,0,severity_type 2,resource_type 2,2,2,4,4,94,23.5,44,4,2025-01-02
13803,location 1117,0,severity_type 2,resource_type 8,1,1,2,2,4,2.0,2,2,2025-12-14
343,location 375,0,severity_type 2,resource_type 2,2,2,2,2,14,7.0,9,5,2025-07-07
13743,location 878,0,severity_type 1,resource_type 8,1,1,2,2,113,56.5,83,30,2025-04-06
9845,location 613,2,severity_type 1,resource_type 8,2,2,4,4,26,6.5,14,1,2025-09-05
4076,location 790,0,severity_type 1,resource_type 7,2,2,3,3,3,1.0,1,1,2025-07-13
656,location 481,0,severity_type 2,resource_type 2,2,2,4,4,103,25.75,29,23,2025-01-11
6147,location 897,1,severity_type 1,resource_type 2,4,4,7,7,17,2.4285714285714284,4,1,2025-10-05
12267,location 957,0,severity_type 2,resource_type 8,1,1,2,2,6,3.0,4,2,2025-05-27
1262,location 902,1,severity_type 1,resource_type 8,2,2,3,3,3,1.0,1,1,2025-09-13
7268,location 821,1,severity_type 2,resource_type 8,1,1,2,2,7,3.5,6,1,2025-11-23
15161,location 1095,0,severity_type 1,resource_type 10,2,2,3,3,5,1.6666666666666667,2,1,2025-08-11
11400,location 827,1,severity_type 1,resource_type 8,1,1,2,2,2,1.0,1,1,2025-09-03
4236,location 885,0,severity_type 2,resource_type 8,1,1,2,2,18,9.0,11,7,2025-04-03
15730,location 1078,0,severity_type 2,resource_type 8,1,1,2,2,2,1.0,1,1,2025-03-28
5112,location 704,2,severity_type 1,resource_type 8,2,2,4,4,24,6.0,12,1,2025-06-01
9363,location 1034,0,severity_type 1,resource_type 8,1,1,2,2,6,3.0,3,3,2025-11-08
7290,location 600,0,severity_type 2,resource_type 8,1,1,2,2,7,3.5,5,2,2025-07-11
13660,location 638,0,severity_type 1,resource_type 2,2,2,4,4,31,7.75,13,2,2025-05-08
2409,location 912,1,severity_type 1,resource_type 8,1,1,2,2,2,1.0,1,1,2025-10-12
18440,location 603,1,severity_type 1,resource_type 8,1,1,4,4,50,12.5,24,1,2025-11-08
13239,location 1030,0,severity_type 2,resource_type 8,1,1,1,1,1,1.0,1,1,2025-11-26
12291,location 664,0,severity_type 1,resource_type 8,1,1,2,2,14,7.0,7,7,2025-04-20
14858,location 756,1,severity_type 1,resource_type 8,2,2,5,5,8,1.6,3,1,2025-09-17
7330,location 485,0,severity_type 2,resource_type 2,2,2,2,2,8,4.0,5,3,2025-08-04
17362,location 851,0,severity_type 1,resource_type 6,2,2,2,2,7,3.5,6,1,2025-06-13
1210,location 448,0,severity_type 1,resource_type 2,3,3,5,5,7,1.4,2,1,2025-05-25
2878,location 373,0,severity_type 2,resource_type 2,2,2,2,2,149,74.5,75,74,2025-02-11
4152,location 1107,0,severity_type 2,resource_type 8,1,1,2,2,4,2.0,2,2,2025-04-11
2622,location 137,0,severity_type 2,resource_type 2,3,3,4,4,6,1.5,2,1,2025-07-20
9462,location 914,2,severity_type 1,resource_type 8,1,1,1,1,8,8.0,8,8,2025-11-20
15985,location 460,1,severity_type 2,resource_type 2,2,2,2,2,6,3.0,5,1,2025-11-13
11376,location 477,0,severity_type 2,resource_type 2,2,2,4,4,24,6.0,11,1,2025-03-10
6567,location 763,0,severity_type 2,resource_type 8,1,1,2,2,32,16.0,20,12,2025-09-05
13097,location 445,0,severity_type 2,resource_type 2,2,2,4,4,19,4.75,8,2,2025-01-31
16084,location 573,0,severity_type 1,resource_type 2,1,1,1,1,1,1.0,1,1,2025-09-04
3456,location 924,2,severity_type 1,resource_type 6,4,4,5,5,34,6.8,21,1,2025-05-05
4221,location 126,0,severity_type 2,resource_type 2,2,2,7,7,39,5.571428571428571,7,4,2025-06-14
15977,location 866,2,severity_type 1,resource_type 8,1,1,5,5,31,6.2,17,1,2025-09-19
958,location 313,0,severity_type 2,resource_type 2,2,2,4,4,6,1.5,2,1,2025-06-05
5405,location 469,0,severity_type 2,resource_type 2,2,2,14,14,169,12.071428571428571,27,2,2025-10-22
3913,location 123,0,severity_type 2,resource_type 2,2,2,5,5,6,1.2,2,1,2025-07-14
16379,location 468,0,severity_type 2,resource_type 2,2,2,2,2,29,14.5,19,10,2025-12-31
13728,location 821,0,severity_type 1,resource_type 8,2,2,6,6,42,7.0,13,2,2025-08-21
13641,location 790,0,severity_type 4,resource_type 7,1,1,1,1,1,1.0,1,1,2025-04-19
8262,location 519,0,severity_type 2,resource_type 2,2,2,6,6,12,2.0,4,1,2025-10-10
615,location 445,1,severity_type 2,resource_type 2,2,2,2,2,8,4.0,4,4,2025-05-29
6640,location 667,0,severity_type 1,resource_type 2,1,1,2,2,2,1.0,1,1,2025-07-14
15214,location 919,0,severity_type 4,resource_type 2,1,1,2,2,5,2.5,3,2,2025-02-19
377,location 735,0,severity_type 1,resource_type 8,1,1,2,2,9,4.5,6,3,2025-02-13
9192,location 441,0,severity_type 2,resource_type 2,2,2,2,2,4,2.0,2,2,2025-07-29
15390,location 242,0,severity_type 2,resource_type 2,2,2,6,6,13,2.1666666666666665,3,1,2025-03-10
2068,location 735,0,severity_type 1,resource_type 8,1,1,2,2,4,2.0,3,1,2025-12-31
1482,location 22,0,severity_type 1,resource_type 2,1,1,1,1,1,1.0,1,1,2025-11-09
14888,location 465,0,severity_type 2,resource_type 2,2,2,2,2,57,28.5,33,24,2025-09-13
17378,location 532,0,severity_type 4,resource_type 3,3,3,3,3,4,1.3333333333333333,2,1,2025-09-26
14406,location 661,0,severity_type 1,resource_type 7,3,3,6,6,8,1.3333333333333333,2,1,2025-08-06
11336,location 135,0,severity_type 2,resource_type 2,2,2,5,5,58,11.6,23,1,2025-01-23
3201,location 102,0,severity_type 4,resource_type 2,1,1,2,2,2,1.0,1,1,2025-05-24
715,location 445,0,severity_type 2,resource_type 2,2,2,2,2,21,10.5,11,10,2025-06-30
1582,location 476,0,severity_type 2,resource_type 2,2,2,6,6,208,34.666666666666664,67,2,2025-12-01
18117,location 706,0,severity_type 1,resource_type 8,2,2,2,2,2,1.0,1,1,2025-03-22
4566,location 794,0,severity_type 1,resource_type 7,3,3,4,4,7,1.75,2,1,2025-07-01
1044,location 744,0,severity_type 4,resource_type 7,1,1,2,2,2,1.0,1,1,2025-05-06
4227,location 382,1,severity_type 4,resource_type 2,1,1,1,1,1,1.0,1,1,2025-02-19
3092,location 381,0,severity_type 1,resource_type 2,2,2,2,2,2,1.0,1,1,2025-02-07
1762,location 1053,1,severity_type 1,resource_type 8,2,2,3,3,4,1.3333333333333333,2,1,2025-05-14
9289,location 742,0,severity_type 2,resource_type 8,2,2,2,2,13,6.5,7,6,2025-01-31
2099,location 897,0,severity_type 4,resource_type 2,4,4,4,4,6,1.5,3,1,2025-01-25
7603,location 477,0,severity_type 2,resource_type 2,1,1,3,3,10,3.333333333333333,4,3,2025-05-09
13147,location 7,0,severity_type 1,resource_type 8,1,1,2,2,2,1.0,1,1,2025-03-15
16953,location 242,0,severity_type 2,resource_type 2,2,2,6,6,179,29.83333333333333,41,20,2025-07-22
15346,location 891,0,severity_type 1,resource_type 8,1,1,2,2,8,4.0,6,2,2025-01-07
971,location 485,0,severity_type 2,resource_type 2,2,2,5,5,18,3.6,5,2,2025-04-21
9580,location 856,1,severity_type 1,resource_type 8,2,2,3,3,3,1.0,1,1,2025-06-15
5564,location 891,0,severity_type 1,resource_type 8,1,1,2,2,15,7.5,8,7,2025-12-18
2082,location 1099,2,severity_type 1,resource_type 8,1,1,4,4,32,8.0,17,1,2025-08-20
2197,location 916,0,severity_type 1,resource_type 2,1,1,2,2,2,1.0,1,1,2025-11-18
6390,location 763,0,severity_type 2,resource_type 8,1,1,4,4,20,5.0,14,1,2025-05-06
1211,location 83,1,severity_type 1,resource_type 8,1,1,1,1,2,2.0,2,2,2025-06-14
12069,location 243,0,severity_type 2,resource_type 2,2,2,6,6,8,1.3333333333333333,2,1,2025-06-03
4933,location 704,0,severity_type 2,resource_type 8,1,1,3,3,49,16.333333333333332,37,2,2025-11-20
9774,location 704,1,severity_type 2,resource_type 8,1,1,2,2,10,5.0,8,2,2025-12-17
1126,location 1019,0,severity_type 1,resource_type 8,2,2,6,6,12,2.0,4,1,2025-12-18
5419,location 116,0,severity_type 4,resource_type 2,1,1,1,1,1,1.0,1,1,2025-10-02
9953,location 465,0,severity_type 2,resource_type 2,2,2,2,2,97,48.5,52,45,2025-07-03
2723,location 67,1,severity_type 2,resource_type 8,1,1,2,2,7,3.5,5,2,2025-07-17
9234,location 818,1,severity_type 2,resource_type 8,1,1,2,2,8,4.0,4,4,2025-12-24
13564,location 135,0,severity_type 2,resource_type 2,2,2,3,3,18,6.0,10,3,2025-04-14
12336,location 653,0,severity_type 1,resource_type 8,2,2,2,2,7,3.5,6,1,2025-05-07
6067,location 627,0,severity_type 2,resource_type 7,3,3,4,4,13,3.25,6,1,2025-11-24
5702,location 938,1,severity_type 1,resource_type 8,1,1,2,2,6,3.0,4,2,2025-05-22
9312,location 326,0,severity_type 4,resource_type 2,1,1,1,1,1,1.0,1,1,2025-03-27
11037,location 1008,2,severity_type 2,resource_type 8,1,1,4,4,12,3.0,4,2,2025-07-24
16609,location 122,0,severity_type 2,resource_type 2,2,2,6,6,8,1.3333333333333333,2,1,2025-04-29
2458,location 1100,1,severity_type 1,resource_type 8,2,2,3,3,150,50.0,124,1,2025-11-22
8762,location 1086,0,severity_type 2,resource_type 8,1,1,2,2,11,5.5,8,3,2025-11-28
9494,location 253,1,severity_type 1,resource_type 2,2,2,3,3,3,1.0,1,1,2025-04-22
11718,location 976,2,severity_type 2,resource_type 8,1,1,2,2,10,5.0,6,4,2025-07-13
11730,location 976,1,severity_type 2,resource_type 8,1,1,1,1,2,2.0,2,2,2025-12-26
16316,location 283,0,severity_type 2,resource_type 2,2,2,3,3,10,3.333333333333333,5,1,2025-09-28
3000,location 921,1,severity_type 2,resource_type 8,1,1,2,2,9,4.5,6,3,2025-03-20
17130,location 972,1,severity_type 4,resource_type 7,1,1,2,2,3,1.5,2,1,2025-08-04
3341,location 1107,0,severity_type 2,resource_type 8,1,1,3,3,57,19.0,48,1,2025-08-15
16464,location 520,0,severity_type 2,resource_type 2,2,2,5,5,23,4.6,10,1,2025-08-27
6595,location 803,1,severity_type 1,resource_type 8,1,1,2,2,5,2.5,4,1,2025-01-10
15941,location 124,0,severity_type 2,resource_type 2,2,2,8,8,24,3.0,6,1,2025-04-20
8832,location 886,1,severity_type 1,resource_type 8,2,2,2,2,2,1.0,1,1,2025-11-08
10404,location 821,0,severity_type 1,resource_type 8,2,2,4,4,11,2.75,4,1,2025-03-30
961,location 925,0,severity_type 1,resource_type 8,1,1,3,3,188,62.66666666666666,155,1,2025-04-20
11042,location 899,0,severity_type 1,resource_type 2,3,3,5,5,7,1.4,2,1,2025-04-28
2117,location 963,0,severity_type 1,resource_type 8,1,1,2,2,5,2.5,3,2,2025-03-06
10829,location 1045,0,severity_type 1,resource_type 8,2,2,2,2,5,2.5,3,2,2025-02-26
16807,location 20,1,severity_type 1,resource_type 8,2,2,4,4,4,1.0,1,1,2025-05-07
6440,location 1052,1,severity_type 1,resource_type 8,2,2,3,3,43,14.333333333333334,32,3,2025-11-16
3345,location 249,0,severity_type 2,resource_type 2,2,2,2,2,3,1.5,2,1,2025-01-01
3131,location 505,0,severity_type 2,resource_type 2,2,2,18,18,414,23.0,72,2,2025-04-14
14108,location 1050,0,severity_type 2,resource_type 8,1,1,1,1,5,5.0,5,5,2025-01-23
7970,location 1079,0,severity_type 1,resource_type 2,1,1,2,2,2,1.0,1,1,2025-07-24
10516,location 1007,1,severity_type 1,resource_type 2,2,2,1,1,1,1.0,1,1,2025-04-02
6074,location 1075,2,severity_type 2,resource_type 8,1,1,2,2,30,15.0,20,10,2025-10-17
5949,location 624,0,severity_type 1,resource_type 2,1,1,2,2,2,1.0,1,1,2025-08-02
17196,location 919,0,severity_type 1,resource_type 8,1,1,4,4,16,4.0,5,2,2025-10-14
9525,location 298,1,severity_type 2,resource_type 2,2,2,2,2,4,2.0,2,2,2025-08-20
12612,location 108,1,severity_type 2,resource_type 2,2,2,6,6,6,1.0,1,1,2025-06-10
10892,location 853,0,severity_type 2,resource_type 8,1,1,1,1,2,2.0,2,2,2025-11-11
9792,location 962,2,severity_type 1,resource_type 8,2,2,2,2,16,8.0,8,8,2025-06-23
789,location 810,2,severity_type 2,resource_type 8,1,1,2,2,13,6.5,8,5,2025-12-13
702,location 976,0,severity_type 1,resource_type 8,2,2,4,4,17,4.25,10,1,2025-12-30
9626,location 1063,0,severity_type 1,resource_type 8,1,1,1,1,1,1.0,1,1,2025-08-03
13971,location 126,0,severity_type 2,resource_type 2,2,2,7,7,34,4.857142857142857,7,2,2025-09-04
15875,location 424,1,severity_type 1,resource_type 2,3,3,4,4,6,1.5,2,1,2025-04-04
12506,location 619,0,severity_type 1,resource_type 8,1,1,4,4,416,104.0,267,11,2025-10-25
11813,location 518,0,severity_type 2,resource_type 2,2,2,11,11,79,7.181818181818182,34,1,2025-09-03
11084,location 262,0,severity_type 1,resource_type 2,1,1,2,2,2,1.0,1,1,2025-11-26
2827,location 300,0,severity_type 1,resource_type 2,3,3,4,4,4,1.0,1,1,2025-04-08
10693,location 240,0,severity_type 2,resource_type 2,2,2,2,2,2,1.0,1,1,2025-10-15
3988,location 1038,1,severity_type 1,resource_type 8,1,1,1,1,2,2.0,2,2,2025-06-21
4423,location 767,1,severity_type 1,resource_type 6,1,1,2,2,6,3.0,4,2,2025-03-09
18482,location 1050,0,severity_type 2,resource_type 8,2,2,2,2,3,1.5,2,1,2025-03-04
11298,location 984,0,severity_type 2,resource_type 8,1,1,1,1,1,1.0,1,1,2025-07-25
8714,location 118,0,severity_type 2,resource_type 2,2,2,2,2,21,10.5,13,8,2025-04-27
10755,location 722,1,severity_type 1,resource_type 8,1,1,2,2,3,1.5,2,1,2025-02-07
4125,location 242,0,severity_type 2,resource_type 2,2,2,6,6,308,51.333333333333336,67,41,2025-06-05
9722,location 1019,1,severity_type 2,resource_type 8,1,1,1,1,1,1.0,1,1,2025-08-27
5954,location 1044,0,severity_type 2,resource_type 8,1,1,1,1,1,1.0,1,1,2025-04-27
2784,location 895,2,severity_type 1,resource_type 2,3,3,6,6,157,26.166666666666668,35,6,2025-12-15
6885,location 535,2,severity_type 1,resource_type 8,3,3,6,6,9,1.5,2,1,2025-10-12
17139,location 893,0,severity_type 1,resource_type 2,3,3,6,6,19,3.1666666666666665,4,1,2025-07-07
12537,location 1042,0,severity_type 2,resource_type 8,1,1,1,1,48,48.0,48,48,2025-12-08
7676,location 995,2,severity_type 1,resource_type 8,2,2,5,5,50,10.0,28,2,2025-06-08
8026,location 509,0,severity_type 2,resource_type 2,2,2,2,2,34,17.0,18,16,2025-02-20
3042,location 305,0,severity_type 4,resource_type 2,1,1,1,1,1,1.0,1,1,2025-01-14
3831,location 374,0,severity_type 2,resource_type 2,2,2,2,2,132,66.0,68,64,2025-12-09
1839,location 9,0,severity_type 2,resource_type 8,2,2,1,1,2,2.0,2,2,2025-12-17
3946,location 976,2,severity_type 2,resource_type 8,1,1,2,2,12,6.0,6,6,2025-09-27
1892,location 309,0,severity_type 4,resource_type 2,1,1,1,1,2,2.0,2,2,2025-02-07
12675,location 1107,1,severity_type 1,resource_type 8,2,2,4,4,46,11.5,37,2,2025-04-18
4856,location 820,1,severity_type 1,resource_type 2,1,1,2,2,6,3.0,3,3,2025-01-15
10957,location 836,0,severity_type 2,resource_type 8,1,1,2,2,2,1.0,1,1,2025-01-19
3919,location 814,0,severity_type 1,resource_type 8,1,1,2,2,11,5.5,7,4,2025-03-31
15479,location 893,0,severity_type 1,resource_type 2,3,3,6,6,15,2.5,4,1,2025-07-28
17701,location 803,1,severity_type 1,resource_type 8,1,1,1,1,1,1.0,1,1,2025-01-24
18232,location 380,0,severity_type 2,resource_type 2,2,2,2,2,16,8.0,10,6,2025-12-26
242,location 1031,0,severity_type 1,resource_type 8,1,1,2,2,10,5.0,9,1,2025-06-16
17890,location 83,1,severity_type 1,resource_type 2,1,1,1,1,1,1.0,1,1,2025-04-07
10426,location 563,0,severity_type 2,resource_type 8,1,1,1,1,6,6.0,6,6,2025-07-08
14682,location 627,0,severity_type 4,resource_type 7,1,1,2,2,2,1.0,1,1,2025-10-16
10844,location 1011,1,severity_type 1,resource_type 8,1,1,2,2,11,5.5,6,5,2025-04-25
3199,location 1117,0,severity_type 1,resource_type 8,1,1,3,3,4,1.3333333333333333,2,1,2025-01-18
2734,location 1010,0,severity_type 1,resource_type 8,1,1,2,2,7,3.5,5,2,2025-01-19
10658,location 1015,0,severity_type 1,resource_type 8,1,1,1,1,1,1.0,1,1,2025-11-07
11696,location 744,2,severity_type 1,resource_type 8,4,4,15,15,41,2.7333333333333334,22,1,2025-02-10
10379,location 126,0,severity_type 2,resource_type 2,2,2,8,8,42,5.25,12,1,2025-08-20
9906,location 560,1,severity_type 1,resource_type 8,1,1,2,2,24,12.0,13,11,2025-05-21
18220,location 1008,0,severity_type 1,resource_type 8,2,2,4,4,50,12.5,27,2,2025-10-11
4034,location 507,0,severity_type 2,resource_type 2,2,2,2,2,38,19.0,21,17,2025-01-23
6652,location 385,1,severity_type 2,resource_type 2,2,2,6,6,9,1.5,3,1,2025-11-24
4936,location 794,0,severity_type 1,resource_type 8,2,2,1,1,2,2.0,2,2,2025-09-12
12533,location 373,0,severity_type 2,resource_type 2,2,2,4,4,39,9.75,18,2,2025-06-13
636,location 102,1,severity_type 2,resource_type 2,2,2,2,2,2,1.0,1,1,2025-03-17
9897,location 500,0,severity_type 2,resource_type 2,1,1,1,1,1,1.0,1,1,2025-12-23
5061,location 251,0,severity_type 1,resource_type 2,2,2,4,4,7,1.75,3,1,2025-04-21
580,location 89,1,severity_type 2,resource_type 2,2,2,4,4,12,3.0,4,2,2025-06-29
16677,location 878,0,severity_type 1,resource_type 8,1,1,2,2,7,3.5,4,3,2025-05-24
3396,location 895,1,severity_type 1,resource_type 2,4,4,6,6,16,2.6666666666666665,5,1,2025-03-26
3823,location 734,0,severity_type 1,resource_type 8,2,2,3,3,8,2.6666666666666665,4,1,2025-06-02
12097,location 812,0,severity_type 1,resource_type 8,1,1,4,4,772,193.0,441,1,2025-02-25
12073,location 469,0,severity_type 1,resource_type 2,1,1,2,2,2,1.0,1,1,2025-01-01
18355,location 169,0,severity_type 2,resource_type 2,2,2,2,2,10,5.0,5,5,2025-04-16
11637,location 479,0,severity_type 1,resource_type 2,3,3,8,8,11,1.375,3,1,2025-02-10
9907,location 1008,0,severity_type 2,resource_type 8,1,1,3,3,4,1.3333333333333333,2,1,2025-06-01
3339,location 723,0,severity_type 2,resource_type 8,1,1,1,1,1,1.0,1,1,2025-11-11
11328,location 734,2,severity_type 1,resource_type 8,2,2,5,5,53,10.6,24,1,2025-03-01
1768,location 943,1,severity_type 1,resource_type 8,1,1,2,2,3,1.5,2,1,2025-01-01
8259,location 943,1,severity_type 1,resource_type 8,1,1,3,3,4,1.3333333333333333,2,1,2025-02-10
17633,location 684,2,severity_type 2,resource_type 8,1,1,2,2,56,28.0,50,6,2025-07-05
17315,location 288,0,severity_type 1,resource_type 8,3,3,8,8,11,1.375,2,1,2025-04-11
1072,location 1086,2,severity_type 2,resource_type 8,1,1,2,2,14,7.0,8,6,2025-06-28
14996,location 763,2,severity_type 1,resource_type 8,2,2,4,4,42,10.5,28,1,2025-01-11
13779,location 441,0,severity_type 1,resource_type 2,1,1,2,2,2,1.0,1,1,2025-05-02
17142,location 475,0,severity_type 2,resource_type 2,2,2,2,2,18,9.0,11,7,2025-05-30
57,location 1075,1,severity_type 1,resource_type 8,2,2,2,2,4,2.0,3,1,2025-06-07
6083,location 893,0,severity_type 1,resource_type 2,3,3,6,6,189,31.5,40,9,2025-07-21
10715,location 902,1,severity_type 1,resource_type 8,1,1,2,2,4,2.0,3,1,2025-10-12
2535,location 805,0,severity_type 1,resource_type 8,1,1,2,2,11,5.5,7,4,2025-06-20
16521,location 810,1,severity_type 2,resource_type 8,1,1,2,2,21,10.5,19,2,2025-11-04
11330,location 1036,0,severity_type 2,resource_type 8,1,1,2,2,2,1.0,1,1,2025-07-13
5214,location 745,2,severity_type 1,resource_type 6,2,2,4,4,14,3.5,6,1,2025-04-06
13623,location 206,0,severity_type 1,resource_type 2,3,3,6,6,6,1.0,1,1,2025-03-25
12745,location 821,1,severity_type 1,resource_type 8,3,3,5,5,41,8.2,31,1,2025-04-28
8609,location 270,1,severity_type 2,resource_type 2,2,2,2,2,4,2.0,2,2,2025-08-07
12657,location 653,0,severity_type 1,resource_type 2,3,3,2,2,22,11.0,19,3,2025-03-30
11359,location 114,1,severity_type 1,resource_type 2,2,2,3,3,3,1.0,1,1,2025-11-30
2648,location 834,1,severity_type 2,resource_type 8,1,1,2,2,24,12.0,20,4,2025-06-25
15831,location 834,0,severity_type 2,resource_type 8,1,1,1,1,74,74.0,74,74,2025-11-12
6686,location 56,0,severity_type 5,resource_type 3,1,1,1,1,1,1.0,1,1,2025-09-07
2335,location 147,0,severity_type 2,resource_type 2,2,2,2,2,16,8.0,10,6,2025-05-02
5976,location 962,0,severity_type 2,resource_type 8,1,1,1,1,2,2.0,2,2,2025-03-25
5888,location 450,0,severity_type 2,resource_type 2,2,2,2,2,4,2.0,2,2,2025-09-29
266,location 879,0,severity_type 2,resource_type 8,1,1,2,2,3,1.5,2,1,2025-05-01
11791,location 638,2,severity_type 1,resource_type 2,2,2,4,4,65,16.25,20,12,2025-04-01
7119,location 72,1,severity_type 1,resource_type 8,1,1,1,1,2,2.0,2,2,2025-12-06
16814,location 738,1,severity_type 2,resource_type 8,2,2,2,2,2,1.0,1,1,2025-06-26
8234,location 1019,1,severity_type 2,resource_type 8,1,1,2,2,6,3.0,5,1,2025-01-18
11790,location 1019,0,severity_type 1,resource_type 8,2,2,3,3,17,5.666666666666667,12,1,2025-06-30
4394,location 839,1,severity_type 1,resource_type 8,1,1,2,2,3,1.5,2,1,2025-06-18
89,location 253,0,severity_type 4,resource_type 2,1,1,2,2,2,1.0,1,1,2025-11-12
13989,location 507,0,severity_type 2,resource_type 2,2,2,4,4,14,3.5,5,2,2025-09-17
10703,location 955,0,severity_type 1,resource_type 8,1,1,2,2,10,5.0,6,4,2025-03-11
3133,location 646,0,severity_type 1,resource_type 8,1,1,1,1,2,2.0,2,2,2025-02-24
16433,location 931,1,severity_type 1,resource_type 8,2,2,4,4,9,2.25,4,1,2025-08-09
5458,location 534,0,severity_type 4,resource_type 3,1,1,4,4,8,2.0,4,1,2025-01-18
7483,location 889,0,severity_type 1,resource_type 8,1,1,2,2,3,1.5,2,1,2025-04-27
9992,location 756,0,severity_type 1,resource_type 2,3,3,3,3,15,5.0,7,1,2025-02-20
2557,location 998,0,severity_type 2,resource_type 8,1,1,2,2,5,2.5,3,2,2025-01-08
2284,location 795,0,severity_type 2,resource_type 8,1,1,2,2,309,154.5,240,69,2025-12-02
2943,location 760,0,severity_type 1,resource_type 8,1,1,2,2,3,1.5,2,1,2025-02-02
13499,location 810,1,severity_type 2,resource_type 8,2,2,3,3,47,15.666666666666666,42,2,2025-01-04
5522,location 899,1,severity_type 1,resource_type 2,3,3,3,3,3,1.0,1,1,2025-12-07
16408,location 471,0,severity_type 2,resource_type 2,2,2,2,2,2,1.0,1,1,2025-03-10
2631,location 470,0,severity_type 1,resource_type 2,3,3,7,7,16,2.2857142857142856,4,1,2025-10-26
2787,location 1042,1,severity_type 2,resource_type 8,1,1,2,2,26,13.0,18,8,2025-01-12
15408,location 506,0,severity_type 2,resource_type 2,2,2,12,12,256,21.33333333333333,44,1,2025-02-26
1873,location 704,2,severity_type 1,resource_type 8,2,2,3,3,15,5.0,10,1,2025-02-10
14716,location 793,0,severity_type 1,resource_type 8,1,1,2,2,8,4.0,4,4,2025-09-15
1659,location 197,0,severity_type 4,resource_type 2,1,1,1,1,1,1.0,1,1,2025-08-15
9329,location 1080,1,severity_type 1,resource_type 6,2,2,2,2,3,1.5,2,1,2025-06-23
13170,location 748,0,severity_type 1,resource_type 2,1,1,2,2,4,2.0,2,2,2025-03-30
2437,location 102,0,severity_type 2,resource_type 2,2,2,15,15,34,2.2666666666666666,7,1,2025-02-02
12256,location 497,0,severity_type 2,resource_type 2,2,2,2,2,14,7.0,9,5,2025-07-27
1136,location 520,0,severity_type 2,resource_type 2,2,2,2,2,16,8.0,8,8,2025-03-26
6266,location 171,1,severity_type 1,resource_type 2,3,3,6,6,6,1.0,1,1,2025-08-04
5593,location 12,1,severity_type 1,resource_type 8,1,1,2,2,6,3.0,3,3,2025-09-08
5473,location 240,0,severity_type 1,resource_type 2,3,3,10,10,22,2.2,4,1,2025-11-07
9800,location 802,0,severity_type 1,resource_type 8,2,2,2,2,2,1.0,1,1,2025-06-30
7956,location 3,0,severity_type 1,resource_type 8,1,1,2,2,3,1.5,2,1,2025-01-02
2711,location 476,0,severity_type 1,resource_type 2,3,3,14,14,26,1.8571428571428568,4,1,2025-04-13
10598,location 651,0,severity_type 1,resource_type 8,2,2,3,3,6,2.0,4,1,2025-11-08
15862,location 2,1,severity_type 2,resource_type 4,2,2,2,2,2,1.0,1,1,2025-07-14
2649,location 114,0,severity_type 4,resource_type 2,1,1,2,2,2,1.0,1,1,2025-08-14
1959,location 248,0,severity_type 4,resource_type 2,1,1,1,1,1,1.0,1,1,2025-06-17
17714,location 734,0,severity_type 2,resource_type 8,1,1,2,2,5,2.5,4,1,2025-03-01
10884,location 350,0,severity_type 2,resource_type 8,1,1,1,1,1,1.0,1,1,2025-11-24
4245,location 159,0,severity_type 4,resource_type 2,1,1,1,1,2,2.0,2,2,2025-10-10
15433,location 8,0,severity_type 2,resource_type 8,1,1,1,1,1,1.0,1,1,2025-12-30
10975,location 512,0,severity_type 2,resource_type 2,2,2,2,2,2,1.0,1,1,2025-11-09
14134,location 814,0,severity_type 1,resource_type 8,1,1,3,3,6,2.0,2,2,2025-04-17
998,location 878,0,severity_type 1,resource_type 8,1,1,2,2,12,6.0,6,6,2025-04-03
251,location 122,0,severity_type 2,resource_type 2,2,2,6,6,12,2.0,4,1,2025-04-01
4794,location 485,0,severity_type 2,resource_type 2,2,2,6,6,47,7.833333333333333,12,6,2025-12-02
12992,location 1120,0,severity_type 1,resource_type 8,1,1,4,4,22,5.5,11,1,2025-07-23
14229,location 1094,0,severity_type 1,resource_type 8,2,2,2,2,3,1.5,2,1,2025-06-15
4351,location 684,0,severity_type 1,resource_type 8,2,2,4,4,24,6.0,16,1,2025-12-20
6474,location 100,1,severity_type 2,resource_type 2,2,2,2,2,2,1.0,1,1,2025-08-09
11552,location 601,0,severity_type 1,resource_type 6,2,2,3,3,5,1.6666666666666667,2,1,2025-11-28
14775,location 480,0,severity_type 1,resource_type 8,1,1,2,2,2,1.0,1,1,2025-12-26
6866,location 325,1,severity_type 2,resource_type 2,2,2,4,4,4,1.0,1,1,2025-01-29
2174,location 808,0,severity_type 1,resource_type 8,2,2,2,2,10,5.0,7,3,2025-05-12
6936,location 836,1,severity_type 1,resource_type 8,1,1,2,2,13,6.5,9,4,2025-09-25
6765,location 600,0,severity_type 2,resource_type 8,1,1,2,2,21,10.5,12,9,2025-10-24
9601,location 894,0,severity_type 1,resource_type 2,3,3,5,5,35,7.0,9,6,2025-02-24
9531,location 371,1,severity_type 2,resource_type 2,1,1,4,4,6,1.5,2,1,2025-04-27
4468,location 476,0,severity_type 2,resource_type 2,2,2,9,9,132,14.666666666666666,50,1,2025-07-20
11001,location 1099,0,severity_type 1,resource_type 8,1,1,4,4,9,2.25,4,1,2025-10-19
6038,location 242,0,severity_type 2,resource_type 2,2,2,6,6,227,37.833333333333336,43,31,2025-02-11
17671,location 1041,0,severity_type 1,resource_type 2,1,1,1,1,1,1.0,1,1,2025-08-08
9059,location 1008,0,severity_type 2,resource_type 8,1,1,1,1,6,6.0,6,6,2025-04-19
10724,location 651,0,severity_type 1,resource_type 8,1,1,2,2,4,2.0,2,2,2025-03-20
8400,location 474,0,severity_type 2,resource_type 2,2,2,3,3,3,1.0,1,1,2025-07-08
2929,location 845,0,severity_type 1,resource_type 8,2,2,1,1,21,21.0,21,21,2025-06-01
18323,location 1042,2,severity_type 2,resource_type 8,1,1,2,2,16,8.0,10,6,2025-08-21
1595,location 890,0,severity_type 1,resource_type 8,1,1,2,2,5,2.5,3,2,2025-04-26
4105,location 808,0,severity_type 1,resource_type 8,2,2,2,2,23,11.5,14,9,2025-10-28
1952,location 546,0,severity_type 1,resource_type 2,1,1,2,2,2,1.0,1,1,2025-01-29
11442,location 893,0,severity_type 1,resource_type 2,3,3,6,6,104,17.333333333333332,25,6,2025-11-11
8381,location 972,0,severity_type 2,resource_type 7,2,2,2,2,2,1.0,1,1,2025-01-11
7950,location 403,0,severity_type 4,resource_type 2,1,1,1,1,1,1.0,1,1,2025-09-26
15693,location 1019,0,severity_type 1,resource_type 8,2,2,2,2,5,2.5,4,1,2025-05-07
15387,location 684,0,severity_type 2,resource_type 8,1,1,2,2,32,16.0,24,8,2025-05-20
3286,location 707,0,severity_type 2,resource_type 9,2,2,4,4,13,3.25,7,1,2025-01-07
14031,location 373,0,severity_type 2,resource_type 2,2,2,2,2,95,47.5,58,37,2025-09-14
14358,location 471,0,severity_type 2,resource_type 2,2,2,2,2,22,11.0,11,11,2025-03-02
2666,location 473,0,severity_type 2,resource_type 2,2,2,3,3,3,1.0,1,1,2025-08-29
11953,location 613,2,severity_type 1,resource_type 8,3,3,2,2,9,4.5,5,4,2025-09-22
10592,location 735,0,severity_type 1,resource_type 8,3,3,2,2,7,3.5,5,2,2025-11-05
11581,location 1018,0,severity_type 1,resource_type 8,2,2,2,2,11,5.5,7,4,2025-09-16
6212,location 102,0,severity_type 1,resource_type 2,3,3,13,13,21,1.6153846153846154,2,1,2025-04-21
16048,location 1109,1,severity_type 1,resource_type 8,2,2,5,5,10,2.0,4,1,2025-09-27
6751,location 247,0,severity_type 2,resource_type 2,2,2,2,2,2,1.0,1,1,2025-10-29
4368,location 638,2,severity_type 1,resource_type 2,2,2,4,4,25,6.25,7,5,2025-04-26
7122,location 149,0,severity_type 2,resource_type 2,2,2,4,4,7,1.75,4,1,2025-02-15
13458,location 976,1,severity_type 1,resource_type 8,2,2,3,3,9,3.0,6,1,2025-11-21
6618,location 126,0,severity_type 2,resource_type 2,2,2,8,8,23,2.875,5,2,2025-02-23
839,location 825,1,severity_type 1,resource_type 8,1,1,2,2,5,2.5,3,2,2025-08-05
16438,location 829,0,severity_type 1,resource_type 8,1,1,2,2,3,1.5,2,1,2025-03-28
3023,location 803,1,severity_type 1,resource_type 8,1,1,2,2,28,14.0,15,13,2025-02-15
17330,location 808,0,severity_type 1,resource_type 8,2,2,2,2,7,3.5,4,3,2025-10-11
8470,location 167,0,severity_type 2,resource_type 2,3,3,3,3,3,1.0,1,1,2025-02-22
18288,location 599,0,severity_type 1,resource_type 8,2,2,2,2,2,1.0,1,1,2025-09-02
3255,location 95,0,severity_type 2,resource_type 2,2,2,3,3,8,2.6666666666666665,4,2,2025-09-10
7540,location 1052,0,severity_type 2,resource_type 8,1,1,4,4,73,18.25,34,5,2025-01-22
8647,location 696,0,severity_type 2,resource_type 8,1,1,2,2,27,13.5,21,6,2025-03-05
4745,location 272,1,severity_type 1,resource_type 2,1,1,2,2,2,1.0,1,1,2025-10-17
552,location 745,1,severity_type 1,resource_type 8,1,1,1,1,1,1.0,1,1,2025-07-05
1583,location 821,1,severity_type 2,resource_type 8,1,1,4,4,19,4.75,15,1,2025-02-14
9010,location 846,1,severity_type 2,resource_type 8,1,1,2,2,17,8.5,14,3,2025-12-28
17935,location 944,1,severity_type 1,resource_type 8,1,1,2,2,18,9.0,10,8,2025-04-07
7213,location 710,0,severity_type 1,resource_type 8,1,1,2,2,25,12.5,13,12,2025-01-02
3100,location 834,0,severity_type 2,resource_type 8,1,1,2,2,21,10.5,16,5,2025-12-04
15631,location 584,0,severity_type 1,resource_type 8,1,1,3,3,29,9.666666666666666,18,5,2025-01-07
6900,location 9,0,severity_type 1,resource_type 8,2,2,2,2,54,27.0,29,25,2025-07-21
14356,location 742,0,severity_type 1,resource_type 8,2,2,2,2,8,4.0,7,1,2025-12-29
5122,location 914,0,severity_type 1,resource_type 6,2,2,4,4,4,1.0,1,1,2025-07-30
12158,location 498,0,severity_type 2,resource_type 2,2,2,6,6,76,12.666666666666666,31,3,2025-08-02
2798,location 810,0,severity_type 2,resource_type 8,1,1,1,1,1,1.0,1,1,2025-05-22
7629,location 494,0,severity_type 2,resource_type 2,2,2,5,5,362,72.4,115,21,2025-02-16
2157,location 1050,1,severity_type 1,resource_type 8,4,4,5,5,8,1.6,2,1,2025-07-29
8152,location 756,1,severity_type 1,resource_type 8,1,1,1,1,1,1.0,1,1,2025-11-24
9788,location 616,0,severity_type 1,resource_type 2,2,2,4,4,10,2.5,5,1,2025-02-03
11124,location 885,0,severity_type 2,resource_type 8,1,1,2,2,6,3.0,3,3,2025-11-18
3535,location 763,2,severity_type 2,resource_type 8,1,1,3,3,13,4.333333333333333,6,2,2025-06-01
15055,location 975,0,severity_type 1,resource_type 2,1,1,2,2,3,1.5,2,1,2025-07-15
18271,location 763,0,severity_type 2,resource_type 8,1,1,2,2,6,3.0,4,2,2025-03-02
5510,location 1025,1,severity_type 1,resource_type 8,1,1,2,2,2,1.0,1,1,2025-08-15
9620,location 1046,2,severity_type 1,resource_type 6,2,2,4,4,20,5.0,6,4,2025-03-08
16507,location 81,1,severity_type 1,resource_type 9,5,5,7,7,8,1.1428571428571428,2,1,2025-04-10
6790,location 535,1,severity_type 4,resource_type 3,1,1,8,8,15,1.875,6,1,2025-09-21
626,location 505,0,severity_type 2,resource_type 2,2,2,18,18,718,39.888888888888886,107,1,2025-01-19
4569,location 818,1,severity_type 1,resource_type 8,1,1,6,6,15,2.5,6,1,2025-06-13
7040,location 891,0,severity_type 1,resource_type 8,1,1,1,1,3,3.0,3,3,2025-08-06
6228,location 494,0,severity_type 2,resource_type 2,2,2,4,4,4,1.0,1,1,2025-02-18
18119,location 9,0,severity_type 2,resource_type 8,1,1,2,2,2,1.0,1,1,2025-04-18
15807,location 450,0,severity_type 2,resource_type 2,2,2,2,2,6,3.0,3,3,2025-05-06
16771,location 479,0,severity_type 2,resource_type 2,2,2,2,2,29,14.5,16,13,2025-08-31
15804,location 894,0,severity_type 1,resource_type 2,3,3,5,5,14,2.8,4,1,2025-12-23
16774,location 363,1,severity_type 2,resource_type 2,2,2,4,4,4,1.0,1,1,2025-11-02
4143,location 1095,0,severity_type 1,resource_type 10,2,2,5,5,5,1.0,1,1,2025-03-11
4196,location 999,1,severity_type 1,resource_type 8,1,1,1,1,2,2.0,2,2,2025-01-07
4386,location 1066,1,severity_type 1,resource_type 6,2,2,4,4,16,4.0,10,1,2025-01-19
10989,location 147,0,severity_type 2,resource_type 2,2,2,6,6,20,3.333333333333333,4,3,2025-08-06
1342,location 691,0,severity_type 2,resource_type 7,3,3,4,4,16,4.0,7,1,2025-02-27
18210,location 704,0,severity_type 1,resource_type 8,2,2,2,2,6,3.0,4,2,2025-03-26
16180,location 248,0,severity_type 2,resource_type 2,2,2,4,4,4,1.0,1,1,2025-11-06
13725,location 469,0,severity_type 2,resource_type 2,2,2,3,3,44,14.666666666666666,21,2,2025-11-15
10866,location 436,1,severity_type 1,resource_type 2,1,1,2,2,2,1.0,1,1,2025-11-03
10199,location 211,0,severity_type 1,resource_type 2,3,3,4,4,4,1.0,1,1,2025-04-03
3718,location 798,2,severity_type 2,resource_type 8,1,1,2,2,8,4.0,4,4,2025-08-15
16261,location 175,0,severity_type 4,resource_type 2,1,1,2,2,2,1.0,1,1,2025-08-11
14232,location 821,0,severity_type 2,resource_type 8,1,1,2,2,15,7.5,14,1,2025-03-09
16210,location 727,0,severity_type 2,resource_type 8,1,1,1,1,1,1.0,1,1,2025-07-22
2500,location 995,2,severity_type 1,resource_type 8,2,2,9,9,174,19.33333333333333,70,1,2025-07-11
13993,location 491,0,severity_type 2,resource_type 2,2,2,2,2,11,5.5,6,5,2025-05-25
7118,location 228,1,severity_type 2,resource_type 2,2,2,8,8,20,2.5,4,1,2025-10-02
6065,location 890,0,severity_type 1,resource_type 8,1,1,2,2,3,1.5,2,1,2025-09-05
11618,location 484,0,severity_type 2,resource_type 2,2,2,3,3,3,1.0,1,1,2025-07-14
12510,location 126,0,severity_type 2,resource_type 2,2,2,6,6,26,4.333333333333333,7,2,2025-09-22
4703,location 1,2,severity_type 1,resource_type 8,1,1,4,4,18,4.5,6,1,2025-10-06
16366,location 1107,0,severity_type 1,resource_type 8,2,2,3,3,26,8.666666666666666,18,1,2025-07-26
4159,location 498,0,severity_type 2,resource_type 2,2,2,6,6,169,28.166666666666668,50,5,2025-04-08
188,location 493,0,severity_type 2,resource_type 2,2,2,6,6,6,1.0,1,1,2025-10-04
1745,location 734,1,severity_type 1,resource_type 8,2,2,5,5,29,5.8,16,1,2025-09-19
14004,location 684,2,severity_type 1,resource_type 8,2,2,4,4,105,26.25,94,3,2025-12-25
6898,location 599,1,severity_type 2,resource_type 8,1,1,2,2,8,4.0,6,2,2025-02-24
8323,location 1099,0,severity_type 1,resource_type 8,1,1,4,4,27,6.75,15,3,2025-06-03
14167,location 118,0,severity_type 2,resource_type 2,2,2,2,2,67,33.5,35,32,2025-12-04
5491,location 365,0,severity_type 1,resource_type 8,1,1,1,1,1,1.0,1,1,2025-07-07
1806,location 793,0,severity_type 1,resource_type 8,1,1,2,2,11,5.5,6,5,2025-12-11
11517,location 942,1,severity_type 1,resource_type 6,2,2,4,4,6,1.5,2,1,2025-01-05
17386,location 764,0,severity_type 1,resource_type 8,1,1,2,2,2,1.0,1,1,2025-01-13
15806,location 223,1,severity_type 2,resource_type 2,2,2,4,4,4,1.0,1,1,2025-10-18
61,location 284,1,severity_type 2,resource_type 2,1,1,2,2,2,1.0,1,1,2025-05-11
3719,location 744,0,severity_type 1,resource_type 8,2,2,4,4,8,2.0,2,2,2025-07-09
14141,location 1087,1,severity_type 1,resource_type 8,2,2,3,3,4,1.3333333333333333,2,1,2025-06-06
16409,location 12,0,severity_type 1,resource_type 8,1,1,4,4,6,1.5,2,1,2025-05-29
12177,location 251,1,severity_type 2,resource_type 2,2,2,2,2,2,1.0,1,1,2025-12-09
15789,location 128,0,severity_type 2,resource_type 2,2,2,4,4,6,1.5,2,1,2025-02-04
54,location 488,0,severity_type 2,resource_type 2,2,2,10,10,36,3.6,8,2,2025-10-09
8839,location 163,0,severity_type 2,resource_type 2,2,2,5,5,5,1.0,1,1,2025-11-21
5551,location 645,1,severity_type 1,resource_type 2,2,2,2,2,418,209.0,210,208,2025-08-28
15160,location 36,1,severity_type 1,resource_type 8,1,1,2,2,2,1.0,1,1,2025-05-25
12567,location 566,2,severity_type 1,resource_type 2,2,2,4,4,58,14.5,39,1,2025-02-28
480,location 899,0,severity_type 2,resource_type 2,1,1,1,1,1,1.0,1,1,2025-09-07
8341,location 332,0,severity_type 1,resource_type 2,3,3,4,4,4,1.0,1,1,2025-06-21
2209,location 963,0,severity_type 1,resource_type 8,1,1,3,3,59,19.666666666666668,28,9,2025-02-24
4416,location 644,0,severity_type 4,resource_type 2,2,2,2,2,6,3.0,3,3,2025-05-12
16866,location 821,1,severity_type 2,resource_type 8,1,1,4,4,17,4.25,8,2,2025-12-17
9277,location 1042,2,severity_type 2,resource_type 8,1,1,2,2,55,27.5,32,23,2025-04-07
12122,location 794,0,severity_type 1,resource_type 4,4,4,4,4,4,1.0,1,1,2025-03-07
1578,location 369,0,severity_type 2,resource_type 2,2,2,12,12,54,4.5,7,1,2025-09-06
453,location 619,0,severity_type 2,resource_type 8,1,1,1,1,5,5.0,5,5,2025-03-14
10435,location 995,0,severity_type 2,resource_type 8,1,1,3,3,27,9.0,18,1,2025-12-02
12175,location 495,0,severity_type 2,resource_type 2,2,2,2,2,38,19.0,19,19,2025-11-10
6280,location 244,0,severity_type 2,resource_type 2,2,2,2,2,69,34.5,35,34,2025-12-25
8031,location 995,1,severity_type 1,resource_type 8,2,2,6,6,505,84.16666666666667,251,1,2025-11-30
18520,location 875,0,severity_type 1,resource_type 8,1,1,2,2,3,1.5,2,1,2025-03-30
18030,location 652,0,severity_type 1,resource_type 8,3,3,4,4,6,1.5,2,1,2025-03-19
18001,location 1099,0,severity_type 1,resource_type 8,1,1,3,3,14,4.666666666666667,8,1,2025-05-06
15649,location 622,0,severity_type 1,resource_type 2,1,1,2,2,2,1.0,1,1,2025-06-21
16800,location 472,0,severity_type 4,resource_type 2,1,1,1,1,1,1.0,1,1,2025-11-18
200,location 1008,2,severity_type 2,resource_type 8,1,1,3,3,18,6.0,9,4,2025-09-25
1242,location 497,0,severity_type 2,resource_type 2,2,2,6,6,325,54.16666666666666,132,1,2025-08-24
10784,location 600,2,severity_type 2,resource_type 8,1,1,2,2,29,14.5,17,12,2025-11-17
2804,location 653,0,severity_type 2,resource_type 8,1,1,1,1,1,1.0,1,1,2025-08-24
10228,location 124,0,severity_type 2,resource_type 2,2,2,4,4,4,1.0,1,1,2025-05-19
693,location 1052,1,severity_type 1,resource_type 2,2,2,4,4,19,4.75,10,2,2025-05-31
4643,location 599,0,severity_type 1,resource_type 8,2,2,2,2,4,2.0,2,2,2025-07-08
4588,location 360,1,severity_type 1,resource_type 2,3,3,4,4,4,1.0,1,1,2025-02-02
18037,location 981,0,severity_type 1,resource_type 2,1,1,2,2,2,1.0,1,1,2025-09-28
3706,location 810,2,severity_type 1,resource_type 8,2,2,2,2,14,7.0,8,6,2025-08-27
1269,location 963,0,severity_type 1,resource_type 8,1,1,3,3,106,35.333333333333336,55,19,2025-09-24
12999,location 810,1,severity_type 2,resource_type 8,1,1,2,2,6,3.0,4,2,2025-07-14
14605,location 1021,2,severity_type 1,resource_type 8,1,1,4,4,33,8.25,11,6,2025-10-13
3025,location 808,0,severity_type 1,resource_type 8,2,2,2,2,16,8.0,10,6,2025-12-13
5129,location 851,1,severity_type 4,resource_type 7,1,1,2,2,2,1.0,1,1,2025-07-28
13730,location 600,0,severity_type 2,resource_type 8,1,1,2,2,24,12.0,19,5,2025-06-12
16864,location 127,0,severity_type 2,resource_type 2,2,2,3,3,4,1.3333333333333333,2,1,2025-02-08
5226,location 314,1,severity_type 1,resource_type 2,1,1,1,1,1,1.0,1,1,2025-10-12
11612,location 821,0,severity_type 1,resource_type 2,3,3,2,2,2,1.0,1,1,2025-11-26
13492,location 653,1,severity_type 1,resource_type 8,2,2,5,5,151,30.2,89,1,2025-09-13
1251,location 962,0,severity_type 2,resource_type 8,1,1,2,2,49,24.5,34,15,2025-11-12
11410,location 1086,1,severity_type 2,resource_type 8,1,1,2,2,3,1.5,2,1,2025-11-11
605,location 1052,0,severity_type 2,resource_type 8,1,1,1,1,5,5.0,5,5,2025-10-19
11034,location 504,0,severity_type 2,resource_type 2,2,2,2,2,20,10.0,10,10,2025-07-03
10932,location 679,1,severity_type 1,resource_type 8,1,1,2,2,34,17.0,17,17,2025-02-06
10060,location 823,0,severity_type 2,resource_type 8,1,1,1,1,5,5.0,5,5,2025-01-02
5504,location 995,2,severity_type 1,resource_type 1,3,3,10,10,115,11.5,41,1,2025-03-16
16406,location 944,0,severity_type 2,resource_type 8,1,1,1,1,1,1.0,1,1,2025-06-07
691,location 931,0,severity_type 2,resource_type 8,1,1,2,2,5,2.5,4,1,2025-09-29
10769,location 497,0,severity_type 2,resource_type 2,2,2,5,5,372,74.4,141,5,2025-06-16
14902,location 759,1,severity_type 1,resource_type 8,1,1,2,2,2,1.0,1,1,2025-01-09
7326,location 830,0,severity_type 1,resource_type 8,1,1,2,2,349,174.5,200,149,2025-03-18
4290,location 1024,0,severity_type 1,resource_type 8,1,1,2,2,2,1.0,1,1,2025-12-24
3465,location 1008,0,severity_type 2,resource_type 8,1,1,2,2,64,32.0,36,28,2025-12-27
11713,location 373,0,severity_type 2,resource_type 2,2,2,2,2,146,73.0,74,72,2025-05-18
13062,location 704,1,severity_type 2,resource_type 8,1,1,2,2,51,25.5,30,21,2025-10-21
13381,location 471,0,severity_type 2,resource_type 2,2,2,5,5,12,2.4,5,1,2025-09-20
10686,location 1095,1,severity_type 1,resource_type 8,2,2,2,2,4,2.0,3,1,2025-12-06
1752,location 287,0,severity_type 2,resource_type 2,1,1,2,2,2,1.0,1,1,2025-11-20
10831,location 469,0,severity_type 2,resource_type 2,2,2,9,9,140,15.555555555555555,25,1,2025-08-18
7602,location 208,1,severity_type 2,resource_type 2,2,2,2,2,2,1.0,1,1,2025-05-25
5558,location 91,0,severity_type 2,resource_type 2,2,2,2,2,680,340.0,346,334,2025-08-17
4205,location 632,0,severity_type 2,resource_type 8,1,1,1,1,1,1.0,1,1,2025-04-27
4469,location 1067,0,severity_type 2,resource_type 8,1,1,2,2,5,2.5,3,2,2025-05-08
11593,location 904,0,severity_type 1,resource_type 2,1,1,2,2,4,2.0,2,2,2025-08-11
7180,location 1084,1,severity_type 1,resource_type 8,2,2,3,3,6,2.0,2,2,2025-07-28
5046,location 584,1,severity_type 1,resource_type 8,1,1,2,2,5,2.5,3,2,2025-08-01
3138,location 91,0,severity_type 2,resource_type 2,2,2,2,2,249,124.5,167,82,2025-05-21
13052,location 613,0,severity_type 1,resource_type 8,2,2,2,2,54,27.0,40,14,2025-05-30
11546,location 7,2,severity_type 1,resource_type 8,2,2,7,7,108,15.428571428571429,79,1,2025-01-04
12597,location 609,1,severity_type 2,resource_type 8,3,3,5,5,13,2.6,6,1,2025-08-08
638,location 371,1,severity_type 2,resource_type 2,2,2,8,8,12,1.5,2,1,2025-07-30
17095,location 653,0,severity_type 2,resource_type 8,1,1,2,2,8,4.0,6,2,2025-12-08
2103,location 1075,1,severity_type 2,resource_type 8,1,1,2,2,20,10.0,18,2,2025-07-04
10979,location 995,1,severity_type 1,resource_type 8,2,2,3,3,29,9.666666666666666,12,6,2025-06-20
16797,location 944,1,severity_type 1,resource_type 8,1,1,4,4,19,4.75,10,1,2025-01-25
17874,location 1042,1,severity_type 2,resource_type 8,1,1,2,2,5,2.5,4,1,2025-03-13
15517,location 1018,1,severity_type 1,resource_type 8,2,2,4,4,11,2.75,3,2,2025-05-04
3707,location 1048,0,severity_type 2,resource_type 8,1,1,2,2,3,1.5,2,1,2025-05-18
10514,location 793,0,severity_type 1,resource_type 8,1,1,2,2,120,60.0,83,37,2025-05-13
14972,location 899,0,severity_type 4,resource_type 2,1,1,1,1,1,1.0,1,1,2025-05-24
10617,location 236,0,severity_type 1,resource_type 2,2,2,3,3,3,1.0,1,1,2025-10-08
13684,location 607,0,severity_type 2,resource_type 8,2,2,2,2,3,1.5,2,1,2025-02-17
926,location 1064,0,severity_type 1,resource_type 2,1,1,2,2,4,2.0,2,2,2025-05-02
4817,location 918,2,severity_type 1,resource_type 8,1,1,2,2,9,4.5,6,3,2025-03-01
4690,location 768,0,severity_type 1,resource_type 8,1,1,2,2,2,1.0,1,1,2025-04-23
2008,location 1007,0,severity_type 1,resource_type 8,2,2,2,2,12,6.0,7,5,2025-09-07
81,location 147,0,severity_type 4,resource_type 2,1,1,3,3,3,1.0,1,1,2025-01-18
11687,location 1026,0,severity_type 1,resource_type 8,1,1,2,2,9,4.5,5,4,2025-05-04
10305,location 477,0,severity_type 2,resource_type 2,2,2,4,4,77,19.25,34,8,2025-01-09
12514,location 363,0,severity_type 2,resource_type 2,2,2,4,4,9,2.25,3,1,2025-12-15
293,location 133,1,severity_type 2,resource_type 2,2,2,2,2,2,1.0,1,1,2025-09-23
10212,location 853,0,severity_type 1,resource_type 8,1,1,1,1,4,4.0,4,4,2025-03-30
5927,location 124,0,severity_type 2,resource_type 2,2,2,7,7,34,4.857142857142857,8,1,2025-03-14
15911,location 684,0,severity_type 2,resource_type 8,1,1,1,1,2,2.0,2,2,2025-02-06
5424,location 305,1,severity_type 2,resource_type 2,2,2,2,2,2,1.0,1,1,2025-06-22
8298,location 925,1,severity_type 1,resource_type 8,1,1,3,3,10,3.333333333333333,6,1,2025-10-03
881,location 889,0,severity_type 2,resource_type 8,1,1,1,1,1,1.0,1,1,2025-08-02
452,location 821,1,severity_type 2,resource_type 8,1,1,2,2,8,4.0,6,2,2025-11-18
3956,location 268,1,severity_type 1,resource_type 2,2,2,6,6,6,1.0,1,1,2025-05-06
10746,location 245,0,severity_type 2,resource_type 2,2,2,2,2,6,3.0,3,3,2025-04-12
5738,location 471,0,severity_type 2,resource_type 2,2,2,4,4,6,1.5,2,1,2025-06-24
15113,location 946,0,severity_type 1,resource_type 8,1,1,2,2,3,1.5,2,1,2025-03-15
10268,location 893,0,severity_type 1,resource_type 2,3,3,6,6,62,10.333333333333334,13,2,2025-12-23
1672,location 288,0,severity_type 2,resource_type 2,2,2,2,2,6,3.0,3,3,2025-03-09
14655,location 803,1,severity_type 1,resource_type 8,1,1,3,3,17,5.666666666666667,10,2,2025-06-24
4591,location 1019,0,severity_type 2,resource_type 8,1,1,1,1,7,7.0,7,7,2025-07-10
15458,location 92,0,severity_type 2,resource_type 2,2,2,2,2,26,13.0,14,12,2025-01-21
6195,location 600,2,severity_type 2,resource_type 8,1,1,2,2,15,7.5,11,4,2025-06-20
234,location 714,1,severity_type 1,resource_type 6,1,1,1,1,1,1.0,1,1,2025-06-15
14567,location 92,0,severity_type 2,resource_type 2,2,2,4,4,29,7.25,13,2,2025-04-05
3212,location 1097,1,severity_type 1,resource_type 8,1,1,1,1,1,1.0,1,1,2025-02-16
8513,location 869,0,severity_type 1,resource_type 2,1,1,1,1,1,1.0,1,1,2025-01-17
12746,location 128,0,severity_type 2,resource_type 2,2,2,4,4,8,2.0,3,1,2025-01-04
3716,location 834,0,severity_type 2,resource_type 8,1,1,2,2,12,6.0,6,6,2025-06-25
4441,location 627,0,severity_type 2,resource_type 7,3,3,3,3,3,1.0,1,1,2025-02-02
12966,location 342,1,severity_type 2,resource_type 2,2,2,4,4,18,4.5,7,2,2025-12-17
1872,location 576,0,severity_type 1,resource_type 8,1,1,2,2,9,4.5,8,1,2025-03-31
1854,location 467,0,severity_type 4,resource_type 2,1,1,1,1,1,1.0,1,1,2025-08-27
3348,location 817,0,severity_type 1,resource_type 2,1,1,2,2,2,1.0,1,1,2025-09-03
18353,location 1081,0,severity_type 1,resource_type 8,2,2,2,2,6,3.0,4,2,2025-06-30
12055,location 1052,0,severity_type 2,resource_type 8,1,1,3,3,4,1.3333333333333333,2,1,2025-11-19
8079,location 1042,1,severity_type 2,resource_type 8,1,1,2,2,9,4.5,7,2,2025-02-10
3820,location 235,0,severity_type 2,resource_type 2,1,1,2,2,2,1.0,1,1,2025-03-27
15965,location 97,0,severity_type 2,resource_type 2,2,2,5,5,10,2.0,4,1,2025-04-03
5355,location 810,2,severity_type 1,resource_type 8,2,2,1,1,2,2.0,2,2,2025-02-19
4689,location 980,0,severity_type 1,resource_type 2,1,1,2,2,2,1.0,1,1,2025-04-18
1644,location 584,1,severity_type 1,resource_type 8,2,2,4,4,9,2.25,6,1,2025-04-25
16577,location 821,2,severity_type 1,resource_type 2,3,3,4,4,77,19.25,32,8,2025-10-07
9352,location 95,1,severity_type 2,resource_type 2,2,2,10,10,10,1.0,1,1,2025-04-21
11121,location 477,0,severity_type 2,resource_type 2,2,2,2,2,9,4.5,6,3,2025-11-16
969,location 1079,0,severity_type 1,resource_type 10,1,1,1,1,2,2.0,2,2,2025-10-10
8094,location 1050,0,severity_type 4,resource_type 8,3,3,4,4,9,2.25,3,1,2025-11-26
12832,location 476,0,severity_type 2,resource_type 2,2,2,4,4,207,51.75,79,24,2025-02-08
8651,location 616,0,severity_type 2,resource_type 8,1,1,2,2,2,1.0,1,1,2025-12-26
11617,location 762,0,severity_type 1,resource_type 2,1,1,2,2,4,2.0,2,2,2025-08-13
1207,location 809,0,severity_type 2,resource_type 8,1,1,2,2,11,5.5,6,5,2025-12-25
4024,location 602,0,severity_type 1,resource_type 8,1,1,1,1,2,2.0,2,2,2025-05-10
14801,location 413,1,severity_type 2,resource_type 2,2,2,2,2,2,1.0,1,1,2025-12-14
1735,location 934,0,severity_type 1,resource_type 2,1,1,2,2,2,1.0,1,1,2025-08-03
4144,location 651,1,severity_type 1,resource_type 8,1,1,1,1,3,3.0,3,3,2025-01-27
8222,location 619,0,severity_type 1,resource_type 8,1,1,4,4,16,4.0,12,1,2025-05-30
5490,location 522,0,severity_type 2,resource_type 2,2,2,4,4,6,1.5,2,1,2025-02-20
17537,location 208,0,severity_type 4,resource_type 2,1,1,2,2,2,1.0,1,1,2025-12-10
4813,location 821,0,severity_type 1,resource_type 8,2,2,6,6,49,8.166666666666666,14,2,2025-04-22
1193,location 1067,1,severity_type 1,resource_type 8,1,1,2,2,2,1.0,1,1,2025-03-23
5152,location 244,0,severity_type 2,resource_type 2,2,2,2,2,52,26.0,28,24,2025-07-21
16629,location 181,0,severity_type 4,resource_type 2,1,1,2,2,2,1.0,1,1,2025-06-05
4842,location 499,0,severity_type 2,resource_type 2,2,2,6,6,427,71.16666666666667,98,47,2025-02-05
5683,location 644,1,severity_type 1,resource_type 2,3,3,4,4,39,9.75,12,3,2025-10-26
13447,location 1100,2,severity_type 1,resource_type 8,2,2,4,4,128,32.0,84,3,2025-11-05
13179,location 810,0,severity_type 1,resource_type 8,2,2,2,2,18,9.0,16,2,2025-09-29
1577,location 272,1,severity_type 1,resource_type 2,2,2,3,3,3,1.0,1,1,2025-08-14
7542,location 808,0,severity_type 2,resource_type 8,1,1,2,2,9,4.5,8,1,2025-05-27
4340,location 460,0,severity_type 2,resource_type 2,2,2,2,2,9,4.5,5,4,2025-07-17
1692,location 817,0,severity_type 1,resource_type 8,2,2,2,2,12,6.0,10,2,2025-07-10
10801,location 398,0,severity_type 4,resource_type 2,1,1,4,4,4,1.0,1,1,2025-03-02
8755,location 448,1,severity_type 2,resource_type 2,2,2,2,2,10,5.0,5,5,2025-01-30
5232,location 821,2,severity_type 2,resource_type 8,1,1,2,2,21,10.5,12,9,2025-04-03
496,location 481,0,severity_type 2,resource_type 2,2,2,4,4,96,24.0,26,22,2025-06-15
13177,location 13,0,severity_type 1,resource_type 6,2,2,5,5,38,7.6,23,1,2025-02-28
16598,location 122,0,severity_type 2,resource_type 2,2,2,8,8,16,2.0,4,1,2025-02-08
13912,location 23,1,severity_type 1,resource_type 8,1,1,1,1,1,1.0,1,1,2025-11-07
11152,location 474,0,severity_type 4,resource_type 2,1,1,1,1,1,1.0,1,1,2025-05-17
11616,location 13,0,severity_type 4,resource_type 7,2,2,3,3,6,2.0,3,1,2025-08-02
10576,location 175,0,severity_type 2,resource_type 8,3,3,5,5,5,1.0,1,1,2025-07-11
3748,location 962,0,severity_type 1,resource_type 8,2,2,2,2,12,6.0,6,6,2025-09-26
13658,location 498,0,severity_type 2,resource_type 2,2,2,4,4,10,2.5,5,1,2025-09-28
15082,location 488,0,severity_type 2,resource_type 2,2,2,4,4,38,9.5,18,2,2025-04-19
3451,location 103,0,severity_type 2,resource_type 2,1,1,2,2,2,1.0,1,1,2025-11-06
17677,location 384,0,severity_type 2,resource_type 2,2,2,5,5,5,1.0,1,1,2025-05-16
13700,location 691,1,severity_type 2,resource_type 7,3,3,7,7,36,5.142857142857143,16,1,2025-11-01
13294,location 588,0,severity_type 1,resource_type 2,1,1,2,2,2,1.0,1,1,2025-05-28
8748,location 280,0,severity_type 2,resource_type 2,2,2,2,2,4,2.0,2,2,2025-02-10
400,location 1017,1,severity_type 1,resource_type 8,1,1,2,2,5,2.5,3,2,2025-10-05
3403,location 599,2,severity_type 1,resource_type 8,2,2,4,4,34,8.5,20,1,2025-01-12
7311,location 1062,0,severity_type 1,resource_type 2,1,1,2,2,2,1.0,1,1,2025-10-09
9966,location 906,0,severity_type 2,resource_type 8,1,1,2,2,4,2.0,2,2,2025-01-16
1172,location 344,0,severity_type 2,resource_type 2,2,2,2,2,7,3.5,4,3,2025-03-17
17703,location 943,1,severity_type 1,resource_type 8,2,2,3,3,14,4.666666666666667,8,2,2025-08-09
272,location 497,0,severity_type 2,resource_type 2,2,2,6,6,97,16.166666666666668,33,2,2025-12-10
7618,location 1054,0,severity_type 2,resource_type 8,1,1,1,1,1,1.0,1,1,2025-05-30
15031,location 939,0,severity_type 1,resource_type 8,2,2,2,2,8,4.0,4,4,2025-02-14
3275,location 139,1,severity_type 2,resource_type 2,2,2,4,4,12,3.0,4,2,2025-03-27
7534,location 149,0,severity_type 2,resource_type 2,2,2,8,8,94,11.75,33,1,2025-11-24
778,location 812,0,severity_type 1,resource_type 8,1,1,3,3,857,285.6666666666667,502,1,2025-09-23
9492,location 643,1,severity_type 1,resource_type 2,2,2,4,4,5,1.25,2,1,2025-02-06
14949,location 1091,0,severity_type 1,resource_type 8,1,1,1,1,1,1.0,1,1,2025-05-21
12178,location 684,1,severity_type 2,resource_type 8,1,1,2,2,43,21.5,42,1,2025-04-07
2300,location 445,0,severity_type 4,resource_type 2,1,1,1,1,1,1.0,1,1,2025-03-06
6571,location 124,0,severity_type 2,resource_type 2,2,2,8,8,14,1.75,3,1,2025-11-05
17389,location 17,1,severity_type 1,resource_type 8,1,1,1,1,2,2.0,2,2,2025-08-14
16256,location 12,1,severity_type 4,resource_type 3,1,1,1,1,1,1.0,1,1,2025-03-07
11168,location 498,0,severity_type 4,resource_type 2,1,1,2,2,2,1.0,1,1,2025-08-26
13741,location 702,1,severity_type 1,resource_type 8,1,1,2,2,9,4.5,6,3,2025-05-31
4058,location 767,1,severity_type 1,resource_type 6,2,2,4,4,20,5.0,12,2,2025-01-23
9495,location 181,0,severity_type 1,resource_type 2,2,2,3,3,3,1.0,1,1,2025-06-14
1695,location 899,0,severity_type 1,resource_type 2,2,2,4,4,26,6.5,8,5,2025-03-09
13069,location 448,0,severity_type 2,resource_type 2,2,2,4,4,4,1.0,1,1,2025-03-31
9437,location 350,1,severity_type 2,resource_type 2,2,2,2,2,4,2.0,2,2,2025-11-17
17027,location 684,2,severity_type 1,resource_type 8,2,2,4,4,16,4.0,8,1,2025-09-17
13516,location 494,0,severity_type 2,resource_type 2,2,2,6,6,73,12.166666666666666,24,3,2025-02-18
7232,location 499,0,severity_type 2,resource_type 2,2,2,6,6,39,6.5,10,2,2025-11-07
18325,location 962,2,severity_type 1,resource_type 8,2,2,4,4,135,33.75,93,3,2025-07-29
9476,location 1024,0,severity_type 1,resource_type 8,1,1,2,2,14,7.0,7,7,2025-11-16
12801,location 899,0,severity_type 1,resource_type 2,3,3,6,6,8,1.3333333333333333,2,1,2025-09-30
12752,location 499,0,severity_type 2,resource_type 2,2,2,6,6,237,39.5,57,32,2025-05-04
10838,location 884,2,severity_type 1,resource_type 8,1,1,1,1,5,5.0,5,5,2025-07-15
16291,location 821,0,severity_type 1,resource_type 8,3,3,4,4,18,4.5,8,1,2025-07-13
17450,location 880,0,severity_type 1,resource_type 8,1,1,2,2,2,1.0,1,1,2025-09-20
2259,location 244,0,severity_type 2,resource_type 2,2,2,2,2,72,36.0,36,36,2025-04-01
9542,location 851,1,severity_type 1,resource_type 6,1,1,2,2,2,1.0,1,1,2025-05-02
18419,location 600,2,severity_type 2,resource_type 8,1,1,2,2,90,45.0,59,31,2025-03-31
7337,location 889,0,severity_type 1,resource_type 8,1,1,2,2,4,2.0,2,2,2025-04-19
748,location 1017,0,severity_type 1,resource_type 8,1,1,2,2,21,10.5,11,10,2025-02-28
8104,location 846,2,severity_type 2,resource_type 8,1,1,2,2,63,31.5,35,28,2025-01-14
1299,location 737,0,severity_type 2,resource_type 8,1,1,1,1,1,1.0,1,1,2025-12-10
8676,location 118,0,severity_type 2,resource_type 2,2,2,2,2,3,1.5,2,1,2025-01-28
9898,location 102,0,severity_type 2,resource_type 2,2,2,12,12,20,1.6666666666666667,5,1,2025-11-21
2017,location 1038,1,severity_type 1,resource_type 8,1,1,2,2,4,2.0,3,1,2025-01-02
12304,location 995,2,severity_type 2,resource_type 8,1,1,2,2,8,4.0,4,4,2025-10-11
604,location 141,1,severity_type 2,resource_type 2,2,2,7,7,9,1.2857142857142858,2,1,2025-04-30
2966,location 653,0,severity_type 1,resource_type 8,2,2,3,3,22,7.333333333333333,18,1,2025-07-08
3161,location 809,0,severity_type 2,resource_type 8,1,1,2,2,3,1.5,2,1,2025-04-14
17525,location 1018,1,severity_type 1,resource_type 8,2,2,2,2,17,8.5,11,6,2025-06-29
9500,location 465,0,severity_type 2,resource_type 2,2,2,2,2,34,17.0,17,17,2025-06-14
15300,location 93,0,severity_type 1,resource_type 2,3,3,3,3,3,1.0,1,1,2025-07-13
575,location 756,1,severity_type 1,resource_type 8,1,1,2,2,10,5.0,5,5,2025-05-24
1707,location 505,0,severity_type 2,resource_type 2,2,2,2,2,118,59.0,61,57,2025-07-15
5714,location 102,0,severity_type 2,resource_type 2,2,2,12,12,72,6.0,14,1,2025-10-29
5116,location 499,0,severity_type 2,resource_type 2,2,2,6,6,202,33.666666666666664,57,12,2025-06-08
4711,location 931,0,severity_type 1,resource_type 8,2,2,2,2,25,12.5,14,11,2025-05-12
2125,location 603,1,severity_type 1,resource_type 8,1,1,3,3,8,2.6666666666666665,4,2,2025-02-18
9602,location 420,1,severity_type 2,resource_type 2,2,2,2,2,2,1.0,1,1,2025-05-12
14024,location 314,0,severity_type 2,resource_type 2,2,2,2,2,10,5.0,5,5,2025-02-15
5633,location 738,1,severity_type 2,resource_type 8,1,1,4,4,6,1.5,2,1,2025-03-08
8296,location 834,0,severity_type 2,resource_type 8,1,1,1,1,6,6.0,6,6,2025-12-14
14538,location 118,0,severity_type 2,resource_type 2,2,2,2,2,53,26.5,27,26,2025-02-02
16204,location 1107,2,severity_type 1,resource_type 8,2,2,4,4,108,27.0,59,4,2025-06-25
7669,location 709,0,severity_type 2,resource_type 8,1,1,2,2,5,2.5,3,2,2025-11-01
10787,location 284,0,severity_type 2,resource_type 8,1,1,2,2,3,1.5,2,1,2025-12-14
10238,location 467,0,severity_type 2,resource_type 2,2,2,4,4,6,1.5,3,1,2025-02-23
18412,location 977,0,severity_type 1,resource_type 9,4,4,6,6,10,1.6666666666666667,3,1,2025-03-01
3717,location 810,2,severity_type 1,resource_type 8,2,2,4,4,49,12.25,28,2,2025-05-16
10132,location 810,1,severity_type 1,resource_type 8,2,2,4,4,32,8.0,26,1,2025-07-22
6521,location 603,0,severity_type 1,resource_type 8,1,1,1,1,1,1.0,1,1,2025-12-17
10472,location 484,0,severity_type 2,resource_type 2,2,2,2,2,6,3.0,3,3,2025-03-17
5666,location 228,0,severity_type 2,resource_type 2,2,2,4,4,6,1.5,2,1,2025-03-02
15565,location 116,0,severity_type 2,resource_type 2,2,2,2,2,17,8.5,11,6,2025-04-03
3210,location 899,0,severity_type 1,resource_type 2,2,2,4,4,4,1.0,1,1,2025-11-16
16024,location 1014,1,severity_type 1,resource_type 4,2,2,2,2,26,13.0,13,13,2025-01-11
10120,location 1082,1,severity_type 1,resource_type 8,1,1,3,3,3,1.0,1,1,2025-05-19
18428,location 126,0,severity_type 2,resource_type 2,2,2,7,7,10,1.4285714285714286,3,1,2025-02-13
10923,location 406,1,severity_type 2,resource_type 2,2,2,6,6,6,1.0,1,1,2025-02-27
17166,location 578,0,severity_type 1,resource_type 2,1,1,2,2,2,1.0,1,1,2025-12-01
17004,location 601,0,severity_type 2,resource_type 4,2,2,3,3,11,3.6666666666666665,4,3,2025-01-01
13763,location 763,0,severity_type 1,resource_type 8,2,2,4,4,70,17.5,48,1,2025-04-28
8227,location 734,1,severity_type 1,resource_type 8,2,2,3,3,26,8.666666666666666,14,1,2025-12-01
5772,location 447,0,severity_type 2,resource_type 2,2,2,5,5,7,1.4,2,1,2025-08-10
12575,location 471,0,severity_type 2,resource_type 2,2,2,19,19,127,6.684210526315789,13,1,2025-01-27
498,location 734,2,severity_type 1,resource_type 8,1,1,1,1,2,2.0,2,2,2025-06-19
4123,location 627,1,severity_type 2,resource_type 7,3,3,5,5,11,2.2,4,1,2025-12-21
6971,location 977,0,severity_type 5,resource_type 9,1,1,2,2,11,5.5,6,5,2025-05-27
6014,location 821,1,severity_type 2,resource_type 8,1,1,2,2,8,4.0,5,3,2025-07-12
10544,location 242,0,severity_type 2,resource_type 8,3,3,4,4,12,3.0,5,1,2025-07-14
4108,location 613,2,severity_type 1,resource_type 8,3,3,4,4,40,10.0,26,1,2025-08-30
1537,location 266,0,severity_type 2,resource_type 2,2,2,4,4,4,1.0,1,1,2025-03-10
17175,location 124,0,severity_type 2,resource_type 2,2,2,8,8,34,4.25,6,2,2025-11-03
15638,location 461,0,severity_type 2,resource_type 2,2,2,4,4,27,6.75,13,1,2025-12-27
12233,location 1024,0,severity_type 1,resource_type 8,1,1,3,3,54,18.0,29,6,2025-02-22
13606,location 1019,0,severity_type 2,resource_type 8,1,1,2,2,32,16.0,25,7,2025-10-26
6058,location 702,0,severity_type 1,resource_type 2,1,1,2,2,2,1.0,1,1,2025-10-26
119,location 1052,1,severity_type 2,resource_type 8,1,1,2,2,6,3.0,5,1,2025-09-28
18550,location 12,0,severity_type 1,resource_type 8,1,1,2,2,6,3.0,3,3,2025-05-16
18095,location 470,0,severity_type 2,resource_type 2,2,2,2,2,6,3.0,4,2,2025-06-21
3543,location 380,0,severity_type 2,resource_type 2,2,2,2,2,25,12.5,13,12,2025-11-03
5449,location 106,0,severity_type 4,resource_type 2,1,1,1,1,1,1.0,1,1,2025-02-25
7216,location 853,2,severity_type 1,resource_type 8,1,1,1,1,2,2.0,2,2,2025-10-30
5246,location 347,0,severity_type 4,resource_type 2,1,1,1,1,1,1.0,1,1,2025-12-03
4271,location 821,1,severity_type 1,resource_type 8,3,3,6,6,46,7.666666666666667,20,2,2025-09-06
18377,location 240,1,severity_type 2,resource_type 2,2,2,4,4,6,1.5,2,1,2025-05-05
2773,location 825,1,severity_type 1,resource_type 8,2,2,2,2,4,2.0,2,2,2025-07-24
18287,location 360,0,severity_type 1,resource_type 8,1,1,1,1,1,1.0,1,1,2025-01-19
9270,location 416,1,severity_type 1,resource_type 2,3,3,7,7,15,2.142857142857143,4,1,2025-12-07
8307,location 173,1,severity_type 2,resource_type 2,2,2,3,3,3,1.0,1,1,2025-05-05
8535,location 763,2,severity_type 1,resource_type 8,2,2,4,4,44,11.0,24,6,2025-01-21
13632,location 1037,0,severity_type 1,resource_type 2,1,1,1,1,1,1.0,1,1,2025-10-17
14940,location 1107,1,severity_type 1,resource_type 8,2,2,4,4,8,2.0,2,2,2025-08-29
5037,location 976,1,severity_type 2,resource_type 8,1,1,2,2,11,5.5,10,1,2025-08-16
9376,location 484,0,severity_type 1,resource_type 2,3,3,10,10,25,2.5,9,1,2025-01-20
4986,location 16,0,severity_type 2,resource_type 8,1,1,1,1,1,1.0,1,1,2025-10-02
4117,location 826,1,severity_type 1,resource_type 6,2,2,3,3,5,1.6666666666666667,2,1,2025-08-21
7241,location 288,0,severity_type 4,resource_type 2,1,1,3,3,4,1.3333333333333333,2,1,2025-10-17
11748,location 496,0,severity_type 2,resource_type 2,2,2,4,4,57,14.25,16,13,2025-10-29
1020,location 480,0,severity_type 2,resource_type 2,2,2,4,4,5,1.25,2,1,2025-03-19
17108,location 818,1,severity_type 1,resource_type 2,2,2,2,2,3,1.5,2,1,2025-03-18
5218,location 496,0,severity_type 2,resource_type 2,2,2,5,5,7,1.4,2,1,2025-12-04
11110,location 124,0,severity_type 2,resource_type 2,2,2,6,6,19,3.1666666666666665,6,2,2025-07-13
10527,location 878,0,severity_type 1,resource_type 8,1,1,2,2,18,9.0,10,8,2025-06-09
678,location 363,0,severity_type 2,resource_type 2,2,2,6,6,8,1.3333333333333333,2,1,2025-04-15
17017,location 1019,2,severity_type 2,resource_type 8,1,1,2,2,20,10.0,12,8,2025-08-22
2518,location 798,1,severity_type 1,resource_type 8,2,2,2,2,19,9.5,13,6,2025-10-03
10911,location 211,0,severity_type 4,resource_type 2,1,1,1,1,2,2.0,2,2,2025-01-01
8389,location 838,0,severity_type 2,resource_type 8,1,1,2,2,2,1.0,1,1,2025-07-21
8811,location 803,0,severity_type 4,resource_type 8,1,1,1,1,1,1.0,1,1,2025-12-29
5872,location 159,0,severity_type 2,resource_type 2,2,2,2,2,13,6.5,7,6,2025-04-13
14672,location 691,0,severity_type 1,resource_type 7,3,3,4,4,7,1.75,2,1,2025-04-13
15028,location 826,1,severity_type 1,resource_type 6,2,2,3,3,6,2.0,2,2,2025-11-17
6894,location 78,1,severity_type 1,resource_type 8,1,1,2,2,3,1.5,2,1,2025-01-23
17103,location 1052,0,severity_type 1,resource_type 2,2,2,1,1,4,4.0,4,4,2025-05-26
11005,location 1008,0,severity_type 1,resource_type 8,2,2,4,4,36,9.0,26,1,2025-06-17
7733,location 823,1,severity_type 2,resource_type 8,1,1,1,1,2,2.0,2,2,2025-10-19
12690,location 1023,1,severity_type 5,resource_type 9,1,1,2,2,2,1.0,1,1,2025-02-17
3406,location 484,0,severity_type 2,resource_type 2,2,2,3,3,14,4.666666666666667,7,1,2025-06-08
1159,location 234,0,severity_type 2,resource_type 2,2,2,3,3,3,1.0,1,1,2025-02-25
1047,location 373,0,severity_type 2,resource_type 2,2,2,4,4,71,17.75,33,5,2025-10-15
10065,location 803,1,severity_type 1,resource_type 8,1,1,2,2,7,3.5,4,3,2025-08-19
4333,location 899,0,severity_type 1,resource_type 2,2,2,4,4,32,8.0,8,8,2025-07-01
4630,location 1008,0,severity_type 2,resource_type 8,3,3,6,6,17,2.833333333333333,4,2,2025-05-24
11671,location 798,0,severity_type 2,resource_type 8,1,1,2,2,43,21.5,26,17,2025-02-25
7446,location 795,0,severity_type 2,resource_type 8,1,1,2,2,234,117.0,175,59,2025-12-03
12709,location 1106,0,severity_type 1,resource_type 8,1,1,2,2,13,6.5,7,6,2025-08-25
10816,location 1007,0,severity_type 1,resource_type 8,2,2,2,2,7,3.5,5,2,2025-04-27
14526,location 350,0,severity_type 1,resource_type 2,2,2,4,4,4,1.0,1,1,2025-06-01
9631,location 600,2,severity_type 2,resource_type 8,1,1,2,2,19,9.5,14,5,2025-09-23
3839,location 649,1,severity_type 1,resource_type 8,1,1,4,4,44,11.0,20,2,2025-09-20
4740,location 1014,1,severity_type 1,resource_type 6,1,1,2,2,6,3.0,3,3,2025-06-18
14746,location 509,0,severity_type 2,resource_type 2,2,2,8,8,118,14.75,36,1,2025-04-21
16704,location 490,0,severity_type 2,resource_type 2,2,2,12,12,76,6.333333333333333,15,2,2025-08-29
3349,location 125,0,severity_type 2,resource_type 2,2,2,4,4,10,2.5,4,1,2025-08-29
8065,location 157,0,severity_type 2,resource_type 2,2,2,2,2,3,1.5,2,1,2025-08-07
15869,location 1052,0,severity_type 1,resource_type 8,2,2,2,2,24,12.0,17,7,2025-01-27
2918,location 362,0,severity_type 1,resource_type 8,3,3,3,3,3,1.0,1,1,2025-06-22
16703,location 902,0,severity_type 2,resource_type 8,2,2,2,2,3,1.5,2,1,2025-08-13
8419,location 1065,0,severity_type 2,resource_type 2,1,1,2,2,3,1.5,2,1,2025-12-13
8473,location 816,1,severity_type 1,resource_type 8,1,1,1,1,1,1.0,1,1,2025-07-11
18305,location 182,0,severity_type 2,resource_type 2,2,2,2,2,2,1.0,1,1,2025-05-06
179,location 506,0,severity_type 2,resource_type 2,2,2,4,4,193,48.25,108,1,2025-07-22
3667,location 1019,2,severity_type 2,resource_type 8,1,1,2,2,96,48.0,66,30,2025-03-06
7391,location 466,0,severity_type 2,resource_type 2,2,2,4,4,81,20.25,38,3,2025-02-03
14578,location 1046,1,severity_type 1,resource_type 6,1,1,1,1,1,1.0,1,1,2025-09-05
17669,location 500,0,severity_type 2,resource_type 2,2,2,3,3,5,1.6666666666666667,2,1,2025-12-26
13094,location 1056,1,severity_type 1,resource_type 6,1,1,1,1,1,1.0,1,1,2025-11-05
12707,location 9,0,severity_type 1,resource_type 2,3,3,2,2,7,3.5,6,1,2025-08-02
14869,location 330,0,severity_type 2,resource_type 2,2,2,4,4,5,1.25,2,1,2025-01-15
15615,location 1107,0,severity_type 1,resource_type 8,2,2,6,6,37,6.166666666666667,24,1,2025-12-27
17919,location 264,1,severity_type 1,resource_type 2,1,1,2,2,2,1.0,1,1,2025-06-14
6532,location 465,0,severity_type 2,resource_type 2,2,2,2,2,48,24.0,24,24,2025-04-16
5860,location 395,1,severity_type 2,resource_type 2,2,2,4,4,4,1.0,1,1,2025-11-22
2342,location 9,0,severity_type 1,resource_type 8,2,2,1,1,4,4.0,4,4,2025-09-30
2396,location 9,0,severity_type 2,resource_type 8,1,1,4,4,4,1.0,1,1,2025-10-01
17091,location 798,2,severity_type 2,resource_type 8,1,1,2,2,22,11.0,13,9,2025-04-12
1882,location 846,1,severity_type 1,resource_type 8,2,2,5,5,20,4.0,9,1,2025-12-29
8000,location 816,1,severity_type 1,resource_type 4,4,4,4,4,6,1.5,2,1,2025-06-15
10181,location 172,1,severity_type 1,resource_type 2,4,4,10,10,18,1.8,5,1,2025-07-13
2000,location 505,0,severity_type 2,resource_type 2,2,2,2,2,89,44.5,45,44,2025-10-02
152,location 328,0,severity_type 1,resource_type 2,3,3,4,4,4,1.0,1,1,2025-08-29
15851,location 627,0,severity_type 2,resource_type 7,3,3,3,3,18,6.0,8,5,2025-03-04
18524,location 834,1,severity_type 1,resource_type 8,3,3,4,4,20,5.0,11,2,2025-04-21
16037,location 704,1,severity_type 1,resource_type 8,2,2,5,5,31,6.2,18,2,2025-05-12
14846,location 893,0,severity_type 1,resource_type 2,3,3,5,5,30,6.0,8,3,2025-12-12
5157,location 644,0,severity_type 1,resource_type 2,3,3,3,3,48,16.0,16,16,2025-09-18
16497,location 909,2,severity_type 1,resource_type 8,3,3,4,4,14,3.5,6,2,2025-05-14
13045,location 691,0,severity_type 2,resource_type 7,3,3,9,9,93,10.333333333333334,42,1,2025-09-26
450,location 242,0,severity_type 2,resource_type 2,2,2,6,6,249,41.5,60,19,2025-09-27
13037,location 290,0,severity_type 2,resource_type 2,2,2,2,2,6,3.0,3,3,2025-05-24
14082,location 962,2,severity_type 2,resource_type 8,1,1,2,2,82,41.0,47,35,2025-05-28
17948,location 1042,2,severity_type 2,resource_type 8,1,1,2,2,12,6.0,6,6,2025-11-23
15822,location 252,0,severity_type 1,resource_type 2,1,1,2,2,2,1.0,1,1,2025-07-25
2381,location 962,1,severity_type 2,resource_type 8,1,1,2,2,20,10.0,18,2,2025-02-24
10252,location 793,0,severity_type 1,resource_type 8,1,1,2,2,8,4.0,6,2,2025-09-20
9996,location 821,2,severity_type 1,resource_type 8,2,2,6,6,32,5.333333333333333,16,1,2025-08-04
13230,location 817,0,severity_type 2,resource_type 8,1,1,1,1,1,1.0,1,1,2025-07-05
14843,location 188,0,severity_type 1,resource_type 2,2,2,3,3,3,1.0,1,1,2025-09-22
12493,location 137,0,severity_type 1,resource_type 2,3,3,5,5,7,1.4,2,1,2025-11-28
14758,location 1115,0,severity_type 2,resource_type 8,1,1,1,1,1,1.0,1,1,2025-05-01
12308,location 1018,0,severity_type 1,resource_type 8,2,2,3,3,5,1.6666666666666667,2,1,2025-06-03
2993,location 195,1,severity_type 2,resource_type 2,2,2,2,2,3,1.5,2,1,2025-03-11
17169,location 505,0,severity_type 2,resource_type 2,2,2,4,4,178,44.5,100,1,2025-08-25
8638,location 961,0,severity_type 1,resource_type 8,1,1,2,2,3,1.5,2,1,2025-05-27
4572,location 707,0,severity_type 1,resource_type 8,2,2,2,2,7,3.5,4,3,2025-05-05
13860,location 1067,1,severity_type 1,resource_type 8,2,2,3,3,6,2.0,3,1,2025-09-12
8514,location 1075,2,severity_type 2,resource_type 8,1,1,2,2,49,24.5,28,21,2025-05-29
2269,location 814,0,severity_type 1,resource_type 8,1,1,2,2,12,6.0,7,5,2025-06-19
17068,location 1052,0,severity_type 2,resource_type 2,2,2,1,1,4,4.0,4,4,2025-06-10
14053,location 653,0,severity_type 1,resource_type 8,2,2,6,6,41,6.833333333333333,17,2,2025-04-05
5603,location 846,0,severity_type 2,resource_type 8,1,1,1,1,6,6.0,6,6,2025-02-15
5497,location 821,2,severity_type 1,resource_type 8,2,2,5,5,153,30.6,78,1,2025-10-29
13553,location 9,0,severity_type 1,resource_type 8,3,3,1,1,8,8.0,8,8,2025-02-03
10421,location 91,0,severity_type 2,resource_type 2,2,2,2,2,401,200.5,228,173,2025-04-29
16174,location 925,0,severity_type 1,resource_type 8,1,1,2,2,2,1.0,1,1,2025-09-01
1132,location 814,0,severity_type 1,resource_type 8,1,1,3,3,93,31.0,54,11,2025-02-17
7006,location 653,0,severity_type 2,resource_type 8,1,1,2,2,17,8.5,16,1,2025-08-28
3432,location 909,1,severity_type 1,resource_type 8,2,2,2,2,2,1.0,1,1,2025-09-25
1171,location 696,1,severity_type 1,resource_type 8,1,1,2,2,19,9.5,16,3,2025-08-30
14635,location 460,0,severity_type 2,resource_type 2,2,2,2,2,3,1.5,2,1,2025-04-22
8554,location 659,1,severity_type 1,resource_type 8,1,1,1,1,1,1.0,1,1,2025-01-08
16039,location 400,0,severity_type 2,resource_type 2,2,2,2,2,6,3.0,4,2,2025-11-20
3192,location 931,0,severity_type 1,resource_type 8,2,2,4,4,21,5.25,12,1,2025-04-30
10739,location 1061,1,severity_type 2,resource_type 8,1,1,3,3,14,4.666666666666667,10,1,2025-10-21
11219,location 380,0,severity_type 1,resource_type 2,2,2,3,3,19,6.333333333333333,7,6,2025-03-14
17873,location 135,1,severity_type 2,resource_type 2,2,2,2,2,4,2.0,2,2,2025-03-01
17993,location 794,0,severity_type 1,resource_type 8,3,3,4,4,6,1.5,2,1,2025-10-12
13596,location 73,1,severity_type 1,resource_type 8,4,4,6,6,13,2.1666666666666665,3,1,2025-12-10
10873,location 969,0,severity_type 1,resource_type 2,1,1,2,2,2,1.0,1,1,2025-11-11
9144,location 262,1,severity_type 2,resource_type 2,2,2,2,2,2,1.0,1,1,2025-10-02
17917,location 763,1,severity_type 2,resource_type 8,1,1,2,2,34,17.0,32,2,2025-04-01
15248,location 7,1,severity_type 1,resource_type 8,1,1,2,2,12,6.0,9,3,2025-11-30
3826,location 1107,0,severity_type 1,resource_type 8,2,2,2,2,15,7.5,9,6,2025-09-01
17835,location 378,1,severity_type 2,resource_type 2,2,2,3,3,3,1.0,1,1,2025-03-04
6321,location 1026,1,severity_type 1,resource_type 6,2,2,5,5,8,1.6,2,1,2025-02-17
12139,location 155,0,severity_type 2,resource_type 2,2,2,3,3,30,10.0,16,1,2025-11-14
6984,location 663,0,severity_type 1,resource_type 2,1,1,2,2,2,1.0,1,1,2025-04-11
1226,location 891,0,severity_type 1,resource_type 8,1,1,2,2,11,5.5,6,5,2025-10-07
11127,location 921,1,severity_type 2,resource_type 8,1,1,2,2,12,6.0,11,1,2025-02-20
3174,location 157,0,severity_type 2,resource_type 2,2,2,2,2,24,12.0,12,12,2025-04-13
13040,location 742,0,severity_type 2,resource_type 8,2,2,2,2,3,1.5,2,1,2025-04-14
1805,location 118,0,severity_type 2,resource_type 2,2,2,2,2,33,16.5,19,14,2025-04-13
2903,location 1086,2,severity_type 2,resource_type 8,1,1,2,2,28,14.0,20,8,2025-09-04
10750,location 600,2,severity_type 2,resource_type 8,1,1,2,2,53,26.5,28,25,2025-11-30
11732,location 218,1,severity_type 2,resource_type 2,2,2,4,4,4,1.0,1,1,2025-11-29
11635,location 255,0,severity_type 2,resource_type 2,2,2,2,2,5,2.5,3,2,2025-09-28
3769,location 1115,0,severity_type 1,resource_type 8,1,1,4,4,119,29.75,59,1,2025-03-15
334,location 627,0,severity_type 2,resource_type 7,3,3,4,4,6,1.5,2,1,2025-12-17
9079,location 814,0,severity_type 1,resource_type 8,1,1,2,2,10,5.0,5,5,2025-07-17
16427,location 480,0,severity_type 2,resource_type 2,2,2,4,4,107,26.75,30,23,2025-07-19
4816,location 906,1,severity_type 1,resource_type 2,2,2,4,4,8,2.0,4,1,2025-09-14
4211,location 19,1,severity_type 1,resource_type 8,1,1,1,1,1,1.0,1,1,2025-10-08
2292,location 773,0,severity_type 1,resource_type 8,2,2,4,4,9,2.25,4,1,2025-12-14
4962,location 122,0,severity_type 2,resource_type 2,2,2,6,6,24,4.0,7,1,2025-08-01
17606,location 925,0,severity_type 1,resource_type 8,1,1,2,2,149,74.5,109,40,2025-08-11
6744,location 1042,1,severity_type 2,resource_type 8,1,1,2,2,7,3.5,4,3,2025-09-30
6657,location 122,0,severity_type 2,resource_type 2,2,2,5,5,9,1.8,3,1,2025-04-04
2724,location 1092,0,severity_type 1,resource_type 8,1,1,1,1,1,1.0,1,1,2025-04-23
7385,location 1017,2,severity_type 1,resource_type 8,1,1,1,1,5,5.0,5,5,2025-08-17
15355,location 27,1,severity_type 5,resource_type 3,1,1,1,1,2,2.0,2,2,2025-01-24
15705,location 242,0,severity_type 2,resource_type 2,2,2,6,6,224,37.333333333333336,52,27,2025-04-27
17573,location 1042,2,severity_type 1,resource_type 8,2,2,2,2,31,15.5,24,7,2025-09-20
338,location 847,1,severity_type 4,resource_type 2,1,1,2,2,2,1.0,1,1,2025-12-23
16821,location 242,0,severity_type 2,resource_type 2,2,2,4,4,6,1.5,2,1,2025-07-09
13259,location 244,0,severity_type 2,resource_type 2,2,2,2,2,46,23.0,26,20,2025-05-26
120,location 462,0,severity_type 1,resource_type 2,2,2,3,3,6,2.0,3,1,2025-06-10
8074,location 471,0,severity_type 2,resource_type 2,2,2,2,2,7,3.5,4,3,2025-09-08
13171,location 818,1,severity_type 1,resource_type 8,1,1,1,1,2,2.0,2,2,2025-07-18
17229,location 871,0,severity_type 1,resource_type 2,1,1,2,2,4,2.0,2,2,2025-01-09
15252,location 810,0,severity_type 1,resource_type 8,2,2,2,2,5,2.5,3,2,2025-07-16
10229,location 839,0,severity_type 4,resource_type 8,1,1,2,2,28,14.0,14,14,2025-05-27
11582,location 424,1,severity_type 2,resource_type 2,2,2,4,4,4,1.0,1,1,2025-09-13
14922,location 230,0,severity_type 1,resource_type 2,2,2,2,2,2,1.0,1,1,2025-11-16
17599,location 794,1,severity_type 1,resource_type 8,3,3,3,3,4,1.3333333333333333,2,1,2025-12-18
12524,location 721,0,severity_type 1,resource_type 8,1,1,1,1,1,1.0,1,1,2025-08-11
13984,location 684,1,severity_type 2,resource_type 8,1,1,2,2,11,5.5,10,1,2025-05-13
11499,location 894,0,severity_type 1,resource_type 2,3,3,6,6,20,3.333333333333333,5,1,2025-06-12
14731,location 744,1,severity_type 1,resource_type 6,2,2,4,4,21,5.25,7,3,2025-03-06
3104,location 704,0,severity_type 1,resource_type 8,2,2,2,2,39,19.5,22,17,2025-12-08
4634,location 157,0,severity_type 2,resource_type 2,2,2,2,2,26,13.0,14,12,2025-11-06
3257,location 523,0,severity_type 2,resource_type 2,2,2,2,2,2,1.0,1,1,2025-11-08
11411,location 936,1,severity_type 1,resource_type 6,2,2,2,2,2,1.0,1,1,2025-04-30
7861,location 1048,0,severity_type 1,resource_type 8,1,1,3,3,454,151.33333333333334,320,55,2025-04-28
4308,location 914,0,severity_type 1,resource_type 8,1,1,1,1,1,1.0,1,1,2025-11-09
1457,location 127,0,severity_type 2,resource_type 2,2,2,7,7,50,7.142857142857143,10,4,2025-07-18
11435,location 723,1,severity_type 1,resource_type 8,1,1,3,3,5,1.6666666666666667,3,1,2025-09-15
7685,location 494,0,severity_type 2,resource_type 2,2,2,6,6,423,70.5,127,13,2025-06-28
13986,location 891,0,severity_type 1,resource_type 8,1,1,2,2,36,18.0,28,8,2025-06-11
9089,location 122,0,severity_type 2,resource_type 2,2,2,6,6,26,4.333333333333333,8,2,2025-08-19
17426,location 488,0,severity_type 2,resource_type 2,2,2,2,2,6,3.0,4,2,2025-10-24
5495,location 478,0,severity_type 2,resource_type 2,2,2,4,4,31,7.75,9,6,2025-05-02
2354,location 686,0,severity_type 1,resource_type 8,1,1,2,2,2,1.0,1,1,2025-10-23
9581,location 155,0,severity_type 2,resource_type 2,2,2,2,2,10,5.0,5,5,2025-03-31
12393,location 691,1,severity_type 2,resource_type 7,3,3,4,4,10,2.5,4,1,2025-05-28
1495,location 734,0,severity_type 1,resource_type 8,2,2,4,4,15,3.75,7,1,2025-11-30
1530,location 1052,0,severity_type 2,resource_type 8,1,1,2,2,3,1.5,2,1,2025-12-15
7794,location 918,1,severity_type 1,resource_type 8,1,1,6,6,15,2.5,6,1,2025-12-04
17672,location 798,0,severity_type 2,resource_type 8,1,1,2,2,23,11.5,18,5,2025-04-26
17077,location 627,1,severity_type 2,resource_type 8,3,3,5,5,36,7.2,18,1,2025-11-04
3248,location 130,0,severity_type 1,resource_type 2,2,2,2,2,2,1.0,1,1,2025-12-08
5887,location 672,0,severity_type 1,resource_type 8,1,1,2,2,4,2.0,2,2,2025-12-24
5255,location 599,0,severity_type 2,resource_type 8,1,1,1,1,2,2.0,2,2,2025-01-08
4876,location 891,0,severity_type 2,resource_type 8,1,1,1,1,4,4.0,4,4,2025-09-29
2925,location 755,1,severity_type 1,resource_type 8,1,1,2,2,2,1.0,1,1,2025-12-30
6800,location 769,2,severity_type 1,resource_type 8,1,1,2,2,24,12.0,12,12,2025-10-07
2375,location 1069,1,severity_type 1,resource_type 8,1,1,4,4,40,10.0,19,1,2025-03-27
12402,location 579,0,severity_type 2,resource_type 8,1,1,1,1,1,1.0,1,1,2025-10-06
13544,location 476,0,severity_type 2,resource_type 2,2,2,6,6,91,15.166666666666666,31,4,2025-02-08
364,location 148,0,severity_type 2,resource_type 2,2,2,2,2,2,1.0,1,1,2025-06-25
11845,location 845,2,severity_type 1,resource_type 8,3,3,4,4,13,3.25,6,1,2025-08-17
8351,location 707,0,severity_type 2,resource_type 9,2,2,3,3,6,2.0,4,1,2025-06-16
284,location 797,0,severity_type 1,resource_type 8,1,1,2,2,7,3.5,4,3,2025-09-13
2956,location 657,0,severity_type 1,resource_type 8,2,2,6,6,38,6.333333333333333,13,2,2025-03-29
6289,location 976,0,severity_type 2,resource_type 8,1,1,2,2,15,7.5,12,3,2025-08-10
8918,location 32,0,severity_type 1,resource_type 9,2,2,2,2,2,1.0,1,1,2025-08-24
12473,location 1019,2,severity_type 2,resource_type 8,1,1,4,4,45,11.25,21,2,2025-08-20
4314,location 549,0,severity_type 1,resource_type 2,1,1,2,2,2,1.0,1,1,2025-04-16
4598,location 1100,2,severity_type 1,resource_type 8,2,2,4,4,51,12.75,33,1,2025-04-22
12944,location 1010,0,severity_type 2,resource_type 8,1,1,2,2,5,2.5,4,1,2025-04-05
10272,location 1075,0,severity_type 2,resource_type 8,1,1,2,2,12,6.0,9,3,2025-06-18
6689,location 102,0,severity_type 2,resource_type 2,2,2,12,12,64,5.333333333333333,17,1,2025-08-02
6116,location 353,1,severity_type 1,resource_type 8,3,3,6,6,10,1.6666666666666667,2,1,2025-05-13
17973,location 794,0,severity_type 1,resource_type 8,2,2,3,3,7,2.333333333333333,3,1,2025-05-30
17041,location 1,1,severity_type 1,resource_type 8,3,3,3,3,12,4.0,7,2,2025-04-15
11119,location 1008,1,severity_type 2,resource_type 8,1,1,2,2,16,8.0,12,4,2025-03-21
10897,location 895,2,severity_type 1,resource_type 2,3,3,5,5,22,4.4,5,3,2025-08-28
11661,location 707,0,severity_type 2,resource_type 9,2,2,2,2,4,2.0,3,1,2025-10-25
13443,location 1049,0,severity_type 2,resource_type 8,1,1,1,1,1,1.0,1,1,2025-04-17
5895,location 95,0,severity_type 2,resource_type 2,2,2,6,6,65,10.833333333333334,24,1,2025-11-11
9488,location 823,0,severity_type 1,resource_type 8,2,2,2,2,9,4.5,5,4,2025-07-28
13,location 418,0,severity_type 2,resource_type 2,2,2,2,2,2,1.0,1,1,2025-03-03
14355,location 836,0,severity_type 1,resource_type 8,1,1,2,2,20,10.0,11,9,2025-05-14
2607,location 638,0,severity_type 1,resource_type 2,2,2,4,4,16,4.0,7,1,2025-01-03
5509,location 837,0,severity_type 1,resource_type 8,1,1,3,3,5,1.6666666666666667,2,1,2025-01-15
5985,location 300,0,severity_type 2,resource_type 2,2,2,6,6,94,15.666666666666666,24,1,2025-05-03
5818,location 839,1,severity_type 1,resource_type 8,1,1,2,2,14,7.0,7,7,2025-06-15
11919,location 783,0,severity_type 1,resource_type 2,1,1,1,1,1,1.0,1,1,2025-10-19
11051,location 984,1,severity_type 1,resource_type 8,3,3,4,4,5,1.25,2,1,2025-02-19
8034,location 573,1,severity_type 1,resource_type 2,1,1,2,2,2,1.0,1,1,2025-11-03
14319,location 410,0,severity_type 2,resource_type 2,2,2,4,4,4,1.0,1,1,2025-03-27
14284,location 147,0,severity_type 4,resource_type 2,1,1,1,1,3,3.0,3,3,2025-02-20
18050,location 1008,1,severity_type 2,resource_type 8,1,1,3,3,13,4.333333333333333,10,1,2025-09-13
9358,location 124,0,severity_type 2,resource_type 2,1,1,2,2,2,1.0,1,1,2025-10-10
9078,location 1042,2,severity_type 2,resource_type 8,1,1,2,2,12,6.0,8,4,2025-08-09
8409,location 497,0,severity_type 2,resource_type 2,2,2,2,2,4,2.0,2,2,2025-02-12
4139,location 469,0,severity_type 2,resource_type 2,2,2,10,10,105,10.5,20,2,2025-02-12
7980,location 845,1,severity_type 2,resource_type 8,1,1,2,2,13,6.5,12,1,2025-05-23
13713,location 350,1,severity_type 2,resource_type 2,2,2,2,2,2,1.0,1,1,2025-06-14
7606,location 1090,1,severity_type 1,resource_type 8,1,1,2,2,6,3.0,4,2,2025-12-31
9726,location 459,0,severity_type 2,resource_type 2,2,2,4,4,8,2.0,3,1,2025-04-15
9824,location 615,0,severity_type 1,resource_type 2,2,2,3,3,4,1.3333333333333333,2,1,2025-03-12
9645,location 314,0,severity_type 2,resource_type 2,2,2,5,5,6,1.2,2,1,2025-12-12
10464,location 793,0,severity_type 1,resource_type 8,1,1,2,2,63,31.5,53,10,2025-02-26
7660,location 938,0,severity_type 2,resource_type 8,2,2,4,4,6,1.5,2,1,2025-01-10
1996,location 808,0,severity_type 1,resource_type 8,1,1,1,1,1,1.0,1,1,2025-06-04
11557,location 742,1,severity_type 4,resource_type 2,1,1,2,2,2,1.0,1,1,2025-05-27
6169,location 655,0,severity_type 1,resource_type 8,2,2,2,2,6,3.0,4,2,2025-08-15
13495,location 881,1,severity_type 1,resource_type 6,2,2,2,2,4,2.0,2,2,2025-11-17
4863,location 613,0,severity_type 1,resource_type 8,2,2,1,1,8,8.0,8,8,2025-12-07
6350,location 255,1,severity_type 1,resource_type 2,2,2,3,3,3,1.0,1,1,2025-04-16
7263,location 286,0,severity_type 4,resource_type 2,1,1,2,2,2,1.0,1,1,2025-12-24
10593,location 102,0,severity_type 2,resource_type 2,2,2,14,14,21,1.5,4,1,2025-08-19
16214,location 474,0,severity_type 2,resource_type 2,2,2,4,4,7,1.75,3,1,2025-01-26
1671,location 738,0,severity_type 2,resource_type 8,1,1,2,2,2,1.0,1,1,2025-12-09
6106,location 497,0,severity_type 2,resource_type 2,2,2,17,17,269,15.823529411764708,54,1,2025-02-20
14737,location 798,2,severity_type 2,resource_type 8,1,1,2,2,64,32.0,38,26,2025-08-03
13254,location 919,1,severity_type 1,resource_type 8,1,1,2,2,8,4.0,4,4,2025-10-16
12743,location 734,0,severity_type 1,resource_type 8,2,2,5,5,34,6.8,16,1,2025-04-02
9866,location 496,0,severity_type 2,resource_type 2,2,2,10,10,433,43.3,137,1,2025-04-09
8816,location 962,0,severity_type 2,resource_type 8,1,1,1,1,1,1.0,1,1,2025-06-23
12568,location 110,0,severity_type 4,resource_type 2,1,1,1,1,2,2.0,2,2,2025-11-19
3340,location 344,0,severity_type 4,resource_type 2,1,1,1,1,2,2.0,2,2,2025-03-23
14095,location 382,0,severity_type 2,resource_type 2,2,2,2,2,4,2.0,2,2,2025-08-31
10882,location 704,1,severity_type 2,resource_type 8,1,1,4,4,48,12.0,38,1,2025-06-15
15185,location 470,0,severity_type 2,resource_type 2,2,2,4,4,8,2.0,2,2,2025-02-10
13594,location 128,0,severity_type 2,resource_type 2,2,2,3,3,4,1.3333333333333333,2,1,2025-09-17
8654,location 684,1,severity_type 2,resource_type 8,1,1,2,2,9,4.5,6,3,2025-10-31
12478,location 102,1,severity_type 2,resource_type 2,2,2,7,7,9,1.2857142857142858,2,1,2025-07-30
6317,location 600,1,severity_type 2,resource_type 8,1,1,3,3,6,2.0,3,1,2025-03-06
16170,location 465,0,severity_type 2,resource_type 2,2,2,2,2,16,8.0,8,8,2025-02-26
1401,location 989,1,severity_type 1,resource_type 8,1,1,1,1,4,4.0,4,4,2025-06-04
5614,location 737,1,severity_type 2,resource_type 8,1,1,2,2,2,1.0,1,1,2025-07-04
4052,location 885,2,severity_type 2,resource_type 8,1,1,2,2,8,4.0,4,4,2025-07-21
18380,location 484,0,severity_type 4,resource_type 2,1,1,1,1,1,1.0,1,1,2025-03-30
18191,location 834,2,severity_type 2,resource_type 8,1,1,2,2,56,28.0,32,24,2025-07-02
17776,location 557,0,severity_type 1,resource_type 2,1,1,2,2,12,6.0,6,6,2025-04-18
17625,location 976,0,severity_type 2,resource_type 8,1,1,1,1,12,12.0,12,12,2025-09-08
14989,location 469,0,severity_type 2,resource_type 2,2,2,6,6,130,21.666666666666668,63,2,2025-10-18
9808,location 1100,2,severity_type 1,resource_type 8,2,2,4,4,78,19.5,48,3,2025-08-27
11698,location 744,0,severity_type 1,resource_type 6,2,2,6,6,31,5.166666666666667,8,2,2025-01-01
8390,location 998,1,severity_type 1,resource_type 8,1,1,3,3,4,1.3333333333333333,2,1,2025-12-29
17836,location 255,1,severity_type 2,resource_type 2,2,2,2,2,4,2.0,2,2,2025-01-09
1625,location 788,0,severity_type 4,resource_type 7,1,1,1,1,1,1.0,1,1,2025-12-31
10841,location 1053,1,severity_type 1,resource_type 8,2,2,2,2,17,8.5,9,8,2025-01-12
1258,location 757,1,severity_type 1,resource_type 8,1,1,2,2,2,1.0,1,1,2025-07-08
15242,location 181,0,severity_type 2,resource_type 2,2,2,6,6,16,2.6666666666666665,5,1,2025-02-08
18254,location 468,0,severity_type 2,resource_type 2,2,2,2,2,4,2.0,2,2,2025-02-04
11477,location 496,0,severity_type 2,resource_type 2,2,2,8,8,454,56.75,166,1,2025-09-07
2141,location 957,1,severity_type 1,resource_type 8,1,1,2,2,12,6.0,7,5,2025-09-23
17110,location 856,1,severity_type 1,resource_type 6,2,2,3,3,4,1.3333333333333333,2,1,2025-02-13
18115,location 641,2,severity_type 1,resource_type 2,2,2,4,4,60,15.0,20,10,2025-12-23
306,location 895,1,severity_type 1,resource_type 2,3,3,6,6,74,12.333333333333334,21,4,2025-04-27
7882,location 823,0,severity_type 1,resource_type 8,1,1,2,2,2,1.0,1,1,2025-04-27
2057,location 126,0,severity_type 2,resource_type 2,2,2,8,8,55,6.875,13,1,2025-04-19
3299,location 381,0,severity_type 1,resource_type 2,3,3,5,5,20,4.0,6,1,2025-06-18
13128,location 268,0,severity_type 4,resource_type 2,1,1,1,1,1,1.0,1,1,2025-03-06
15439,location 810,2,severity_type 1,resource_type 8,2,2,2,2,12,6.0,8,4,2025-06-05
1310,location 836,0,severity_type 1,resource_type 8,1,1,2,2,12,6.0,7,5,2025-03-18
929,location 476,0,severity_type 2,resource_type 2,2,2,4,4,11,2.75,5,1,2025-01-19
4750,location 1107,2,severity_type 1,resource_type 8,2,2,4,4,225,56.25,141,4,2025-05-15
15558,location 618,0,severity_type 4,resource_type 2,1,1,1,1,1,1.0,1,1,2025-09-03
12107,location 690,0,severity_type 1,resource_type 8,1,1,2,2,12,6.0,6,6,2025-10-06
15547,location 794,0,severity_type 1,resource_type 4,2,2,1,1,1,1.0,1,1,2025-05-09
430,location 1100,1,severity_type 1,resource_type 8,2,2,3,3,57,19.0,42,2,2025-04-29
12605,location 149,0,severity_type 2,resource_type 2,2,2,7,7,15,2.142857142857143,4,1,2025-10-15
943,location 252,0,severity_type 4,resource_type 2,1,1,1,1,1,1.0,1,1,2025-09-06
17288,location 116,0,severity_type 2,resource_type 2,2,2,2,2,8,4.0,4,4,2025-10-31
13955,location 1008,0,severity_type 1,resource_type 8,2,2,4,4,89,22.25,55,5,2025-11-27
9327,location 498,0,severity_type 2,resource_type 2,2,2,6,6,26,4.333333333333333,10,1,2025-10-27
16352,location 798,2,severity_type 2,resource_type 8,1,1,2,2,12,6.0,6,6,2025-12-08
5997,location 760,0,severity_type 4,resource_type 2,1,1,2,2,16,8.0,8,8,2025-06-02
11401,location 388,1,severity_type 1,resource_type 2,3,3,10,10,14,1.4,3,1,2025-05-25
9616,location 257,0,severity_type 2,resource_type 2,2,2,6,6,14,2.333333333333333,4,1,2025-04-28
2997,location 995,2,severity_type 1,resource_type 8,2,2,1,1,2,2.0,2,2,2025-03-27
3386,location 989,1,severity_type 1,resource_type 8,1,1,2,2,8,4.0,5,3,2025-10-01
16124,location 122,0,severity_type 2,resource_type 2,2,2,8,8,79,9.875,12,7,2025-09-18
15034,location 181,0,severity_type 1,resource_type 2,3,3,6,6,6,1.0,1,1,2025-10-20
9214,location 128,1,severity_type 2,resource_type 2,2,2,4,4,12,3.0,3,3,2025-03-03
16314,location 1052,1,severity_type 1,resource_type 8,2,2,4,4,20,5.0,7,3,2025-06-29
14321,location 500,0,severity_type 2,resource_type 2,2,2,6,6,11,1.8333333333333333,3,1,2025-03-23
13901,location 830,0,severity_type 1,resource_type 8,1,1,2,2,268,134.0,143,125,2025-11-22
1214,location 270,1,severity_type 2,resource_type 2,2,2,3,3,3,1.0,1,1,2025-04-08
12095,location 471,0,severity_type 2,resource_type 2,2,2,2,2,22,11.0,11,11,2025-02-22
6463,location 149,1,severity_type 2,resource_type 2,2,2,5,5,5,1.0,1,1,2025-07-28
7157,location 476,0,severity_type 2,resource_type 2,2,2,5,5,61,12.2,27,1,2025-11-17
17283,location 995,1,severity_type 1,resource_type 8,2,2,4,4,17,4.25,8,1,2025-12-01
2015,location 944,0,severity_type 4,resource_type 8,1,1,1,1,3,3.0,3,3,2025-02-05
2807,location 451,0,severity_type 1,resource_type 2,3,3,4,4,4,1.0,1,1,2025-04-29
8618,location 450,0,severity_type 2,resource_type 2,2,2,2,2,9,4.5,5,4,2025-02-26
5444,location 1086,0,severity_type 2,resource_type 8,1,1,1,1,6,6.0,6,6,2025-04-23
15211,location 735,0,severity_type 2,resource_type 8,1,1,1,1,2,2.0,2,2,2025-07-14
4657,location 600,1,severity_type 2,resource_type 8,1,1,2,2,24,12.0,23,1,2025-04-13
788,location 481,1,severity_type 1,resource_type 2,2,2,3,3,3,1.0,1,1,2025-01-25
13112,location 976,0,severity_type 1,resource_type 8,2,2,4,4,47,11.75,24,5,2025-07-06
2940,location 666,0,severity_type 1,resource_type 8,1,1,2,2,16,8.0,8,8,2025-01-20
9936,location 260,1,severity_type 1,resource_type 2,2,2,3,3,6,2.0,2,2,2025-03-24
8663,location 957,0,severity_type 2,resource_type 8,1,1,1,1,1,1.0,1,1,2025-01-01
9163,location 710,0,severity_type 1,resource_type 8,1,1,4,4,5,1.25,2,1,2025-02-01
18409,location 810,2,severity_type 1,resource_type 8,2,2,2,2,18,9.0,14,4,2025-06-09
2571,location 892,0,severity_type 1,resource_type 2,4,4,8,8,175,21.875,37,3,2025-11-07
4274,location 962,2,severity_type 2,resource_type 8,1,1,2,2,52,26.0,32,20,2025-10-10
17470,location 1008,1,severity_type 2,resource_type 8,1,1,3,3,7,2.333333333333333,4,1,2025-02-06
12372,location 493,0,severity_type 2,resource_type 2,2,2,6,6,30,5.0,11,1,2025-01-13
2144,location 204,0,severity_type 2,resource_type 2,2,2,6,6,6,1.0,1,1,2025-05-04
9664,location 1,1,severity_type 2,resource_type 8,1,1,2,2,2,1.0,1,1,2025-08-27
18537,location 149,0,severity_type 4,resource_type 2,1,1,3,3,4,1.3333333333333333,2,1,2025-09-30
6414,location 1050,0,severity_type 1,resource_type 6,1,1,2,2,2,1.0,1,1,2025-10-28
17153,location 488,0,severity_type 2,resource_type 2,2,2,5,5,19,3.8,11,2,2025-05-05
12722,location 95,0,severity_type 4,resource_type 2,1,1,2,2,2,1.0,1,1,2025-03-03
14705,location 812,0,severity_type 1,resource_type 8,1,1,2,2,3,1.5,2,1,2025-01-10
16748,location 471,0,severity_type 1,resource_type 2,2,2,4,4,5,1.25,2,1,2025-02-23
12407,location 899,1,severity_type 1,resource_type 2,4,4,6,6,15,2.5,4,1,2025-01-24
8489,location 583,0,severity_type 1,resource_type 2,1,1,2,2,4,2.0,2,2,2025-11-11
5312,location 242,0,severity_type 2,resource_type 2,2,2,6,6,280,46.66666666666666,69,28,2025-04-08
6583,location 504,0,severity_type 2,resource_type 2,2,2,2,2,5,2.5,4,1,2025-10-28
2963,location 962,2,severity_type 2,resource_type 8,1,1,2,2,49,24.5,32,17,2025-07-21
3160,location 318,1,severity_type 2,resource_type 2,2,2,2,2,4,2.0,3,1,2025-07-16
13220,location 89,1,severity_type 2,resource_type 2,2,2,2,2,22,11.0,11,11,2025-06-15
6020,location 1052,1,severity_type 1,resource_type 8,2,2,2,2,9,4.5,6,3,2025-10-27
2431,location 961,0,severity_type 1,resource_type 8,2,2,4,4,5,1.25,2,1,2025-01-16
15988,location 1107,0,severity_type 1,resource_type 8,2,2,3,3,31,10.333333333333334,14,5,2025-02-03
7564,location 303,1,severity_type 2,resource_type 2,2,2,2,2,2,1.0,1,1,2025-06-04
13028,location 478,0,severity_type 2,resource_type 2,2,2,9,9,168,18.666666666666668,56,1,2025-05-24
9882,location 506,0,severity_type 2,resource_type 2,2,2,12,12,339,28.25,84,1,2025-07-19
12494,location 469,0,severity_type 2,resource_type 2,2,2,2,2,89,44.5,45,44,2025-09-27
18443,location 1107,1,severity_type 1,resource_type 8,2,2,5,5,27,5.4,9,3,2025-08-03
9226,location 322,1,severity_type 2,resource_type 2,2,2,2,2,6,3.0,3,3,2025-04-04
8137,location 459,0,severity_type 2,resource_type 2,2,2,3,3,3,1.0,1,1,2025-04-30
16504,location 496,0,severity_type 2,resource_type 2,2,2,4,4,71,17.75,35,2,2025-10-02
11620,location 1061,0,severity_type 2,resource_type 8,1,1,1,1,14,14.0,14,14,2025-03-15
6051,location 1107,1,severity_type 1,resource_type 8,2,2,6,6,86,14.333333333333334,64,2,2025-07-04
4090,location 309,0,severity_type 1,resource_type 2,2,2,4,4,6,1.5,2,1,2025-07-16
13205,location 845,2,severity_type 1,resource_type 8,2,2,4,4,57,14.25,29,2,2025-10-01
12317,location 244,0,severity_type 2,resource_type 2,2,2,2,2,28,14.0,14,14,2025-09-18
2305,location 79,1,severity_type 1,resource_type 9,5,5,7,7,7,1.0,1,1,2025-06-19
9912,location 124,0,severity_type 2,resource_type 2,2,2,6,6,28,4.666666666666667,6,3,2025-04-23
15791,location 1099,0,severity_type 1,resource_type 8,1,1,2,2,39,19.5,24,15,2025-05-15
9146,location 896,0,severity_type 1,resource_type 2,4,4,8,8,29,3.625,5,1,2025-05-31
6962,location 437,1,severity_type 1,resource_type 8,4,4,5,5,19,3.8,10,1,2025-03-22
515,location 518,0,severity_type 2,resource_type 2,2,2,2,2,4,2.0,2,2,2025-08-17
4624,location 601,1,severity_type 1,resource_type 6,1,1,2,2,6,3.0,4,2,2025-03-18
13307,location 1094,1,severity_type 1,resource_type 8,3,3,5,5,10,2.0,5,1,2025-08-25
13533,location 891,0,severity_type 1,resource_type 8,1,1,2,2,51,25.5,29,22,2025-10-02
11483,location 1112,0,severity_type 1,resource_type 8,1,1,1,1,1,1.0,1,1,2025-12-18
17656,location 500,0,severity_type 2,resource_type 2,2,2,5,5,12,2.4,4,1,2025-02-13
16188,location 282,0,severity_type 2,resource_type 2,2,2,2,2,5,2.5,3,2,2025-10-05
4800,location 957,0,severity_type 2,resource_type 8,1,1,2,2,2,1.0,1,1,2025-02-01
7850,location 1121,1,severity_type 1,resource_type 2,1,1,1,1,1,1.0,1,1,2025-05-04
8696,location 760,0,severity_type 2,resource_type 2,2,2,1,1,1,1.0,1,1,2025-03-06
651,location 445,0,severity_type 2,resource_type 2,2,2,2,2,9,4.5,5,4,2025-03-01
14352,location 380,0,severity_type 2,resource_type 2,2,2,2,2,22,11.0,13,9,2025-03-06
3755,location 1037,0,severity_type 1,resource_type 8,1,1,1,1,16,16.0,16,16,2025-01-17
3690,location 330,1,severity_type 1,resource_type 2,2,2,3,3,3,1.0,1,1,2025-10-28
12625,location 826,0,severity_type 1,resource_type 2,1,1,2,2,2,1.0,1,1,2025-01-23
7834,location 938,0,severity_type 2,resource_type 8,1,1,2,2,4,2.0,2,2,2025-05-26
8841,location 826,1,severity_type 4,resource_type 2,1,1,2,2,4,2.0,2,2,2025-09-13
7851,location 1008,2,severity_type 2,resource_type 8,1,1,4,4,80,20.0,56,3,2025-12-28
4004,location 292,1,severity_type 2,resource_type 2,2,2,4,4,7,1.75,3,1,2025-11-08
5669,location 390,1,severity_type 2,resource_type 2,3,3,6,6,12,2.0,3,1,2025-02-20
12198,location 1052,0,severity_type 1,resource_type 8,2,2,5,5,146,29.2,52,3,2025-12-27
17078,location 12,0,severity_type 1,resource_type 8,2,2,2,2,805,402.5,451,354,2025-08-27
15010,location 600,0,severity_type 2,resource_type 8,1,1,2,2,9,4.5,6,3,2025-03-07
4849,location 476,0,severity_type 2,resource_type 2,2,2,6,6,84,14.0,28,6,2025-06-13
6783,location 474,0,severity_type 2,resource_type 2,2,2,6,6,9,1.5,2,1,2025-12-02
6237,location 477,0,severity_type 2,resource_type 2,2,2,2,2,36,18.0,19,17,2025-05-24
18195,location 809,0,severity_type 1,resource_type 8,2,2,1,1,4,4.0,4,4,2025-03-09
11250,location 323,0,severity_type 2,resource_type 2,2,2,2,2,8,4.0,4,4,2025-11-16
9022,location 1111,0,severity_type 1,resource_type 8,1,1,1,1,1,1.0,1,1,2025-12-14
2879,location 313,0,severity_type 1,resource_type 2,3,3,9,9,31,3.4444444444444446,12,1,2025-12-23
10016,location 756,0,severity_type 1,resource_type 2,2,2,4,4,5,1.25,2,1,2025-12-15
18139,location 1072,2,severity_type 1,resource_type 8,1,1,2,2,14,7.0,8,6,2025-11-15
4345,location 179,0,severity_type 2,resource_type 2,2,2,2,2,68,34.0,38,30,2025-06-15
6577,location 760,1,severity_type 1,resource_type 8,1,1,4,4,10,2.5,4,1,2025-03-12
4169,location 704,1,severity_type 2,resource_type 8,1,1,4,4,14,3.5,6,1,2025-08-14
2066,location 495,0,severity_type 2,resource_type 2,2,2,2,2,42,21.0,26,16,2025-03-22
15064,location 473,0,severity_type 2,resource_type 2,2,2,4,4,7,1.75,2,1,2025-06-22
3517,location 519,0,severity_type 2,resource_type 2,2,2,6,6,14,2.333333333333333,5,1,2025-08-28
2460,location 445,0,severity_type 2,resource_type 2,2,2,2,2,12,6.0,7,5,2025-12-12
9539,location 520,0,severity_type 2,resource_type 2,2,2,4,4,24,6.0,10,2,2025-04-16
15996,location 16,1,severity_type 1,resource_type 8,1,1,4,4,8,2.0,3,1,2025-04-02
2123,location 989,1,severity_type 1,resource_type 8,2,2,3,3,6,2.0,4,1,2025-09-26
15017,location 1042,2,severity_type 2,resource_type 8,1,1,2,2,17,8.5,10,7,2025-01-03
9183,location 286,1,severity_type 2,resource_type 2,2,2,2,2,2,1.0,1,1,2025-07-26
8838,location 1051,1,severity_type 1,resource_type 8,1,1,2,2,4,2.0,2,2,2025-09-30
558,location 1092,1,severity_type 1,resource_type 8,1,1,1,1,4,4.0,4,4,2025-07-21
8597,location 405,1,severity_type 1,resource_type 2,3,3,8,8,10,1.25,2,1,2025-05-21
9929,location 504,0,severity_type 2,resource_type 2,2,2,2,2,22,11.0,12,10,2025-10-30
5296,location 484,0,severity_type 2,resource_type 2,2,2,10,10,49,4.9,17,1,2025-05-16
9425,location 763,2,severity_type 2,resource_type 8,1,1,4,4,7,1.75,3,1,2025-09-17
4717,location 778,1,severity_type 2,resource_type 8,1,1,4,4,7,1.75,2,1,2025-06-19
6344,location 1055,0,severity_type 2,resource_type 8,1,1,2,2,3,1.5,2,1,2025-01-10
5114,location 1061,0,severity_type 2,resource_type 8,1,1,1,1,6,6.0,6,6,2025-07-13
16605,location 702,0,severity_type 2,resource_type 8,1,1,1,1,1,1.0,1,1,2025-01-19
14975,location 646,1,severity_type 1,resource_type 2,1,1,1,1,1,1.0,1,1,2025-12-06
7556,location 470,0,severity_type 1,resource_type 2,2,2,4,4,5,1.25,2,1,2025-08-08
16789,location 932,0,severity_type 1,resource_type 8,2,2,2,2,3,1.5,2,1,2025-05-16
9537,location 921,0,severity_type 2,resource_type 8,1,1,1,1,2,2.0,2,2,2025-06-27
14260,location 445,0,severity_type 2,resource_type 2,2,2,2,2,3,1.5,2,1,2025-08-15
9524,location 646,0,severity_type 1,resource_type 8,1,1,1,1,4,4.0,4,4,2025-04-05
17429,location 155,0,severity_type 2,resource_type 2,2,2,2,2,22,11.0,11,11,2025-04-16
10723,location 286,1,severity_type 1,resource_type 8,2,2,2,2,2,1.0,1,1,2025-06-02
1876,location 891,0,severity_type 2,resource_type 8,1,1,3,3,6,2.0,3,1,2025-04-05
16734,location 298,0,severity_type 2,resource_type 2,2,2,6,6,37,6.166666666666667,15,1,2025-10-04
680,location 373,0,severity_type 2,resource_type 2,2,2,2,2,116,58.0,58,58,2025-02-07
10818,location 763,0,severity_type 2,resource_type 8,1,1,2,2,3,1.5,2,1,2025-10-29
15215,location 442,1,severity_type 2,resource_type 2,2,2,6,6,22,3.6666666666666665,4,3,2025-05-08
9122,location 373,0,severity_type 2,resource_type 2,2,2,5,5,55,11.0,19,4,2025-07-24
10177,location 600,2,severity_type 2,resource_type 8,1,1,2,2,17,8.5,10,7,2025-02-27
5546,location 270,0,severity_type 4,resource_type 2,1,1,3,3,6,2.0,2,2,2025-05-21
11237,location 1052,1,severity_type 2,resource_type 8,1,1,2,2,9,4.5,6,3,2025-10-03
3379,location 1107,2,severity_type 1,resource_type 8,2,2,4,4,71,17.75,41,7,2025-04-09
13031,location 435,1,severity_type 2,resource_type 2,2,2,8,8,10,1.25,2,1,2025-02-18
15741,location 149,0,severity_type 2,resource_type 2,2,2,6,6,10,1.6666666666666667,2,1,2025-07-10
12922,location 496,0,severity_type 2,resource_type 2,2,2,4,4,58,14.5,25,4,2025-03-01
12647,location 426,0,severity_type 4,resource_type 2,1,1,2,2,2,1.0,1,1,2025-04-25
3469,location 292,0,severity_type 2,resource_type 2,2,2,4,4,10,2.5,4,1,2025-06-14
2287,location 697,0,severity_type 2,resource_type 8,1,1,1,1,1,1.0,1,1,2025-07-25
7441,location 292,0,severity_type 2,resource_type 2,2,2,4,4,6,1.5,2,1,2025-08-22
10020,location 604,0,severity_type 4,resource_type 8,1,1,1,1,3,3.0,3,3,2025-09-04
6380,location 126,0,severity_type 2,resource_type 2,2,2,7,7,36,5.142857142857143,7,4,2025-11-05
5794,location 126,1,severity_type 2,resource_type 2,2,2,6,6,12,2.0,3,1,2025-01-25
16910,location 124,0,severity_type 2,resource_type 2,2,2,6,6,23,3.8333333333333335,5,2,2025-05-13
10533,location 163,0,severity_type 2,resource_type 8,1,1,1,1,1,1.0,1,1,2025-01-01
3122,location 653,0,severity_type 1,resource_type 8,2,2,1,1,10,10.0,10,10,2025-01-04
14158,location 902,0,severity_type 1,resource_type 7,3,3,6,6,16,2.6666666666666665,6,1,2025-03-19
8950,location 1033,1,severity_type 1,resource_type 8,1,1,2,2,9,4.5,6,3,2025-08-07
6884,location 477,0,severity_type 2,resource_type 2,2,2,2,2,3,1.5,2,1,2025-11-23
2884,location 877,0,severity_type 1,resource_type 9,2,2,4,4,16,4.0,4,4,2025-10-10
4811,location 497,0,severity_type 2,resource_type 2,2,2,2,2,4,2.0,3,1,2025-08-24
2525,location 469,0,severity_type 1,resource_type 2,2,2,2,2,2,1.0,1,1,2025-10-12
10574,location 600,1,severity_type 2,resource_type 8,1,1,2,2,33,16.5,28,5,2025-03-04
14872,location 978,1,severity_type 2,resource_type 8,1,1,2,2,2,1.0,1,1,2025-11-03
13590,location 1052,1,severity_type 1,resource_type 8,2,2,3,3,19,6.333333333333333,16,1,2025-11-21
10760,location 95,0,severity_type 2,resource_type 2,2,2,4,4,10,2.5,3,2,2025-02-04
6999,location 491,0,severity_type 2,resource_type 2,2,2,8,8,40,5.0,12,1,2025-06-21
12504,location 802,1,severity_type 1,resource_type 8,2,2,2,2,2,1.0,1,1,2025-10-30
17454,location 793,0,severity_type 1,resource_type 8,1,1,2,2,17,8.5,9,8,2025-06-23
11284,location 707,0,severity_type 2,resource_type 8,1,1,1,1,5,5.0,5,5,2025-11-03
4548,location 814,0,severity_type 2,resource_type 8,1,1,2,2,6,3.0,3,3,2025-12-08
9345,location 931,0,severity_type 1,resource_type 8,2,2,2,2,21,10.5,13,8,2025-06-23
4259,location 124,0,severity_type 2,resource_type 2,2,2,4,4,14,3.5,5,2,2025-01-22
10630,location 147,0,severity_type 2,resource_type 2,2,2,4,4,4,1.0,1,1,2025-05-05
11497,location 1075,1,severity_type 2,resource_type 8,1,1,2,2,12,6.0,10,2,2025-03-20
2626,location 1112,0,severity_type 1,resource_type 8,1,1,1,1,1,1.0,1,1,2025-06-23
1503,location 477,0,severity_type 2,resource_type 2,2,2,4,4,47,11.75,22,5,2025-08-02
1257,location 1045,0,severity_type 1,resource_type 8,1,1,1,1,1,1.0,1,1,2025-06-19
1759,location 769,0,severity_type 1,resource_type 8,1,1,2,2,3,1.5,2,1,2025-03-13
2281,location 1097,1,severity_type 2,resource_type 8,1,1,2,2,2,1.0,1,1,2025-04-20
13682,location 124,0,severity_type 2,resource_type 2,2,2,6,6,19,3.1666666666666665,4,2,2025-09-06
9794,location 760,1,severity_type 1,resource_type 8,2,2,2,2,16,8.0,10,6,2025-01-10
3720,location 244,0,severity_type 2,resource_type 2,2,2,2,2,10,5.0,5,5,2025-03-20
9573,location 1086,0,severity_type 2,resource_type 8,1,1,1,1,19,19.0,19,19,2025-11-22
7221,location 489,0,severity_type 2,resource_type 2,2,2,2,2,24,12.0,12,12,2025-02-06
9756,location 498,0,severity_type 2,resource_type 2,2,2,4,4,5,1.25,2,1,2025-06-01
16300,location 527,0,severity_type 2,resource_type 2,2,2,6,6,9,1.5,3,1,2025-03-17
3153,location 798,2,severity_type 2,resource_type 8,1,1,2,2,27,13.5,19,8,2025-02-08
13611,location 763,2,severity_type 2,resource_type 8,1,1,2,2,13,6.5,8,5,2025-06-04
3889,location 373,0,severity_type 2,resource_type 2,2,2,2,2,82,41.0,46,36,2025-07-10
7018,location 159,0,severity_type 2,resource_type 2,2,2,3,3,5,1.6666666666666667,2,1,2025-03-06
6882,location 122,0,severity_type 2,resource_type 2,2,2,7,7,16,2.2857142857142856,5,1,2025-01-29
10364,location 1050,0,severity_type 2,resource_type 8,1,1,1,1,2,2.0,2,2,2025-02-19
2786,location 957,0,severity_type 4,resource_type 2,1,1,2,2,5,2.5,3,2,2025-08-26
11754,location 1100,2,severity_type 1,resource_type 8,2,2,4,4,23,5.75,13,1,2025-11-11
449,location 707,0,severity_type 1,resource_type 8,2,2,1,1,9,9.0,9,9,2025-03-07
2642,location 957,0,severity_type 1,resource_type 2,2,2,2,2,3,1.5,2,1,2025-04-27
1054,location 1084,1,severity_type 1,resource_type 8,1,1,1,1,2,2.0,2,2,2025-05-06
12446,location 618,1,severity_type 1,resource_type 8,2,2,5,5,6,1.2,2,1,2025-05-12
17910,location 941,0,severity_type 1,resource_type 8,1,1,1,1,1,1.0,1,1,2025-03-31
10448,location 704,2,severity_type 1,resource_type 8,2,2,5,5,41,8.2,26,1,2025-01-21
18404,location 466,0,severity_type 2,resource_type 2,2,2,4,4,6,1.5,2,1,2025-07-11
11496,location 74,1,severity_type 1,resource_type 3,2,2,4,4,4,1.0,1,1,2025-05-11
397,location 737,1,severity_type 1,resource_type 8,1,1,2,2,4,2.0,3,1,2025-05-05
8810,location 242,1,severity_type 2,resource_type 2,2,2,2,2,2,1.0,1,1,2025-04-07
9973,location 485,0,severity_type 4,resource_type 2,1,1,1,1,1,1.0,1,1,2025-12-06
2730,location 498,0,severity_type 2,resource_type 2,2,2,4,4,50,12.5,22,3,2025-08-11
14067,location 933,0,severity_type 1,resource_type 2,1,1,1,1,1,1.0,1,1,2025-06-02
18217,location 566,0,severity_type 2,resource_type 8,1,1,2,2,4,2.0,2,2,2025-03-16
9045,location 810,2,severity_type 1,resource_type 8,2,2,3,3,19,6.333333333333333,14,1,2025-10-20
11962,location 405,0,severity_type 4,resource_type 2,1,1,3,3,3,1.0,1,1,2025-11-21
3544,location 798,1,severity_type 2,resource_type 8,1,1,2,2,35,17.5,30,5,2025-01-12
11624,location 906,0,severity_type 1,resource_type 8,1,1,2,2,4,2.0,2,2,2025-12-06
5171,location 521,0,severity_type 2,resource_type 2,2,2,4,4,14,3.5,6,1,2025-09-13
14769,location 292,1,severity_type 2,resource_type 2,2,2,2,2,4,2.0,2,2,2025-02-06
4096,location 544,0,severity_type 1,resource_type 2,2,2,2,2,2,1.0,1,1,2025-10-02
15551,location 812,0,severity_type 4,resource_type 8,1,1,2,2,12,6.0,6,6,2025-02-09
980,location 135,0,severity_type 2,resource_type 2,2,2,4,4,19,4.75,8,1,2025-01-19
11947,location 159,0,severity_type 1,resource_type 2,3,3,7,7,13,1.8571428571428568,2,1,2025-02-12
7201,location 1090,2,severity_type 2,resource_type 8,1,1,2,2,8,4.0,4,4,2025-06-17
1856,location 783,0,severity_type 1,resource_type 2,1,1,2,2,4,2.0,2,2,2025-08-15
7206,location 124,0,severity_type 2,resource_type 2,2,2,8,8,34,4.25,6,1,2025-05-29
5472,location 821,0,severity_type 1,resource_type 8,2,2,4,4,14,3.5,8,1,2025-02-14
4372,location 857,1,severity_type 1,resource_type 8,1,1,2,2,24,12.0,12,12,2025-03-14
4906,location 998,1,severity_type 1,resource_type 8,1,1,2,2,4,2.0,3,1,2025-11-08
5958,location 122,0,severity_type 2,resource_type 2,2,2,8,8,18,2.25,4,1,2025-12-18
6491,location 734,2,severity_type 1,resource_type 8,3,3,8,8,60,7.5,20,1,2025-10-03
17493,location 909,0,severity_type 1,resource_type 8,2,2,4,4,6,1.5,2,1,2025-02-07
11024,location 131,0,severity_type 4,resource_type 2,1,1,2,2,2,1.0,1,1,2025-10-27
8213,location 726,1,severity_type 1,resource_type 8,2,2,4,4,4,1.0,1,1,2025-09-10
6843,location 497,0,severity_type 2,resource_type 2,2,2,17,17,961,56.52941176470589,167,1,2025-07-12
11712,location 104,1,severity_type 2,resource_type 2,2,2,2,2,2,1.0,1,1,2025-02-22
4297,location 270,0,severity_type 2,resource_type 2,2,2,3,3,3,1.0,1,1,2025-12-30
13841,location 103,0,severity_type 2,resource_type 2,2,2,6,6,17,2.833333333333333,4,1,2025-06-11
10396,location 506,0,severity_type 2,resource_type 2,2,2,8,8,140,17.5,58,3,2025-01-17
8984,location 976,2,severity_type 2,resource_type 8,1,1,2,2,68,34.0,40,28,2025-03-18
5569,location 834,2,severity_type 2,resource_type 8,1,1,2,2,31,15.5,23,8,2025-05-27
17234,location 259,0,severity_type 2,resource_type 2,1,1,2,2,2,1.0,1,1,2025-01-23
946,location 114,0,severity_type 1,resource_type 2,2,2,2,2,2,1.0,1,1,2025-04-29
13053,location 460,0,severity_type 2,resource_type 2,2,2,3,3,8,2.6666666666666665,5,1,2025-06-20
10357,location 501,0,severity_type 2,resource_type 2,2,2,3,3,5,1.6666666666666667,3,1,2025-12-13
3595,location 528,0,severity_type 2,resource_type 2,2,2,2,2,2,1.0,1,1,2025-02-01
12968,location 124,0,severity_type 2,resource_type 2,2,2,6,6,30,5.0,6,4,2025-07-30
11125,location 478,0,severity_type 2,resource_type 2,2,2,2,2,2,1.0,1,1,2025-12-01
14568,location 684,2,severity_type 1,resource_type 2,3,3,4,4,58,14.5,24,9,2025-10-22
5423,location 810,2,severity_type 2,resource_type 8,1,1,2,2,54,27.0,34,20,2025-12-04
8023,location 731,0,severity_type 1,resource_type 8,1,1,1,1,9,9.0,9,9,2025-03-04
12584,location 471,0,severity_type 2,resource_type 2,2,2,6,6,6,1.0,1,1,2025-10-20
7619,location 851,0,severity_type 2,resource_type 8,1,1,2,2,6,3.0,4,2,2025-12-24
17180,location 466,0,severity_type 2,resource_type 2,2,2,8,8,31,3.875,8,1,2025-04-30
4424,location 500,0,severity_type 1,resource_type 2,2,2,2,2,2,1.0,1,1,2025-07-02
9273,location 244,0,severity_type 2,resource_type 2,2,2,2,2,26,13.0,15,11,2025-07-13
10662,location 91,0,severity_type 2,resource_type 2,2,2,2,2,485,242.5,293,192,2025-06-30
11797,location 794,0,severity_type 1,resource_type 4,2,2,2,2,4,2.0,2,2,2025-04-16
3692,location 1019,2,severity_type 2,resource_type 8,1,1,2,2,14,7.0,10,4,2025-12-21
1565,location 39,1,severity_type 1,resource_type 2,1,1,2,2,2,1.0,1,1,2025-12-16
6326,location 984,0,severity_type 1,resource_type 6,1,1,2,2,2,1.0,1,1,2025-05-19
17356,location 136,0,severity_type 2,resource_type 2,2,2,2,2,20,10.0,10,10,2025-10-21
16969,location 255,0,severity_type 4,resource_type 2,1,1,1,1,5,5.0,5,5,2025-05-26
7480,location 684,0,severity_type 2,resource_type 8,1,1,2,2,27,13.5,20,7,2025-10-18
12434,location 579,0,severity_type 1,resource_type 8,1,1,2,2,5,2.5,3,2,2025-08-02
6201,location 906,0,severity_type 2,resource_type 2,2,2,1,1,2,2.0,2,2,2025-06-21
15265,location 1097,1,severity_type 1,resource_type 8,1,1,2,2,5,2.5,3,2,2025-02-16
7493,location 691,1,severity_type 2,resource_type 8,3,3,3,3,7,2.333333333333333,4,1,2025-08-27
2406,location 810,2,severity_type 1,resource_type 8,3,3,4,4,58,14.5,39,5,2025-04-28
3468,location 135,1,severity_type 2,resource_type 2,2,2,2,2,6,3.0,3,3,2025-03-21
2370,location 124,0,severity_type 2,resource_type 2,2,2,6,6,14,2.333333333333333,3,1,2025-03-12
9862,location 234,1,severity_type 2,resource_type 2,2,2,6,6,87,14.5,39,2,2025-12-25
15893,location 309,0,severity_type 1,resource_type 2,2,2,3,3,3,1.0,1,1,2025-02-07
6192,location 30,1,severity_type 1,resource_type 8,1,1,2,2,2,1.0,1,1,2025-10-19
10903,location 479,0,severity_type 2,resource_type 2,1,1,1,1,1,1.0,1,1,2025-11-13
9511,location 687,0,severity_type 1,resource_type 8,1,1,1,1,1,1.0,1,1,2025-01-12
7743,location 163,0,severity_type 1,resource_type 2,1,1,1,1,1,1.0,1,1,2025-08-04
17524,location 210,0,severity_type 2,resource_type 2,2,2,2,2,3,1.5,2,1,2025-07-30
1842,location 744,1,severity_type 2,resource_type 8,1,1,2,2,2,1.0,1,1,2025-05-11
10758,location 737,1,severity_type 2,resource_type 8,1,1,2,2,5,2.5,4,1,2025-09-01
17133,location 803,0,severity_type 1,resource_type 8,1,1,3,3,7,2.333333333333333,4,1,2025-05-30
9073,location 213,0,severity_type 4,resource_type 2,1,1,1,1,1,1.0,1,1,2025-06-10
7736,location 756,1,severity_type 1,resource_type 8,1,1,2,2,2,1.0,1,1,2025-06-07
7422,location 445,0,severity_type 2,resource_type 2,2,2,4,4,8,2.0,3,1,2025-10-20
14015,location 274,1,severity_type 2,resource_type 8,3,3,4,4,4,1.0,1,1,2025-08-20
11278,location 133,0,severity_type 2,resource_type 2,2,2,3,3,7,2.333333333333333,3,1,2025-05-19
7511,location 122,0,severity_type 2,resource_type 2,2,2,8,8,26,3.25,6,1,2025-12-05
4348,location 1107,0,severity_type 1,resource_type 8,2,2,4,4,99,24.75,65,7,2025-10-20
15576,location 118,0,severity_type 2,resource_type 2,2,2,2,2,41,20.5,21,20,2025-12-07
9031,location 1049,0,severity_type 1,resource_type 8,1,1,4,4,305,76.25,161,2,2025-09-24
9498,location 280,1,severity_type 1,resource_type 2,3,3,7,7,9,1.2857142857142858,2,1,2025-05-23
9885,location 1031,1,severity_type 1,resource_type 8,2,2,4,4,4,1.0,1,1,2025-10-10
12765,location 756,0,severity_type 1,resource_type 2,2,2,2,2,3,1.5,2,1,2025-05-01
5650,location 808,0,severity_type 1,resource_type 8,2,2,2,2,20,10.0,12,8,2025-04-09
988,location 945,0,severity_type 1,resource_type 8,1,1,2,2,25,12.5,13,12,2025-06-14
17028,location 9,0,severity_type 1,resource_type 2,2,2,1,1,3,3.0,3,3,2025-12-20
14867,location 1111,1,severity_type 1,resource_type 8,1,1,1,1,1,1.0,1,1,2025-07-27
15499,location 995,1,severity_type 1,resource_type 8,2,2,6,6,28,4.666666666666667,11,1,2025-05-21
6854,location 890,0,severity_type 1,resource_type 8,1,1,2,2,4,2.0,2,2,2025-06-18
14760,location 808,0,severity_type 1,resource_type 8,2,2,4,4,34,8.5,16,3,2025-04-17
1194,location 726,1,severity_type 1,resource_type 8,1,1,2,2,4,2.0,2,2,2025-08-29
223,location 1107,0,severity_type 1,resource_type 8,2,2,4,4,8,2.0,3,1,2025-05-08
17818,location 496,0,severity_type 2,resource_type 2,2,2,2,2,20,10.0,10,10,2025-07-22
4880,location 471,0,severity_type 2,resource_type 2,2,2,15,15,243,16.2,47,1,2025-05-15
16738,location 579,0,severity_type 1,resource_type 8,2,2,3,3,4,1.3333333333333333,2,1,2025-04-28
15315,location 481,0,severity_type 2,resource_type 2,2,2,4,4,104,26.0,29,24,2025-12-21
8495,location 1086,0,severity_type 2,resource_type 8,1,1,1,1,18,18.0,18,18,2025-05-07
8442,location 406,1,severity_type 2,resource_type 2,2,2,6,6,8,1.3333333333333333,2,1,2025-01-26
7352,location 478,0,severity_type 2,resource_type 2,2,2,2,2,8,4.0,4,4,2025-05-19
5209,location 141,0,severity_type 2,resource_type 2,2,2,7,7,7,1.0,1,1,2025-07-14
8997,location 857,1,severity_type 1,resource_type 8,1,1,2,2,2,1.0,1,1,2025-02-04
9150,location 687,0,severity_type 1,resource_type 2,2,2,5,5,7,1.4,3,1,2025-04-22
6589,location 763,2,severity_type 1,resource_type 8,2,2,2,2,70,35.0,47,23,2025-03-02
3741,location 991,2,severity_type 1,resource_type 8,1,1,4,4,45,11.25,20,1,2025-07-02
4464,location 999,0,severity_type 1,resource_type 8,1,1,2,2,3,1.5,2,1,2025-09-21
6946,location 745,0,severity_type 2,resource_type 8,1,1,1,1,1,1.0,1,1,2025-12-20
15100,location 802,1,severity_type 1,resource_type 7,3,3,4,4,4,1.0,1,1,2025-05-23
8369,location 672,1,severity_type 1,resource_type 8,1,1,2,2,16,8.0,8,8,2025-11-12
10756,location 653,0,severity_type 2,resource_type 8,1,1,2,2,33,16.5,18,15,2025-03-20
4276,location 1094,0,severity_type 1,resource_type 2,2,2,2,2,2,1.0,1,1,2025-10-12
4309,location 1008,0,severity_type 2,resource_type 8,1,1,1,1,1,1.0,1,1,2025-07-25
9008,location 1042,0,severity_type 2,resource_type 8,1,1,2,2,25,12.5,16,9,2025-10-04
9647,location 1030,0,severity_type 4,resource_type 8,1,1,2,2,12,6.0,8,4,2025-10-03
14958,location 473,0,severity_type 4,resource_type 2,1,1,1,1,1,1.0,1,1,2025-07-14
14390,location 876,1,severity_type 1,resource_type 8,1,1,2,2,2,1.0,1,1,2025-04-04
13382,location 1020,2,severity_type 1,resource_type 8,3,3,6,6,16,2.6666666666666665,8,1,2025-07-12
3004,location 768,0,severity_type 2,resource_type 8,1,1,2,2,6,3.0,4,2,2025-10-29
16040,location 779,1,severity_type 2,resource_type 8,1,1,3,3,10,3.333333333333333,7,1,2025-12-21
14970,location 395,2,severity_type 1,resource_type 2,3,3,8,8,40,5.0,8,4,2025-12-05
4673,location 794,0,severity_type 1,resource_type 4,2,2,2,2,5,2.5,4,1,2025-03-08
15589,location 495,0,severity_type 2,resource_type 2,2,2,2,2,65,32.5,33,32,2025-08-07
5265,location 663,0,severity_type 1,resource_type 2,1,1,2,2,3,1.5,2,1,2025-02-08
10202,location 700,1,severity_type 1,resource_type 8,1,1,1,1,1,1.0,1,1,2025-09-02
15456,location 684,2,severity_type 1,resource_type 8,2,2,4,4,160,40.0,101,1,2025-12-29
16376,location 684,0,severity_type 1,resource_type 8,2,2,2,2,13,6.5,12,1,2025-01-20
18150,location 810,0,severity_type 1,resource_type 8,1,1,1,1,1,1.0,1,1,2025-08-28
3904,location 845,1,severity_type 2,resource_type 8,1,1,2,2,7,3.5,6,1,2025-12-12
4825,location 300,0,severity_type 2,resource_type 2,2,2,5,5,6,1.2,2,1,2025-11-06
2405,location 1063,0,severity_type 1,resource_type 8,1,1,2,2,8,4.0,5,3,2025-05-24
5573,location 823,1,severity_type 2,resource_type 8,1,1,2,2,3,1.5,2,1,2025-02-07
11877,location 466,0,severity_type 2,resource_type 2,2,2,4,4,10,2.5,4,1,2025-12-04
10860,location 475,0,severity_type 2,resource_type 2,2,2,6,6,17,2.833333333333333,8,1,2025-12-03
13732,location 1066,0,severity_type 2,resource_type 8,1,1,1,1,5,5.0,5,5,2025-07-31
3647,location 155,0,severity_type 2,resource_type 2,2,2,4,4,17,4.25,10,1,2025-12-24
869,location 282,0,severity_type 4,resource_type 2,1,1,1,1,1,1.0,1,1,2025-01-02
4288,location 1070,0,severity_type 1,resource_type 2,1,1,2,2,2,1.0,1,1,2025-08-14
15401,location 133,0,severity_type 2,resource_type 2,2,2,2,2,6,3.0,4,2,2025-01-15
766,location 181,0,severity_type 2,resource_type 2,2,2,7,7,11,1.5714285714285714,2,1,2025-12-08
3548,location 131,1,severity_type 2,resource_type 2,1,1,2,2,2,1.0,1,1,2025-09-06
13414,location 763,0,severity_type 1,resource_type 8,2,2,2,2,10,5.0,8,2,2025-11-30
7585,location 1008,1,severity_type 2,resource_type 8,1,1,2,2,7,3.5,6,1,2025-07-25
5448,location 529,0,severity_type 4,resource_type 2,1,1,1,1,1,1.0,1,1,2025-01-31
6018,location 830,0,severity_type 1,resource_type 8,1,1,2,2,3,1.5,2,1,2025-01-10
13331,location 896,0,severity_type 1,resource_type 2,3,3,5,5,5,1.0,1,1,2025-05-03
18451,location 1107,0,severity_type 1,resource_type 8,2,2,3,3,46,15.333333333333334,36,4,2025-09-29
13371,location 763,2,severity_type 2,resource_type 8,1,1,2,2,24,12.0,18,6,2025-02-25
18029,location 798,1,severity_type 2,resource_type 8,1,1,2,2,9,4.5,8,1,2025-11-08
2274,location 1034,0,severity_type 1,resource_type 8,1,1,2,2,9,4.5,6,3,2025-03-29
13399,location 814,0,severity_type 1,resource_type 8,1,1,4,4,20,5.0,10,1,2025-07-01
8862,location 527,0,severity_type 2,resource_type 2,2,2,4,4,12,3.0,4,2,2025-03-16
12005,location 850,1,severity_type 1,resource_type 8,1,1,2,2,6,3.0,3,3,2025-06-20
11527,location 763,2,severity_type 1,resource_type 8,1,1,2,2,10,5.0,5,5,2025-06-15
3674,location 1050,2,severity_type 1,resource_type 8,3,3,6,6,40,6.666666666666667,16,1,2025-01-02
11197,location 480,0,severity_type 2,resource_type 2,2,2,4,4,6,1.5,2,1,2025-07-27
2824,location 793,0,severity_type 1,resource_type 8,1,1,2,2,17,8.5,13,4,2025-10-15
7369,location 778,1,severity_type 2,resource_type 8,1,1,4,4,4,1.0,1,1,2025-12-08
4865,location 116,0,severity_type 2,resource_type 2,2,2,3,3,3,1.0,1,1,2025-05-01
12596,location 218,0,severity_type 4,resource_type 2,1,1,1,1,1,1.0,1,1,2025-11-18
5828,location 732,0,severity_type 1,resource_type 8,1,1,1,1,8,8.0,8,8,2025-11-17
11472,location 821,0,severity_type 1,resource_type 8,2,2,6,6,36,6.0,11,2,2025-12-27
3480,location 133,0,severity_type 2,resource_type 2,2,2,3,3,11,3.6666666666666665,5,1,2025-05-17
199,location 126,0,severity_type 2,resource_type 2,1,1,1,1,1,1.0,1,1,2025-11-07
9737,location 130,1,severity_type 2,resource_type 2,2,2,2,2,4,2.0,2,2,2025-07-26
18484,location 535,1,severity_type 5,resource_type 3,1,1,1,1,1,1.0,1,1,2025-01-22
17627,location 1018,0,severity_type 1,resource_type 8,2,2,2,2,7,3.5,4,3,2025-04-09
1421,location 653,2,severity_type 1,resource_type 8,2,2,2,2,39,19.5,28,11,2025-09-03
9302,location 485,0,severity_type 2,resource_type 2,2,2,2,2,17,8.5,11,6,2025-02-28
9925,location 8,0,severity_type 2,resource_type 8,1,1,1,1,1,1.0,1,1,2025-06-08
11766,location 1008,0,severity_type 1,resource_type 8,2,2,4,4,58,14.5,26,4,2025-10-10
5742,location 704,0,severity_type 2,resource_type 8,1,1,2,2,33,16.5,23,10,2025-02-24
1337,location 128,0,severity_type 2,resource_type 2,2,2,2,2,2,1.0,1,1,2025-07-01
9475,location 314,0,severity_type 1,resource_type 2,3,3,8,8,9,1.125,2,1,2025-03-20
15199,location 885,0,severity_type 1,resource_type 8,2,2,4,4,4,1.0,1,1,2025-07-15
13178,location 7,0,severity_type 1,resource_type 8,1,1,4,4,43,10.75,15,7,2025-03-29
10518,location 1034,0,severity_type 1,resource_type 8,1,1,2,2,7,3.5,4,3,2025-12-19
6688,location 1086,1,severity_type 2,resource_type 8,1,1,2,2,12,6.0,10,2,2025-01-28
18399,location 1014,2,severity_type 1,resource_type 8,2,2,6,6,25,4.166666666666667,10,1,2025-12-18
8253,location 157,0,severity_type 2,resource_type 2,2,2,2,2,26,13.0,13,13,2025-10-17
3782,location 619,1,severity_type 1,resource_type 8,1,1,2,2,28,14.0,17,11,2025-11-09
11746,location 984,1,severity_type 1,resource_type 4,3,3,5,5,10,2.0,4,1,2025-11-07
17498,location 810,1,severity_type 2,resource_type 8,1,1,2,2,14,7.0,12,2,2025-03-10
16581,location 467,0,severity_type 2,resource_type 2,2,2,3,3,6,2.0,3,1,2025-12-06
3228,location 806,0,severity_type 4,resource_type 7,1,1,1,1,3,3.0,3,3,2025-08-05
2736,location 371,0,severity_type 2,resource_type 2,2,2,4,4,39,9.75,14,6,2025-12-18
7210,location 699,0,severity_type 1,resource_type 2,2,2,2,2,2,1.0,1,1,2025-11-17
15712,location 485,0,severity_type 2,resource_type 2,2,2,3,3,46,15.333333333333334,24,1,2025-07-31
1379,location 1095,0,severity_type 1,resource_type 4,6,6,13,13,134,10.307692307692308,55,1,2025-05-17
3234,location 1031,1,severity_type 1,resource_type 8,1,1,2,2,3,1.5,2,1,2025-02-12
5359,location 995,2,severity_type 1,resource_type 8,2,2,1,1,3,3.0,3,3,2025-02-06
9217,location 814,0,severity_type 1,resource_type 8,1,1,4,4,8,2.0,4,1,2025-05-23
184,location 995,1,severity_type 1,resource_type 8,2,2,6,6,530,88.33333333333333,288,1,2025-10-24
11419,location 734,0,severity_type 2,resource_type 8,1,1,4,4,28,7.0,22,2,2025-07-04
5866,location 1052,1,severity_type 2,resource_type 8,1,1,3,3,18,6.0,10,2,2025-06-25
8830,location 471,0,severity_type 2,resource_type 2,2,2,14,14,57,4.071428571428571,10,1,2025-03-31
5871,location 1086,1,severity_type 1,resource_type 8,2,2,2,2,10,5.0,8,2,2025-07-26
16673,location 976,0,severity_type 2,resource_type 8,1,1,2,2,34,17.0,22,12,2025-08-21
16557,location 793,0,severity_type 2,resource_type 8,1,1,2,2,3,1.5,2,1,2025-12-25
11096,location 17,0,severity_type 4,resource_type 8,1,1,1,1,4,4.0,4,4,2025-09-24
11348,location 702,1,severity_type 2,resource_type 8,1,1,2,2,6,3.0,5,1,2025-08-10
13468,location 497,0,severity_type 2,resource_type 2,2,2,5,5,371,74.2,139,1,2025-11-29
12897,location 246,0,severity_type 2,resource_type 2,2,2,2,2,3,1.5,2,1,2025-06-05
14516,location 899,1,severity_type 1,resource_type 2,3,3,5,5,5,1.0,1,1,2025-12-08
8072,location 798,1,severity_type 2,resource_type 8,1,1,2,2,31,15.5,30,1,2025-05-16
4013,location 36,0,severity_type 1,resource_type 2,2,2,4,4,6,1.5,2,1,2025-02-16
11823,location 244,0,severity_type 2,resource_type 2,2,2,2,2,33,16.5,18,15,2025-06-02
1771,location 864,2,severity_type 1,resource_type 8,1,1,2,2,8,4.0,4,4,2025-02-16
4781,location 221,0,severity_type 4,resource_type 2,1,1,1,1,1,1.0,1,1,2025-02-13
4785,location 266,1,severity_type 2,resource_type 8,3,3,6,6,6,1.0,1,1,2025-11-18
11245,location 673,0,severity_type 1,resource_type 2,1,1,2,2,2,1.0,1,1,2025-10-18
5266,location 122,0,severity_type 2,resource_type 2,2,2,6,6,14,2.333333333333333,5,1,2025-03-22
13977,location 508,0,severity_type 2,resource_type 2,2,2,11,11,83,7.545454545454546,20,1,2025-11-02
10996,location 778,2,severity_type 1,resource_type 8,2,2,4,4,25,6.25,13,1,2025-01-26
1814,location 894,0,severity_type 1,resource_type 2,3,3,6,6,26,4.333333333333333,6,1,2025-04-14
9250,location 1046,1,severity_type 1,resource_type 6,2,2,3,3,3,1.0,1,1,2025-09-15
14023,location 448,0,severity_type 2,resource_type 2,2,2,2,2,8,4.0,5,3,2025-04-21
4966,location 488,0,severity_type 2,resource_type 2,2,2,5,5,35,7.0,18,1,2025-09-24
9932,location 425,0,severity_type 4,resource_type 2,1,1,1,1,1,1.0,1,1,2025-11-16
5207,location 627,1,severity_type 2,resource_type 7,3,3,6,6,36,6.0,11,2,2025-01-25
14985,location 851,1,severity_type 1,resource_type 6,2,2,4,4,5,1.25,2,1,2025-01-09
8049,location 465,0,severity_type 2,resource_type 2,2,2,2,2,3,1.5,2,1,2025-12-10
238,location 810,0,severity_type 2,resource_type 8,1,1,2,2,79,39.5,75,4,2025-07-09
2823,location 299,0,severity_type 2,resource_type 2,2,2,2,2,2,1.0,1,1,2025-07-04
12289,location 122,0,severity_type 2,resource_type 2,2,2,6,6,34,5.666666666666667,9,4,2025-06-19
16890,location 128,0,severity_type 2,resource_type 2,2,2,4,4,10,2.5,3,2,2025-06-08
15445,location 1048,0,severity_type 1,resource_type 8,1,1,3,3,976,325.3333333333333,632,149,2025-09-09
11907,location 515,0,severity_type 2,resource_type 2,3,3,5,5,138,27.6,63,2,2025-07-31
1740,location 476,0,severity_type 2,resource_type 2,2,2,6,6,94,15.666666666666666,34,4,2025-03-01
3727,location 734,2,severity_type 1,resource_type 8,2,2,5,5,71,14.2,41,1,2025-08-17
6341,location 938,1,severity_type 2,resource_type 8,1,1,2,2,2,1.0,1,1,2025-09-01
10445,location 1007,0,severity_type 1,resource_type 8,2,2,1,1,2,2.0,2,2,2025-02-11
4180,location 324,0,severity_type 2,resource_type 2,2,2,4,4,6,1.5,2,1,2025-05-18
5014,location 353,0,severity_type 2,resource_type 2,2,2,6,6,8,1.3333333333333333,2,1,2025-10-16
4116,location 244,0,severity_type 2,resource_type 2,2,2,2,2,9,4.5,5,4,2025-08-14
9453,location 149,0,severity_type 2,resource_type 2,2,2,8,8,76,9.5,20,5,2025-02-19
17937,location 878,0,severity_type 1,resource_type 8,1,1,4,4,278,69.5,135,1,2025-01-15
16616,location 122,0,severity_type 2,resource_type 2,2,2,5,5,12,2.4,4,1,2025-08-01
12564,location 996,1,severity_type 1,resource_type 8,1,1,1,1,1,1.0,1,1,2025-06-18
16426,location 1052,2,severity_type 2,resource_type 8,1,1,2,2,16,8.0,10,6,2025-12-17
11534,location 921,1,severity_type 1,resource_type 8,2,2,3,3,10,3.333333333333333,8,1,2025-07-10
13427,location 440,0,severity_type 1,resource_type 2,2,2,3,3,4,1.3333333333333333,2,1,2025-12-06
8593,location 242,0,severity_type 2,resource_type 2,2,2,6,6,191,31.83333333333333,43,21,2025-03-20
7804,location 1078,0,severity_type 1,resource_type 8,1,1,3,3,24,8.0,17,2,2025-06-13
12029,location 742,0,severity_type 1,resource_type 8,2,2,1,1,2,2.0,2,2,2025-02-20
11340,location 497,0,severity_type 4,resource_type 2,1,1,1,1,7,7.0,7,7,2025-07-29
14863,location 243,0,severity_type 2,resource_type 2,2,2,6,6,304,50.66666666666666,68,37,2025-03-10
14441,location 744,1,severity_type 1,resource_type 6,2,2,3,3,7,2.333333333333333,3,2,2025-06-29
12714,location 964,1,severity_type 1,resource_type 8,1,1,2,2,20,10.0,12,8,2025-05-06
8968,location 228,0,severity_type 2,resource_type 2,2,2,6,6,10,1.6666666666666667,3,1,2025-03-09
4941,location 1014,1,severity_type 2,resource_type 4,2,2,2,2,2,1.0,1,1,2025-02-05
1572,location 208,0,severity_type 2,resource_type 2,2,2,6,6,13,2.1666666666666665,6,1,2025-07-06
3974,location 103,0,severity_type 2,resource_type 2,2,2,2,2,17,8.5,9,8,2025-12-12
11772,location 810,2,severity_type 1,resource_type 2,2,2,2,2,33,16.5,21,12,2025-03-14
14391,location 690,0,severity_type 1,resource_type 8,1,1,2,2,6,3.0,4,2,2025-05-28
1988,location 825,1,severity_type 2,resource_type 8,1,1,2,2,3,1.5,2,1,2025-03-23
14618,location 896,0,severity_type 1,resource_type 2,3,3,5,5,17,3.4,5,2,2025-10-23
12241,location 425,1,severity_type 2,resource_type 8,1,1,1,1,1,1.0,1,1,2025-06-01
9402,location 609,1,severity_type 2,resource_type 8,3,3,5,5,16,3.2,5,2,2025-12-22
6185,location 1099,0,severity_type 1,resource_type 8,1,1,2,2,7,3.5,4,3,2025-03-31
6127,location 483,0,severity_type 1,resource_type 2,2,2,3,3,3,1.0,1,1,2025-01-30
16178,location 584,0,severity_type 1,resource_type 8,1,1,2,2,11,5.5,7,4,2025-08-01
18161,location 696,0,severity_type 2,resource_type 8,1,1,2,2,22,11.0,21,1,2025-08-26
7424,location 521,0,severity_type 2,resource_type 2,2,2,2,2,17,8.5,9,8,2025-12-28
11105,location 600,0,severity_type 2,resource_type 8,1,1,1,1,1,1.0,1,1,2025-11-15
5641,location 684,2,severity_type 1,resource_type 8,2,2,3,3,67,22.33333333333333,44,2,2025-11-19
10411,location 744,1,severity_type 1,resource_type 6,2,2,5,5,5,1.0,1,1,2025-08-20
413,location 944,1,severity_type 1,resource_type 8,2,2,7,7,20,2.857142857142857,7,1,2025-05-12
3215,location 821,0,severity_type 2,resource_type 8,1,1,2,2,4,2.0,2,2,2025-06-06
17267,location 532,0,severity_type 1,resource_type 3,4,4,12,12,32,2.6666666666666665,7,1,2025-02-18
6099,location 446,0,severity_type 2,resource_type 2,2,2,2,2,4,2.0,2,2,2025-06-07
1534,location 399,0,severity_type 2,resource_type 2,2,2,6,6,6,1.0,1,1,2025-05-14
13631,location 734,0,severity_type 1,resource_type 8,2,2,4,4,20,5.0,14,1,2025-01-14
10361,location 300,0,severity_type 1,resource_type 2,2,2,3,3,3,1.0,1,1,2025-03-16
13959,location 604,0,severity_type 1,resource_type 8,1,1,1,1,2,2.0,2,2,2025-07-15
408,location 232,0,severity_type 1,resource_type 2,1,1,2,2,2,1.0,1,1,2025-05-15
17375,location 520,0,severity_type 2,resource_type 2,2,2,3,3,14,4.666666666666667,6,2,2025-12-29
10994,location 619,0,severity_type 1,resource_type 8,1,1,2,2,20,10.0,12,8,2025-06-24
3454,location 1044,0,severity_type 1,resource_type 8,1,1,2,2,2,1.0,1,1,2025-12-16
9875,location 518,0,severity_type 2,resource_type 2,2,2,4,4,47,11.75,23,4,2025-08-30
17538,location 1107,2,severity_type 1,resource_type 8,2,2,5,5,405,81.0,293,1,2025-01-15
1501,location 322,1,severity_type 2,resource_type 2,2,2,2,2,10,5.0,5,5,2025-03-16
5521,location 145,0,severity_type 2,resource_type 2,2,2,6,6,21,3.5,4,3,2025-09-15
16305,location 944,0,severity_type 1,resource_type 8,1,1,2,2,12,6.0,6,6,2025-07-18
13935,location 945,0,severity_type 1,resource_type 8,1,1,2,2,7,3.5,4,3,2025-04-21
1570,location 990,1,severity_type 1,resource_type 8,1,1,2,2,4,2.0,2,2,2025-07-10
11157,location 735,0,severity_type 2,resource_type 8,1,1,2,2,3,1.5,2,1,2025-11-26
17783,location 527,0,severity_type 2,resource_type 2,2,2,2,2,2,1.0,1,1,2025-05-22
16121,location 805,0,severity_type 1,resource_type 8,1,1,2,2,6,3.0,4,2,2025-01-17
1218,location 496,0,severity_type 2,resource_type 2,2,2,11,11,334,30.363636363636363,69,1,2025-04-24
15598,location 653,0,severity_type 1,resource_type 8,2,2,4,4,19,4.75,6,2,2025-12-08
2653,location 100,0,severity_type 4,resource_type 2,1,1,2,2,4,2.0,2,2,2025-10-06
13267,location 704,0,severity_type 2,resource_type 8,1,1,1,1,10,10.0,10,10,2025-11-02
11853,location 704,1,severity_type 2,resource_type 8,1,1,2,2,15,7.5,13,2,2025-11-29
17182,location 460,1,severity_type 2,resource_type 2,2,2,3,3,3,1.0,1,1,2025-02-12
5874,location 1055,0,severity_type 1,resource_type 8,2,2,3,3,28,9.333333333333334,15,1,2025-04-14
3136,location 821,2,severity_type 1,resource_type 8,2,2,4,4,49,12.25,26,6,2025-01-22
7435,location 1100,2,severity_type 1,resource_type 8,2,2,3,3,57,19.0,34,2,2025-01-02
9775,location 285,0,severity_type 2,resource_type 2,1,1,2,2,2,1.0,1,1,2025-11-01
10624,location 442,0,severity_type 1,resource_type 2,3,3,4,4,4,1.0,1,1,2025-12-08
12942,location 479,0,severity_type 2,resource_type 2,2,2,10,10,75,7.5,34,1,2025-02-26
7099,location 57,0,severity_type 1,resource_type 2,1,1,2,2,2,1.0,1,1,2025-09-21
17010,location 474,0,severity_type 2,resource_type 2,2,2,6,6,22,3.6666666666666665,5,3,2025-07-15
10182,location 741,0,severity_type 1,resource_type 8,2,2,2,2,7,3.5,4,3,2025-01-26
15986,location 1086,2,severity_type 2,resource_type 8,1,1,2,2,19,9.5,10,9,2025-12-01
18373,location 706,1,severity_type 1,resource_type 8,1,1,4,4,13,3.25,7,1,2025-11-15
10833,location 184,1,severity_type 2,resource_type 2,1,1,2,2,2,1.0,1,1,2025-07-27
9367,location 378,0,severity_type 2,resource_type 2,2,2,2,2,13,6.5,7,6,2025-09-16
1714,location 518,0,severity_type 2,resource_type 2,2,2,4,4,6,1.5,2,1,2025-05-25
6675,location 896,0,severity_type 2,resource_type 2,3,3,3,3,6,2.0,2,2,2025-10-17
17531,location 181,0,severity_type 2,resource_type 2,2,2,4,4,10,2.5,4,1,2025-06-12
4167,location 943,0,severity_type 4,resource_type 8,1,1,1,1,1,1.0,1,1,2025-12-28
8625,location 714,1,severity_type 1,resource_type 8,2,2,2,2,4,2.0,2,2,2025-01-24
5665,location 707,0,severity_type 2,resource_type 8,2,2,3,3,4,1.3333333333333333,2,1,2025-03-04
17300,location 322,0,severity_type 2,resource_type 2,2,2,6,6,25,4.166666666666667,7,1,2025-12-20
12941,location 599,2,severity_type 2,resource_type 8,1,1,4,4,16,4.0,6,2,2025-04-16
4200,location 684,1,severity_type 1,resource_type 8,2,2,3,3,37,12.333333333333334,32,1,2025-04-24
1858,location 1050,1,severity_type 1,resource_type 8,2,2,5,5,17,3.4,12,1,2025-10-16
13276,location 369,0,severity_type 2,resource_type 2,2,2,8,8,30,3.75,6,2,2025-03-11
15835,location 902,0,severity_type 4,resource_type 8,2,2,2,2,3,1.5,2,1,2025-07-07
16118,location 91,0,severity_type 2,resource_type 2,2,2,5,5,8,1.6,2,1,2025-04-15
1357,location 414,1,severity_type 2,resource_type 2,2,2,4,4,4,1.0,1,1,2025-03-14
16912,location 932,0,severity_type 1,resource_type 8,2,2,2,2,5,2.5,3,2,2025-12-18
17812,location 1006,0,severity_type 2,resource_type 8,1,1,1,1,4,4.0,4,4,2025-03-14
16844,location 124,0,severity_type 2,resource_type 2,2,2,6,6,20,3.333333333333333,4,3,2025-02-04
10074,location 211,1,severity_type 1,resource_type 2,3,3,7,7,7,1.0,1,1,2025-09-03
15238,location 373,0,severity_type 2,resource_type 2,2,2,2,2,98,49.0,50,48,2025-11-13
6732,location 1089,0,severity_type 1,resource_type 8,1,1,2,2,6,3.0,3,3,2025-02-16
18298,location 976,0,severity_type 1,resource_type 8,2,2,2,2,7,3.5,4,3,2025-09-16
9837,location 823,1,severity_type 1,resource_type 8,1,1,2,2,2,1.0,1,1,2025-07-17
12159,location 692,1,severity_type 1,resource_type 8,1,1,2,2,2,1.0,1,1,2025-10-30
11924,location 270,0,severity_type 2,resource_type 2,2,2,3,3,3,1.0,1,1,2025-02-16
11926,location 737,0,severity_type 1,resource_type 8,1,1,2,2,6,3.0,4,2,2025-12-23
8295,location 314,0,severity_type 1,resource_type 2,2,2,2,2,2,1.0,1,1,2025-08-14
18108,location 392,0,severity_type 1,resource_type 2,3,3,4,4,6,1.5,2,1,2025-11-04
17151,location 814,0,severity_type 2,resource_type 8,1,1,1,1,4,4.0,4,4,2025-05-13
5168,location 834,0,severity_type 1,resource_type 8,2,2,2,2,3,1.5,2,1,2025-12-11
104,location 821,2,severity_type 1,resource_type 8,2,2,5,5,41,8.2,22,2,2025-08-17
9246,location 506,0,severity_type 2,resource_type 2,2,2,4,4,186,46.5,102,2,2025-02-16
17642,location 367,1,severity_type 2,resource_type 2,2,2,4,4,4,1.0,1,1,2025-12-03
16756,location 744,0,severity_type 1,resource_type 4,2,2,1,1,4,4.0,4,4,2025-10-18
5113,location 899,0,severity_type 1,resource_type 2,4,4,6,6,25,4.166666666666667,10,1,2025-04-20
3859,location 159,1,severity_type 1,resource_type 2,3,3,8,8,8,1.0,1,1,2025-07-19
13947,location 641,2,severity_type 1,resource_type 2,2,2,4,4,16,4.0,6,2,2025-05-22
6206,location 118,0,severity_type 2,resource_type 2,2,2,2,2,27,13.5,14,13,2025-07-18
9385,location 252,1,severity_type 2,resource_type 2,2,2,2,2,7,3.5,4,3,2025-12-19
6084,location 320,1,severity_type 2,resource_type 2,2,2,2,2,2,1.0,1,1,2025-11-25
3047,location 477,0,severity_type 2,resource_type 2,2,2,5,5,75,15.0,33,1,2025-03-20
4363,location 507,0,severity_type 2,resource_type 2,2,2,2,2,18,9.0,10,8,2025-12-21
5476,location 1019,2,severity_type 2,resource_type 8,1,1,2,2,21,10.5,11,10,2025-06-09
15915,location 821,0,severity_type 1,resource_type 8,2,2,4,4,11,2.75,4,1,2025-09-15
2859,location 130,1,severity_type 1,resource_type 2,2,2,3,3,3,1.0,1,1,2025-10-06
2055,location 1056,0,severity_type 1,resource_type 10,3,3,5,5,13,2.6,5,1,2025-06-26
13235,location 696,0,severity_type 2,resource_type 8,1,1,2,2,9,4.5,7,2,2025-06-16
12475,location 155,0,severity_type 2,resource_type 2,2,2,2,2,25,12.5,14,11,2025-06-16
10430,location 468,0,severity_type 2,resource_type 2,2,2,2,2,28,14.0,14,14,2025-11-11
8875,location 1033,1,severity_type 1,resource_type 8,1,1,2,2,4,2.0,3,1,2025-05-22
2684,location 484,0,severity_type 2,resource_type 2,2,2,4,4,7,1.75,3,1,2025-04-13
11963,location 1098,0,severity_type 1,resource_type 8,1,1,2,2,46,23.0,45,1,2025-05-12
10382,location 474,0,severity_type 2,resource_type 2,2,2,2,2,2,1.0,1,1,2025-03-13
17934,location 599,0,severity_type 2,resource_type 8,1,1,1,1,56,56.0,56,56,2025-05-23
780,location 228,1,severity_type 2,resource_type 2,2,2,6,6,6,1.0,1,1,2025-02-11
11640,location 471,0,severity_type 1,resource_type 2,3,3,7,7,18,2.571428571428572,4,1,2025-02-02
10805,location 509,0,severity_type 4,resource_type 2,1,1,1,1,2,2.0,2,2,2025-09-22
7211,location 798,0,severity_type 2,resource_type 8,1,1,2,2,15,7.5,10,5,2025-01-29
1451,location 891,0,severity_type 1,resource_type 8,1,1,2,2,6,3.0,4,2,2025-07-27
13295,location 831,1,severity_type 1,resource_type 8,1,1,2,2,4,2.0,2,2,2025-10-12
302,location 91,1,severity_type 2,resource_type 2,2,2,2,2,2,1.0,1,1,2025-09-22
3118,location 707,0,severity_type 1,resource_type 8,3,3,3,3,9,3.0,7,1,2025-06-12
9727,location 102,0,severity_type 2,resource_type 2,2,2,4,4,6,1.5,2,1,2025-03-12
4523,location 246,0,severity_type 2,resource_type 2,1,1,2,2,2,1.0,1,1,2025-12-06
8122,location 1024,0,severity_type 1,resource_type 8,1,1,2,2,8,4.0,5,3,2025-11-01
8469,location 122,0,severity_type 2,resource_type 2,2,2,8,8,20,2.5,7,1,2025-08-12
1324,location 609,0,severity_type 2,resource_type 7,3,3,4,4,15,3.75,8,1,2025-02-01
17127,location 519,0,severity_type 2,resource_type 2,2,2,4,4,4,1.0,1,1,2025-01-13
14043,location 484,0,severity_type 2,resource_type 2,1,1,2,2,2,1.0,1,1,2025-04-26
991,location 946,0,severity_type 1,resource_type 8,1,1,2,2,7,3.5,4,3,2025-02-27
16269,location 175,0,severity_type 2,resource_type 2,2,2,2,2,8,4.0,4,4,2025-11-11
1418,location 1099,1,severity_type 1,resource_type 8,1,1,2,2,10,5.0,6,4,2025-03-17
2308,location 885,2,severity_type 2,resource_type 8,1,1,3,3,11,3.6666666666666665,6,1,2025-04-14
12969,location 976,1,severity_type 1,resource_type 8,1,1,1,1,1,1.0,1,1,2025-12-23
2177,location 1107,1,severity_type 1,resource_type 8,2,2,4,4,100,25.0,45,8,2025-10-26
13908,location 823,0,severity_type 1,resource_type 8,2,2,2,2,25,12.5,17,8,2025-03-21
5658,location 834,2,severity_type 2,resource_type 8,1,1,2,2,42,21.0,32,10,2025-05-20
7243,location 485,0,severity_type 2,resource_type 2,2,2,2,2,2,1.0,1,1,2025-07-08
9637,location 990,0,severity_type 1,resource_type 8,1,1,2,2,2,1.0,1,1,2025-08-31
9654,location 995,2,severity_type 2,resource_type 8,1,1,3,3,33,11.0,24,1,2025-12-08
16396,location 742,0,severity_type 2,resource_type 2,2,2,2,2,5,2.5,4,1,2025-11-14
1620,location 976,1,severity_type 2,resource_type 8,1,1,2,2,8,4.0,6,2,2025-12-23
14588,location 742,0,severity_type 2,resource_type 8,1,1,1,1,2,2.0,2,2,2025-01-15
6534,location 672,0,severity_type 1,resource_type 8,1,1,2,2,26,13.0,13,13,2025-03-28
5837,location 816,0,severity_type 2,resource_type 4,2,2,4,4,4,1.0,1,1,2025-07-25
12414,location 141,1,severity_type 2,resource_type 2,2,2,4,4,4,1.0,1,1,2025-01-18
17171,location 242,0,severity_type 2,resource_type 2,2,2,4,4,5,1.25,2,1,2025-05-10
7319,location 1031,1,severity_type 1,resource_type 8,1,1,4,4,20,5.0,9,1,2025-02-26
16131,location 893,0,severity_type 1,resource_type 2,3,3,6,6,22,3.6666666666666665,6,1,2025-12-07
11964,location 638,2,severity_type 1,resource_type 2,2,2,4,4,46,11.5,16,7,2025-01-24
10577,location 149,0,severity_type 2,resource_type 2,2,2,5,5,20,4.0,7,2,2025-02-24
18507,location 429,0,severity_type 4,resource_type 2,1,1,1,1,1,1.0,1,1,2025-03-13
16841,location 477,0,severity_type 2,resource_type 2,2,2,10,10,20,2.0,6,1,2025-02-24
4631,location 497,0,severity_type 2,resource_type 2,2,2,15,15,473,31.53333333333333,107,1,2025-07-27
6839,location 763,1,severity_type 2,resource_type 8,1,1,2,2,10,5.0,8,2,2025-05-13
16370,location 950,1,severity_type 1,resource_type 8,1,1,2,2,2,1.0,1,1,2025-11-30
11697,location 118,0,severity_type 2,resource_type 2,2,2,2,2,29,14.5,16,13,2025-04-06
1718,location 1008,1,severity_type 2,resource_type 8,1,1,3,3,14,4.666666666666667,11,1,2025-07-16
3793,location 955,0,severity_type 1,resource_type 2,1,1,1,1,1,1.0,1,1,2025-08-29
9400,location 126,0,severity_type 2,resource_type 2,2,2,8,8,24,3.0,4,1,2025-08-17
18055,location 821,0,severity_type 1,resource_type 8,2,2,4,4,20,5.0,8,4,2025-10-18
4835,location 508,0,severity_type 2,resource_type 2,2,2,2,2,26,13.0,13,13,2025-03-15
11293,location 793,0,severity_type 2,resource_type 8,1,1,2,2,24,12.0,21,3,2025-07-05
12272,location 298,1,severity_type 2,resource_type 2,2,2,2,2,3,1.5,2,1,2025-10-20
10137,location 1019,1,severity_type 1,resource_type 8,2,2,4,4,42,10.5,24,2,2025-11-12
16888,location 258,0,severity_type 4,resource_type 2,1,1,1,1,1,1.0,1,1,2025-08-14
11260,location 834,2,severity_type 2,resource_type 8,1,1,2,2,69,34.5,36,33,2025-08-26
13462,location 495,0,severity_type 2,resource_type 2,2,2,6,6,38,6.333333333333333,20,1,2025-11-12
14947,location 242,0,severity_type 2,resource_type 2,2,2,6,6,170,28.33333333333333,66,3,2025-08-17
5679,location 707,0,severity_type 2,resource_type 8,1,1,2,2,6,3.0,3,3,2025-12-13
16537,location 467,0,severity_type 2,resource_type 2,2,2,2,2,8,4.0,4,4,2025-02-16
17203,location 282,0,severity_type 4,resource_type 2,1,1,3,3,3,1.0,1,1,2025-05-07
15924,location 613,0,severity_type 1,resource_type 8,2,2,2,2,6,3.0,4,2,2025-02-10
4177,location 821,2,severity_type 1,resource_type 8,2,2,4,4,74,18.5,38,1,2025-02-03
9636,location 123,0,severity_type 2,resource_type 2,2,2,6,6,22,3.6666666666666665,7,1,2025-06-22
4249,location 1026,0,severity_type 1,resource_type 8,2,2,4,4,12,3.0,5,2,2025-03-24
2444,location 508,0,severity_type 2,resource_type 2,2,2,2,2,28,14.0,21,7,2025-05-29
17338,location 1061,2,severity_type 2,resource_type 8,1,1,4,4,27,6.75,22,1,2025-06-09
6742,location 899,0,severity_type 2,resource_type 2,2,2,2,2,2,1.0,1,1,2025-08-15
12283,location 944,1,severity_type 1,resource_type 8,1,1,5,5,7,1.4,3,1,2025-12-12
18270,location 644,1,severity_type 1,resource_type 2,2,2,4,4,6,1.5,2,1,2025-11-07
16201,location 809,0,severity_type 1,resource_type 8,2,2,2,2,17,8.5,9,8,2025-05-19
373,location 834,2,severity_type 2,resource_type 8,1,1,2,2,16,8.0,10,6,2025-04-29
159,location 600,2,severity_type 2,resource_type 8,1,1,2,2,45,22.5,36,9,2025-10-09
16360,location 476,0,severity_type 2,resource_type 2,2,2,10,10,141,14.1,35,1,2025-02-15
12221,location 159,0,severity_type 2,resource_type 2,2,2,2,2,11,5.5,6,5,2025-07-17
3054,location 1050,0,severity_type 1,resource_type 4,5,5,5,5,5,1.0,1,1,2025-06-04
10962,location 73,1,severity_type 1,resource_type 9,2,2,5,5,7,1.4,2,1,2025-03-08
11775,location 845,2,severity_type 1,resource_type 8,2,2,3,3,30,10.0,20,2,2025-08-14
9070,location 584,0,severity_type 1,resource_type 8,1,1,4,4,7,1.75,3,1,2025-04-28
13559,location 644,0,severity_type 1,resource_type 2,2,2,2,2,449,224.5,225,224,2025-03-09
11210,location 658,0,severity_type 1,resource_type 8,1,1,2,2,5,2.5,3,2,2025-08-27
3057,location 466,0,severity_type 2,resource_type 2,2,2,2,2,86,43.0,47,39,2025-03-05
4437,location 122,0,severity_type 2,resource_type 2,2,2,8,8,27,3.375,6,1,2025-09-03
3445,location 352,1,severity_type 1,resource_type 2,2,2,4,4,8,2.0,2,2,2025-03-01
1674,location 1050,1,severity_type 4,resource_type 7,3,3,4,4,26,6.5,8,2,2025-06-08
17313,location 344,0,severity_type 2,resource_type 2,2,2,2,2,7,3.5,5,2,2025-10-22
5894,location 878,0,severity_type 4,resource_type 8,1,1,1,1,2,2.0,2,2,2025-03-25
7989,location 584,0,severity_type 1,resource_type 8,1,1,2,2,5,2.5,3,2,2025-10-08
8119,location 613,2,severity_type 1,resource_type 8,2,2,2,2,40,20.0,25,15,2025-09-21
6561,location 976,2,severity_type 2,resource_type 8,1,1,3,3,35,11.666666666666666,23,1,2025-11-26
1902,location 1113,1,severity_type 1,resource_type 8,1,1,1,1,2,2.0,2,2,2025-03-03
1936,location 298,0,severity_type 2,resource_type 2,2,2,5,5,56,11.2,27,1,2025-09-19
16495,location 849,0,severity_type 2,resource_type 8,1,1,2,2,2,1.0,1,1,2025-12-08
6362,location 942,1,severity_type 2,resource_type 8,2,2,1,1,1,1.0,1,1,2025-10-06
9187,location 505,0,severity_type 2,resource_type 2,2,2,2,2,31,15.5,16,15,2025-03-10
10346,location 326,1,severity_type 2,resource_type 2,2,2,2,2,2,1.0,1,1,2025-10-28
1438,location 37,1,severity_type 1,resource_type 8,1,1,1,1,2,2.0,2,2,2025-02-09
13517,location 157,0,severity_type 2,resource_type 2,2,2,2,2,30,15.0,15,15,2025-08-03
10961,location 1096,0,severity_type 1,resource_type 2,1,1,1,1,1,1.0,1,1,2025-07-01
18048,location 239,1,severity_type 1,resource_type 2,2,2,3,3,3,1.0,1,1,2025-07-13
7396,location 149,0,severity_type 2,resource_type 2,2,2,5,5,11,2.2,3,2,2025-07-09
7123,location 1052,2,severity_type 2,resource_type 8,1,1,3,3,44,14.666666666666666,24,2,2025-01-12
12199,location 931,0,severity_type 1,resource_type 8,2,2,4,4,12,3.0,4,2,2025-07-05
9641,location 294,1,severity_type 2,resource_type 2,2,2,4,4,4,1.0,1,1,2025-12-08
2756,location 1053,1,severity_type 1,resource_type 8,1,1,2,2,4,2.0,2,2,2025-06-09
10830,location 496,0,severity_type 1,resource_type 8,4,4,10,10,59,5.9,19,2,2025-04-12
2306,location 485,0,severity_type 2,resource_type 2,2,2,3,3,13,4.333333333333333,7,2,2025-12-30
4044,location 826,0,severity_type 1,resource_type 8,1,1,2,2,7,3.5,4,3,2025-02-06
2592,location 834,2,severity_type 2,resource_type 8,1,1,2,2,40,20.0,33,7,2025-06-27
5478,location 810,0,severity_type 1,resource_type 8,2,2,4,4,31,7.75,13,4,2025-07-07
18063,location 496,0,severity_type 2,resource_type 2,2,2,10,10,295,29.5,74,2,2025-06-24
9803,location 124,0,severity_type 2,resource_type 2,2,2,6,6,14,2.333333333333333,4,1,2025-12-03
11653,location 1018,0,severity_type 1,resource_type 8,2,2,1,1,4,4.0,4,4,2025-06-03
7672,location 501,0,severity_type 2,resource_type 2,2,2,3,3,6,2.0,3,1,2025-12-22
4503,location 783,0,severity_type 2,resource_type 8,1,1,2,2,2,1.0,1,1,2025-01-25
18530,location 756,0,severity_type 1,resource_type 8,1,1,1,1,2,2.0,2,2,2025-09-25
2980,location 839,0,severity_type 2,resource_type 8,1,1,1,1,2,2.0,2,2,2025-08-05
17273,location 789,1,severity_type 1,resource_type 8,1,1,2,2,6,3.0,5,1,2025-03-29
11786,location 478,0,severity_type 2,resource_type 2,2,2,6,6,11,1.8333333333333333,3,1,2025-03-25
1742,location 507,0,severity_type 2,resource_type 2,2,2,3,3,17,5.666666666666667,11,3,2025-09-20
549,location 495,0,severity_type 2,resource_type 2,2,2,17,17,576,33.88235294117647,164,1,2025-08-21
18204,location 184,1,severity_type 2,resource_type 2,2,2,4,4,4,1.0,1,1,2025-08-12
7464,location 268,1,severity_type 2,resource_type 2,2,2,4,4,4,1.0,1,1,2025-01-19
18168,location 120,1,severity_type 2,resource_type 2,1,1,2,2,2,1.0,1,1,2025-08-07
12370,location 602,0,severity_type 2,resource_type 8,1,1,2,2,4,2.0,2,2,2025-12-25
4836,location 895,2,severity_type 1,resource_type 2,4,4,7,7,52,7.428571428571429,15,1,2025-01-07
14079,location 130,1,severity_type 2,resource_type 2,2,2,2,2,3,1.5,2,1,2025-06-21
14353,location 763,0,severity_type 2,resource_type 8,1,1,2,2,52,26.0,28,24,2025-06-30
10110,location 1008,2,severity_type 2,resource_type 8,1,1,4,4,83,20.75,43,1,2025-11-24
7373,location 921,1,severity_type 2,resource_type 8,1,1,2,2,18,9.0,16,2,2025-04-14
6995,location 734,2,severity_type 1,resource_type 8,2,2,4,4,71,17.75,34,6,2025-06-23
16995,location 509,0,severity_type 2,resource_type 2,2,2,2,2,25,12.5,13,12,2025-09-19
6546,location 467,0,severity_type 2,resource_type 2,2,2,2,2,3,1.5,2,1,2025-01-23
17965,location 881,0,severity_type 1,resource_type 8,1,1,3,3,5,1.6666666666666667,2,1,2025-10-20
9109,location 618,1,severity_type 4,resource_type 4,3,3,1,1,1,1.0,1,1,2025-10-28
17989,location 409,0,severity_type 2,resource_type 2,2,2,5,5,10,2.0,2,2,2025-09-20
6514,location 786,1,severity_type 1,resource_type 8,2,2,1,1,1,1.0,1,1,2025-08-25
3636,location 242,0,severity_type 2,resource_type 2,2,2,6,6,429,71.5,90,45,2025-09-30
6459,location 765,0,severity_type 1,resource_type 2,1,1,2,2,2,1.0,1,1,2025-10-13
1547,location 91,0,severity_type 2,resource_type 2,2,2,6,6,180,30.0,80,7,2025-11-26
8777,location 133,0,severity_type 2,resource_type 2,2,2,4,4,9,2.25,4,1,2025-06-06
9969,location 484,0,severity_type 2,resource_type 2,2,2,5,5,39,7.8,19,1,2025-06-16
14280,location 794,0,severity_type 1,resource_type 8,4,4,5,5,18,3.6,7,1,2025-08-21
5880,location 1044,0,severity_type 1,resource_type 8,1,1,2,2,5,2.5,3,2,2025-03-12
13866,location 145,0,severity_type 2,resource_type 2,2,2,4,4,6,1.5,2,1,2025-11-09
17443,location 1086,2,severity_type 2,resource_type 8,1,1,2,2,26,13.0,20,6,2025-10-09
14217,location 1052,0,severity_type 1,resource_type 8,2,2,3,3,15,5.0,10,2,2025-08-19
15217,location 468,0,severity_type 2,resource_type 2,2,2,2,2,76,38.0,39,37,2025-04-21
14239,location 810,0,severity_type 1,resource_type 8,2,2,2,2,2,1.0,1,1,2025-05-07
2312,location 592,1,severity_type 1,resource_type 2,1,1,2,2,2,1.0,1,1,2025-06-08
11205,location 899,1,severity_type 2,resource_type 2,3,3,5,5,13,2.6,4,1,2025-08-30
4032,location 1044,0,severity_type 1,resource_type 8,1,1,1,1,1,1.0,1,1,2025-10-11
16916,location 1107,2,severity_type 1,resource_type 8,2,2,4,4,73,18.25,44,4,2025-09-03
2768,location 67,0,severity_type 1,resource_type 8,1,1,2,2,28,14.0,20,8,2025-12-06
2615,location 798,2,severity_type 2,resource_type 8,1,1,2,2,42,21.0,28,14,2025-12-17
9838,location 471,0,severity_type 2,resource_type 2,2,2,4,4,226,56.5,128,1,2025-09-15
5213,location 465,0,severity_type 2,resource_type 2,2,2,2,2,46,23.0,23,23,2025-05-16
8719,location 252,0,severity_type 2,resource_type 2,1,1,1,1,1,1.0,1,1,2025-08-07
14892,location 522,0,severity_type 2,resource_type 2,2,2,2,2,25,12.5,14,11,2025-06-05
10220,location 462,0,severity_type 1,resource_type 2,3,3,5,5,7,1.4,2,1,2025-08-18
14764,location 797,2,severity_type 1,resource_type 8,1,1,4,4,19,4.75,10,1,2025-10-24
14936,location 496,0,severity_type 2,resource_type 2,2,2,5,5,190,38.0,52,6,2025-05-15
5343,location 457,0,severity_type 2,resource_type 2,2,2,2,2,2,1.0,1,1,2025-07-04
6398,location 165,0,severity_type 4,resource_type 2,1,1,1,1,1,1.0,1,1,2025-01-17
4904,location 560,2,severity_type 1,resource_type 8,2,2,5,5,20,4.0,10,1,2025-09-26
989,location 38,1,severity_type 4,resource_type 9,2,2,3,3,4,1.3333333333333333,2,1,2025-06-28
10374,location 744,0,severity_type 2,resource_type 8,1,1,1,1,1,1.0,1,1,2025-06-17
10636,location 808,0,severity_type 2,resource_type 8,1,1,1,1,2,2.0,2,2,2025-07-14
17213,location 653,1,severity_type 1,resource_type 8,2,2,4,4,21,5.25,9,3,2025-03-20
7578,location 914,0,severity_type 2,resource_type 8,1,1,1,1,1,1.0,1,1,2025-08-07
13756,location 810,2,severity_type 1,resource_type 2,3,3,8,8,79,9.875,35,1,2025-09-29
2424,location 1072,0,severity_type 2,resource_type 8,1,1,1,1,1,1.0,1,1,2025-05-08
5147,location 962,1,severity_type 2,resource_type 8,1,1,2,2,30,15.0,28,2,2025-02-17
447,location 446,0,severity_type 1,resource_type 2,3,3,4,4,4,1.0,1,1,2025-05-22
8569,location 127,0,severity_type 2,resource_type 2,2,2,8,8,83,10.375,34,2,2025-03-14
11145,location 995,2,severity_type 1,resource_type 2,3,3,4,4,153,38.25,114,6,2025-05-17
6373,location 475,0,severity_type 2,resource_type 2,2,2,2,2,6,3.0,4,2,2025-08-17
8095,location 162,0,severity_type 4,resource_type 2,1,1,2,2,2,1.0,1,1,2025-02-11
7287,location 836,0,severity_type 1,resource_type 2,2,2,4,4,4,1.0,1,1,2025-09-30
17842,location 891,0,severity_type 4,resource_type 8,1,1,2,2,4,2.0,3,1,2025-03-23
9962,location 1042,0,severity_type 2,resource_type 8,1,1,2,2,13,6.5,12,1,2025-11-23
4132,location 479,0,severity_type 2,resource_type 2,2,2,2,2,2,1.0,1,1,2025-09-25
16189,location 9,0,severity_type 1,resource_type 8,1,1,2,2,2,1.0,1,1,2025-04-10
15334,location 460,0,severity_type 2,resource_type 2,2,2,6,6,6,1.0,1,1,2025-07-25
12759,location 380,0,severity_type 2,resource_type 2,2,2,2,2,26,13.0,13,13,2025-02-10
11795,location 798,0,severity_type 2,resource_type 8,1,1,2,2,9,4.5,6,3,2025-02-06
5274,location 163,1,severity_type 2,resource_type 2,2,2,2,2,2,1.0,1,1,2025-12-15
1523,location 742,0,severity_type 2,resource_type 8,1,1,2,2,2,1.0,1,1,2025-10-20
14827,location 763,1,severity_type 2,resource_type 8,1,1,2,2,15,7.5,12,3,2025-02-26
4754,location 883,0,severity_type 1,resource_type 8,1,1,2,2,9,4.5,5,4,2025-04-14
10580,location 1060,0,severity_type 2,resource_type 8,1,1,1,1,1,1.0,1,1,2025-03-14
9944,location 1026,1,severity_type 1,resource_type 1,1,1,1,1,1,1.0,1,1,2025-05-25
14044,location 962,1,severity_type 2,resource_type 8,1,1,2,2,27,13.5,26,1,2025-04-17
5138,location 790,1,severity_type 1,resource_type 2,4,4,6,6,8,1.3333333333333333,2,1,2025-04-30
11759,location 507,0,severity_type 2,resource_type 2,2,2,2,2,70,35.0,35,35,2025-07-13
391,location 149,0,severity_type 2,resource_type 2,2,2,5,5,8,1.6,3,1,2025-03-11
9964,location 389,0,severity_type 2,resource_type 2,2,2,4,4,6,1.5,2,1,2025-11-19
18400,location 432,1,severity_type 1,resource_type 8,1,1,1,1,1,1.0,1,1,2025-09-23
3320,location 313,0,severity_type 2,resource_type 2,2,2,8,8,12,1.5,3,1,2025-10-05
15626,location 1017,1,severity_type 1,resource_type 8,1,1,2,2,10,5.0,6,4,2025-03-03
11189,location 1019,2,severity_type 1,resource_type 8,2,2,4,4,21,5.25,13,1,2025-09-16
12712,location 418,0,severity_type 4,resource_type 2,1,1,2,2,2,1.0,1,1,2025-11-02
13189,location 687,0,severity_type 1,resource_type 8,1,1,1,1,1,1.0,1,1,2025-03-05
14439,location 1019,2,severity_type 1,resource_type 8,1,1,1,1,1,1.0,1,1,2025-10-02
8735,location 903,0,severity_type 1,resource_type 8,1,1,2,2,4,2.0,2,2,2025-05-11
4839,location 342,1,severity_type 2,resource_type 2,2,2,2,2,2,1.0,1,1,2025-10-15
292,location 242,0,severity_type 2,resource_type 2,2,2,7,7,320,45.71428571428572,89,1,2025-06-24
16661,location 453,0,severity_type 1,resource_type 2,2,2,2,2,2,1.0,1,1,2025-10-20
8008,location 325,0,severity_type 1,resource_type 2,1,1,1,1,1,1.0,1,1,2025-02-23
14075,location 489,0,severity_type 2,resource_type 2,2,2,2,2,35,17.5,19,16,2025-05-23
13504,location 600,0,severity_type 2,resource_type 8,1,1,1,1,6,6.0,6,6,2025-04-10
5135,location 745,1,severity_type 1,resource_type 7,2,2,4,4,5,1.25,2,1,2025-04-01
16906,location 653,2,severity_type 2,resource_type 8,1,1,4,4,58,14.5,41,2,2025-04-23
10294,location 600,2,severity_type 2,resource_type 8,1,1,2,2,54,27.0,32,22,2025-05-20
10353,location 481,0,severity_type 2,resource_type 2,2,2,4,4,112,28.0,30,26,2025-02-16
10032,location 311,1,severity_type 4,resource_type 2,1,1,2,2,2,1.0,1,1,2025-09-16
13572,location 283,0,severity_type 2,resource_type 2,2,2,2,2,6,3.0,3,3,2025-07-20
17410,location 1051,2,severity_type 1,resource_type 8,1,1,2,2,3,1.5,2,1,2025-10-30
7368,location 976,0,severity_type 2,resource_type 8,1,1,1,1,24,24.0,24,24,2025-09-15
15287,location 1015,0,severity_type 2,resource_type 8,1,1,1,1,1,1.0,1,1,2025-02-24
856,location 330,1,severity_type 2,resource_type 2,2,2,4,4,5,1.25,2,1,2025-01-26
16637,location 473,0,severity_type 2,resource_type 2,2,2,4,4,9,2.25,3,2,2025-06-04
9949,location 282,1,severity_type 2,resource_type 2,2,2,2,2,4,2.0,2,2,2025-06-25
14728,location 893,0,severity_type 1,resource_type 2,3,3,6,6,97,16.166666666666668,21,4,2025-03-29
2952,location 522,0,severity_type 2,resource_type 2,2,2,2,2,8,4.0,4,4,2025-10-13
734,location 313,0,severity_type 2,resource_type 2,2,2,5,5,8,1.6,3,1,2025-08-01
2001,location 478,0,severity_type 2,resource_type 2,2,2,2,2,3,1.5,2,1,2025-10-01
740,location 91,1,severity_type 2,resource_type 2,2,2,6,6,8,1.3333333333333333,2,1,2025-02-09
16355,location 145,1,severity_type 2,resource_type 2,2,2,4,4,4,1.0,1,1,2025-10-25
15686,location 742,1,severity_type 1,resource_type 8,3,3,2,2,6,3.0,4,2,2025-03-17
8786,location 983,0,severity_type 1,resource_type 8,2,2,1,1,6,6.0,6,6,2025-06-13
15122,location 1049,1,severity_type 1,resource_type 8,1,1,2,2,4,2.0,2,2,2025-06-10
1798,location 154,1,severity_type 2,resource_type 2,2,2,2,2,3,1.5,2,1,2025-10-27
6164,location 1113,0,severity_type 1,resource_type 8,1,1,2,2,2,1.0,1,1,2025-04-12
6833,location 760,0,severity_type 1,resource_type 8,2,2,2,2,233,116.5,172,61,2025-03-29
17555,location 16,1,severity_type 1,resource_type 8,1,1,2,2,15,7.5,8,7,2025-05-04
8802,location 646,1,severity_type 1,resource_type 8,1,1,4,4,8,2.0,4,1,2025-05-12
12219,location 809,0,severity_type 1,resource_type 8,1,1,2,2,2,1.0,1,1,2025-03-08
11608,location 826,1,severity_type 1,resource_type 8,2,2,2,2,4,2.0,2,2,2025-03-06
11842,location 760,0,severity_type 4,resource_type 2,1,1,2,2,23,11.5,12,11,2025-03-26
14837,location 846,1,severity_type 2,resource_type 8,1,1,3,3,17,5.666666666666667,12,1,2025-06-20
1184,location 851,0,severity_type 1,resource_type 8,5,5,5,5,9,1.8,4,1,2025-05-06
12321,location 242,0,severity_type 2,resource_type 2,2,2,6,6,375,62.5,69,55,2025-05-24
15899,location 684,0,severity_type 1,resource_type 8,2,2,4,4,35,8.75,22,1,2025-09-20
15474,location 152,1,severity_type 2,resource_type 2,1,1,2,2,2,1.0,1,1,2025-03-29
13490,location 1008,0,severity_type 2,resource_type 8,1,1,2,2,14,7.0,8,6,2025-11-29
2268,location 1067,1,severity_type 1,resource_type 8,1,1,1,1,1,1.0,1,1,2025-10-02
17663,location 559,2,severity_type 1,resource_type 8,1,1,3,3,23,7.666666666666667,20,1,2025-03-05
13278,location 834,0,severity_type 2,resource_type 8,1,1,2,2,25,12.5,18,7,2025-04-25
5288,location 740,0,severity_type 1,resource_type 8,1,1,2,2,3,1.5,2,1,2025-03-08
14993,location 921,2,severity_type 2,resource_type 8,1,1,2,2,12,6.0,8,4,2025-04-10
8316,location 102,0,severity_type 2,resource_type 2,2,2,6,6,9,1.5,3,1,2025-05-14
17976,location 157,0,severity_type 2,resource_type 2,2,2,2,2,14,7.0,7,7,2025-02-17
13506,location 1038,0,severity_type 1,resource_type 8,1,1,1,1,1,1.0,1,1,2025-01-06
9249,location 802,0,severity_type 1,resource_type 2,1,1,2,2,2,1.0,1,1,2025-06-10
2392,location 734,0,severity_type 1,resource_type 2,3,3,6,6,28,4.666666666666667,12,1,2025-09-13
2439,location 661,0,severity_type 4,resource_type 7,1,1,1,1,1,1.0,1,1,2025-04-21
9196,location 984,2,severity_type 1,resource_type 6,2,2,4,4,52,13.0,21,2,2025-11-11
1907,location 957,0,severity_type 1,resource_type 8,1,1,1,1,2,2.0,2,2,2025-05-15
16077,location 821,1,severity_type 1,resource_type 8,3,3,7,7,41,5.857142857142857,28,1,2025-11-25
6024,location 181,0,severity_type 1,resource_type 2,3,3,5,5,7,1.4,2,1,2025-03-28
16378,location 830,0,severity_type 1,resource_type 8,1,1,2,2,5,2.5,3,2,2025-07-16
14805,location 124,0,severity_type 2,resource_type 2,2,2,8,8,36,4.5,8,1,2025-10-06
1566,location 1018,0,severity_type 1,resource_type 8,2,2,2,2,6,3.0,3,3,2025-01-22
3395,location 496,0,severity_type 2,resource_type 2,2,2,10,10,439,43.9,152,3,2025-12-06
9643,location 744,0,severity_type 1,resource_type 2,2,2,4,4,10,2.5,7,1,2025-05-14
15766,location 684,0,severity_type 2,resource_type 8,1,1,2,2,22,11.0,20,2,2025-07-01
6129,location 1044,0,severity_type 1,resource_type 8,1,1,2,2,38,19.0,20,18,2025-08-18
16200,location 912,1,severity_type 1,resource_type 8,1,1,2,2,4,2.0,2,2,2025-08-23
11329,location 680,0,severity_type 1,resource_type 2,1,1,2,2,2,1.0,1,1,2025-01-09
6818,location 1026,1,severity_type 1,resource_type 6,2,2,3,3,5,1.6666666666666667,2,1,2025-11-13
6293,location 226,0,severity_type 1,resource_type 2,3,3,9,9,9,1.0,1,1,2025-08-16
9650,location 120,1,severity_type 2,resource_type 2,2,2,2,2,2,1.0,1,1,2025-12-31
7224,location 501,0,severity_type 4,resource_type 2,1,1,1,1,1,1.0,1,1,2025-06-22
8803,location 506,0,severity_type 2,resource_type 2,2,2,2,2,9,4.5,5,4,2025-08-12
569,location 151,0,severity_type 2,resource_type 2,2,2,4,4,5,1.25,2,1,2025-06-10
8626,location 465,0,severity_type 2,resource_type 2,2,2,2,2,79,39.5,43,36,2025-11-21
3560,location 466,0,severity_type 2,resource_type 2,2,2,2,2,108,54.0,56,52,2025-10-31
4929,location 691,1,severity_type 2,resource_type 7,3,3,4,4,5,1.25,2,1,2025-11-28
10071,location 143,0,severity_type 2,resource_type 2,2,2,2,2,2,1.0,1,1,2025-07-04
8613,location 469,0,severity_type 2,resource_type 2,2,2,6,6,28,4.666666666666667,6,2,2025-10-16
6357,location 808,0,severity_type 1,resource_type 8,2,2,2,2,3,1.5,2,1,2025-05-11
4237,location 135,0,severity_type 2,resource_type 2,2,2,6,6,58,9.666666666666666,19,2,2025-06-18
2498,location 963,0,severity_type 1,resource_type 8,1,1,3,3,86,28.666666666666668,54,4,2025-10-05
12663,location 240,1,severity_type 2,resource_type 2,2,2,4,4,4,1.0,1,1,2025-01-30
10221,location 826,0,severity_type 1,resource_type 6,2,2,4,4,35,8.75,31,1,2025-09-17
684,location 704,2,severity_type 1,resource_type 8,2,2,2,2,55,27.5,36,19,2025-01-06
18134,location 248,0,severity_type 1,resource_type 2,2,2,3,3,4,1.3333333333333333,2,1,2025-07-31
4967,location 9,0,severity_type 1,resource_type 2,2,2,2,2,5,2.5,3,2,2025-06-24
4480,location 734,1,severity_type 1,resource_type 2,3,3,3,3,14,4.666666666666667,6,2,2025-06-21
9850,location 337,0,severity_type 4,resource_type 2,1,1,1,1,1,1.0,1,1,2025-06-30
885,location 497,0,severity_type 2,resource_type 2,2,2,4,4,14,3.5,5,2,2025-06-29
16607,location 268,0,severity_type 2,resource_type 2,2,2,5,5,7,1.4,2,1,2025-05-29
17809,location 479,0,severity_type 2,resource_type 2,2,2,5,5,68,13.6,35,1,2025-06-14
8572,location 613,0,severity_type 1,resource_type 8,2,2,4,4,53,13.25,30,3,2025-07-27
2064,location 459,0,severity_type 2,resource_type 2,2,2,11,11,13,1.181818181818182,2,1,2025-10-06
4275,location 8,0,severity_type 1,resource_type 8,2,2,2,2,6,3.0,4,2,2025-07-21
8682,location 1054,0,severity_type 1,resource_type 8,1,1,2,2,3,1.5,2,1,2025-08-23
4715,location 1116,0,severity_type 1,resource_type 2,1,1,1,1,1,1.0,1,1,2025-11-02
15905,location 353,1,severity_type 2,resource_type 2,2,2,4,4,7,1.75,2,1,2025-12-28
17779,location 891,0,severity_type 1,resource_type 8,1,1,2,2,28,14.0,19,9,2025-02-09
4077,location 255,0,severity_type 2,resource_type 2,2,2,2,2,10,5.0,6,4,2025-09-18
4886,location 684,1,severity_type 1,resource_type 8,2,2,2,2,23,11.5,12,11,2025-03-24
3851,location 704,2,severity_type 1,resource_type 8,2,2,4,4,14,3.5,8,1,2025-03-13
8765,location 1033,1,severity_type 1,resource_type 8,1,1,2,2,3,1.5,2,1,2025-10-17
17995,location 705,0,severity_type 1,resource_type 8,2,2,2,2,2,1.0,1,1,2025-01-26
11826,location 1010,0,severity_type 1,resource_type 8,1,1,2,2,4,2.0,2,2,2025-11-06
321,location 921,1,severity_type 2,resource_type 8,1,1,2,2,4,2.0,2,2,2025-10-09
379,location 742,0,severity_type 1,resource_type 8,2,2,3,3,291,97.0,151,8,2025-12-30
12468,location 165,0,severity_type 2,resource_type 2,2,2,4,4,6,1.5,2,1,2025-09-01
2388,location 744,2,severity_type 1,resource_type 8,2,2,6,6,10,1.6666666666666667,2,1,2025-11-15
1470,location 657,1,severity_type 1,resource_type 10,3,3,5,5,9,1.8,3,1,2025-02-13
4819,location 1107,2,severity_type 1,resource_type 8,2,2,4,4,130,32.5,58,7,2025-11-21
9132,location 914,0,severity_type 4,resource_type 7,1,1,1,1,1,1.0,1,1,2025-02-28
12959,location 962,2,severity_type 2,resource_type 8,1,1,2,2,98,49.0,92,6,2025-04-25
12652,location 932,0,severity_type 2,resource_type 8,1,1,2,2,2,1.0,1,1,2025-02-16
6585,location 866,2,severity_type 1,resource_type 8,1,1,5,5,23,4.6,17,1,2025-05-27
8908,location 1063,0,severity_type 1,resource_type 8,1,1,2,2,2,1.0,1,1,2025-10-01
18466,location 603,0,severity_type 1,resource_type 8,1,1,1,1,4,4.0,4,4,2025-04-08
9483,location 1063,1,severity_type 1,resource_type 8,1,1,4,4,75,18.75,44,3,2025-10-28
15562,location 133,0,severity_type 2,resource_type 2,2,2,3,3,20,6.666666666666667,9,3,2025-08-10
16667,location 228,0,severity_type 2,resource_type 2,2,2,6,6,12,2.0,3,1,2025-08-18
6772,location 33,0,severity_type 4,resource_type 3,1,1,2,2,5,2.5,4,1,2025-12-09
5836,location 555,2,severity_type 1,resource_type 8,1,1,2,2,24,12.0,22,2,2025-06-07
16155,location 603,0,severity_type 4,resource_type 8,1,1,1,1,1,1.0,1,1,2025-05-06
2192,location 240,0,severity_type 2,resource_type 2,2,2,4,4,17,4.25,6,2,2025-12-30
5347,location 889,0,severity_type 1,resource_type 8,1,1,2,2,2,1.0,1,1,2025-07-23
10458,location 638,2,severity_type 1,resource_type 2,2,2,4,4,56,14.0,23,5,2025-08-13
16733,location 1069,0,severity_type 1,resource_type 8,1,1,2,2,11,5.5,7,4,2025-04-19
15420,location 810,2,severity_type 2,resource_type 8,1,1,2,2,11,5.5,7,4,2025-03-20
1399,location 821,2,severity_type 1,resource_type 8,2,2,1,1,2,2.0,2,2,2025-03-03
13004,location 821,0,severity_type 1,resource_type 2,3,3,5,5,38,7.6,18,1,2025-03-23
3343,location 126,0,severity_type 2,resource_type 2,2,2,7,7,39,5.571428571428571,11,1,2025-03-13
13981,location 228,0,severity_type 4,resource_type 2,1,1,1,1,1,1.0,1,1,2025-09-30
12539,location 695,0,severity_type 1,resource_type 8,1,1,1,1,1,1.0,1,1,2025-01-22
8717,location 170,0,severity_type 2,resource_type 2,2,2,2,2,10,5.0,5,5,2025-08-18
15108,location 15,0,severity_type 2,resource_type 8,1,1,2,2,2,1.0,1,1,2025-12-13
15178,location 507,0,severity_type 2,resource_type 2,2,2,2,2,2,1.0,1,1,2025-10-07
4085,location 798,1,severity_type 1,resource_type 8,2,2,2,2,6,3.0,4,2,2025-05-28
10839,location 696,0,severity_type 2,resource_type 8,1,1,2,2,12,6.0,10,2,2025-01-22
3431,location 102,1,severity_type 2,resource_type 2,2,2,10,10,52,5.2,13,1,2025-11-01
2793,location 1037,0,severity_type 1,resource_type 8,4,4,10,10,47,4.7,21,1,2025-01-02
11936,location 445,0,severity_type 2,resource_type 2,2,2,2,2,29,14.5,16,13,2025-09-06
18099,location 757,0,severity_type 1,resource_type 8,1,1,2,2,3,1.5,2,1,2025-09-02
1143,location 878,0,severity_type 2,resource_type 8,1,1,2,2,10,5.0,6,4,2025-03-12
4209,location 1086,2,severity_type 2,resource_type 8,1,1,2,2,31,15.5,23,8,2025-09-28
9787,location 1014,1,severity_type 1,resource_type 8,3,3,5,5,15,3.0,5,2,2025-03-06
5709,location 736,0,severity_type 1,resource_type 2,1,1,2,2,2,1.0,1,1,2025-03-24
11925,location 830,0,severity_type 1,resource_type 8,1,1,1,1,2,2.0,2,2,2025-10-24
12127,location 38,0,severity_type 5,resource_type 9,2,2,3,3,3,1.0,1,1,2025-12-24
2251,location 330,0,severity_type 4,resource_type 2,1,1,3,3,3,1.0,1,1,2025-04-07
11407,location 471,0,severity_type 2,resource_type 2,2,2,2,2,10,5.0,5,5,2025-12-03
3417,location 584,0,severity_type 1,resource_type 8,1,1,2,2,11,5.5,6,5,2025-11-30
10171,location 1050,1,severity_type 1,resource_type 6,2,2,2,2,4,2.0,2,2,2025-10-08
8759,location 1018,0,severity_type 2,resource_type 8,1,1,2,2,4,2.0,2,2,2025-02-21
9221,location 653,1,severity_type 2,resource_type 8,1,1,2,2,12,6.0,10,2,2025-04-20
2722,location 803,1,severity_type 1,resource_type 8,1,1,4,4,11,2.75,4,1,2025-09-05
8215,location 892,0,severity_type 2,resource_type 2,1,1,2,2,111,55.5,106,5,2025-12-31
18075,location 856,1,severity_type 1,resource_type 4,5,5,7,7,11,1.5714285714285714,4,1,2025-10-25
3388,location 147,0,severity_type 2,resource_type 2,2,2,8,8,30,3.75,8,1,2025-06-03
2304,location 292,0,severity_type 2,resource_type 2,2,2,3,3,3,1.0,1,1,2025-03-27
10437,location 540,2,severity_type 1,resource_type 8,1,1,2,2,8,4.0,7,1,2025-12-17
10203,location 241,0,severity_type 2,resource_type 2,2,2,5,5,5,1.0,1,1,2025-04-11
15914,location 155,0,severity_type 2,resource_type 2,2,2,2,2,32,16.0,19,13,2025-05-05
16000,location 334,0,severity_type 2,resource_type 2,2,2,4,4,4,1.0,1,1,2025-12-19
6994,location 1046,0,severity_type 2,resource_type 8,1,1,2,2,4,2.0,2,2,2025-07-25
18300,location 244,0,severity_type 2,resource_type 2,2,2,2,2,9,4.5,5,4,2025-04-07
18426,location 155,0,severity_type 2,resource_type 2,2,2,2,2,4,2.0,2,2,2025-01-02
16143,location 834,0,severity_type 2,resource_type 8,1,1,2,2,82,41.0,66,16,2025-06-06
9888,location 826,1,severity_type 1,resource_type 6,2,2,2,2,8,4.0,4,4,2025-12-26
6166,location 1046,1,severity_type 1,resource_type 6,2,2,3,3,8,2.6666666666666665,4,1,2025-06-07
6351,location 1109,0,severity_type 2,resource_type 8,2,2,1,1,1,1.0,1,1,2025-09-13
16766,location 816,1,severity_type 4,resource_type 7,1,1,2,2,2,1.0,1,1,2025-04-03
6283,location 638,2,severity_type 1,resource_type 2,2,2,4,4,56,14.0,21,7,2025-10-11
17421,location 845,1,severity_type 2,resource_type 8,1,1,4,4,21,5.25,12,1,2025-10-11
2606,location 641,0,severity_type 1,resource_type 2,2,2,4,4,18,4.5,5,4,2025-08-11
18036,location 7,0,severity_type 1,resource_type 8,1,1,4,4,17,4.25,6,3,2025-10-09
4273,location 600,1,severity_type 2,resource_type 8,1,1,2,2,28,14.0,18,10,2025-07-31
11827,location 126,0,severity_type 1,resource_type 2,3,3,11,11,54,4.909090909090909,12,1,2025-05-19
6842,location 430,0,severity_type 2,resource_type 2,2,2,2,2,8,4.0,4,4,2025-09-27
6355,location 759,0,severity_type 1,resource_type 8,1,1,1,1,1,1.0,1,1,2025-11-01
5456,location 995,1,severity_type 1,resource_type 8,2,2,5,5,17,3.4,10,1,2025-11-03
5632,location 921,0,severity_type 2,resource_type 8,1,1,1,1,7,7.0,7,7,2025-03-19
2320,location 715,0,severity_type 1,resource_type 2,1,1,2,2,2,1.0,1,1,2025-09-04
10008,location 172,0,severity_type 2,resource_type 2,2,2,6,6,43,7.166666666666667,10,5,2025-01-02
4035,location 710,1,severity_type 2,resource_type 8,1,1,2,2,4,2.0,2,2,2025-07-28
17576,location 808,0,severity_type 1,resource_type 8,1,1,2,2,4,2.0,2,2,2025-07-28
12319,location 509,0,severity_type 2,resource_type 2,2,2,2,2,28,14.0,14,14,2025-05-13
13390,location 976,2,severity_type 1,resource_type 8,2,2,4,4,27,6.75,10,3,2025-12-29
4397,location 516,0,severity_type 2,resource_type 2,2,2,2,2,2,1.0,1,1,2025-11-19
13216,location 948,1,severity_type 1,resource_type 6,2,2,3,3,3,1.0,1,1,2025-01-15
18098,location 613,0,severity_type 1,resource_type 8,2,2,1,1,12,12.0,12,12,2025-03-18
5876,location 506,0,severity_type 2,resource_type 2,2,2,3,3,126,42.0,63,2,2025-03-17
13647,location 599,1,severity_type 2,resource_type 8,1,1,2,2,4,2.0,2,2,2025-11-24
16952,location 242,0,severity_type 2,resource_type 2,2,2,6,6,310,51.66666666666666,71,36,2025-07-09
4299,location 944,0,severity_type 1,resource_type 8,1,1,1,1,1,1.0,1,1,2025-09-24
10031,location 311,1,severity_type 1,resource_type 2,1,1,2,2,2,1.0,1,1,2025-10-23
1568,location 763,0,severity_type 2,resource_type 8,1,1,1,1,16,16.0,16,16,2025-10-08
11310,location 328,0,severity_type 2,resource_type 2,2,2,2,2,2,1.0,1,1,2025-02-02
17601,location 1097,1,severity_type 1,resource_type 8,1,1,2,2,4,2.0,2,2,2025-02-21
16902,location 763,0,severity_type 1,resource_type 8,2,2,4,4,14,3.5,10,1,2025-05-25
14479,location 957,0,severity_type 1,resource_type 8,1,1,3,3,8,2.6666666666666665,4,1,2025-05-04
13232,location 856,1,severity_type 2,resource_type 8,3,3,4,4,4,1.0,1,1,2025-09-30
6897,location 1051,2,severity_type 1,resource_type 8,1,1,1,1,1,1.0,1,1,2025-02-27
5562,location 995,2,severity_type 1,resource_type 8,2,2,5,5,44,8.8,22,3,2025-05-16
9393,location 242,0,severity_type 2,resource_type 2,2,2,6,6,323,53.833333333333336,77,39,2025-03-28
5314,location 169,0,severity_type 2,resource_type 2,2,2,4,4,5,1.25,2,1,2025-03-10
6023,location 714,1,severity_type 2,resource_type 8,1,1,2,2,2,1.0,1,1,2025-03-05
18253,location 1019,1,severity_type 2,resource_type 8,1,1,2,2,17,8.5,16,1,2025-03-13
5028,location 962,1,severity_type 2,resource_type 8,1,1,2,2,32,16.0,30,2,2025-07-25
18415,location 159,1,severity_type 2,resource_type 2,2,2,2,2,5,2.5,4,1,2025-05-30
5367,location 1106,0,severity_type 2,resource_type 8,1,1,1,1,1,1.0,1,1,2025-06-08
13269,location 1107,2,severity_type 2,resource_type 2,2,2,5,5,11,2.2,4,1,2025-06-24
8025,location 126,0,severity_type 2,resource_type 2,2,2,7,7,51,7.285714285714286,12,1,2025-09-28
15047,location 937,2,severity_type 1,resource_type 8,1,1,8,8,40,5.0,16,1,2025-11-11
16669,location 600,2,severity_type 1,resource_type 8,2,2,2,2,26,13.0,16,10,2025-07-12
16073,location 441,0,severity_type 2,resource_type 2,2,2,4,4,11,2.75,4,2,2025-08-23
12844,location 1097,0,severity_type 1,resource_type 1,4,4,11,11,108,9.818181818181818,55,1,2025-09-27
14601,location 19,0,severity_type 2,resource_type 8,1,1,1,1,3,3.0,3,3,2025-09-09
14434,location 754,0,severity_type 1,resource_type 2,1,1,2,2,2,1.0,1,1,2025-02-19
18474,location 821,0,severity_type 2,resource_type 8,1,1,3,3,7,2.333333333333333,5,1,2025-12-25
13042,location 919,0,severity_type 2,resource_type 8,1,1,2,2,4,2.0,2,2,2025-03-02
17988,location 451,0,severity_type 2,resource_type 2,2,2,2,2,2,1.0,1,1,2025-05-31
17194,location 942,0,severity_type 1,resource_type 8,2,2,2,2,2,1.0,1,1,2025-08-27
3998,location 159,0,severity_type 2,resource_type 2,2,2,2,2,5,2.5,3,2,2025-05-28
5457,location 1075,2,severity_type 2,resource_type 8,1,1,2,2,17,8.5,12,5,2025-03-30
9199,location 653,0,severity_type 2,resource_type 8,1,1,3,3,21,7.0,15,2,2025-12-04
10050,location 989,1,severity_type 1,resource_type 8,1,1,2,2,2,1.0,1,1,2025-01-27
15830,location 1086,2,severity_type 2,resource_type 8,1,1,4,4,71,17.75,40,4,2025-03-31
17739,location 328,1,severity_type 2,resource_type 2,2,2,2,2,4,2.0,2,2,2025-12-29
3943,location 821,1,severity_type 2,resource_type 8,1,1,2,2,15,7.5,10,5,2025-09-24
13144,location 763,1,severity_type 2,resource_type 8,1,1,2,2,7,3.5,6,1,2025-02-01
9804,location 684,2,severity_type 2,resource_type 8,1,1,2,2,34,17.0,28,6,2025-10-03
14357,location 122,0,severity_type 2,resource_type 2,2,2,8,8,53,6.625,10,3,2025-12-20
17928,location 252,1,severity_type 1,resource_type 2,2,2,3,3,3,1.0,1,1,2025-02-05
1991,location 354,1,severity_type 2,resource_type 2,2,2,4,4,4,1.0,1,1,2025-06-01
17371,location 745,1,severity_type 1,resource_type 4,2,2,1,1,1,1.0,1,1,2025-06-20
16054,location 864,2,severity_type 1,resource_type 8,1,1,8,8,16,2.0,3,1,2025-02-17
12856,location 931,0,severity_type 2,resource_type 8,1,1,2,2,6,3.0,5,1,2025-03-15
1274,location 410,1,severity_type 2,resource_type 2,1,1,2,2,2,1.0,1,1,2025-03-05
5329,location 421,1,severity_type 1,resource_type 2,4,4,11,11,20,1.818181818181818,3,1,2025-03-09
9506,location 240,0,severity_type 2,resource_type 2,2,2,5,5,10,2.0,2,2,2025-05-28
16812,location 942,0,severity_type 1,resource_type 8,3,3,4,4,4,1.0,1,1,2025-06-19
3507,location 808,0,severity_type 1,resource_type 8,2,2,4,4,14,3.5,7,1,2025-03-28
10545,location 613,1,severity_type 1,resource_type 8,2,2,2,2,36,18.0,21,15,2025-04-16
2298,location 684,1,severity_type 2,resource_type 8,1,1,2,2,6,3.0,4,2,2025-03-12
2783,location 470,0,severity_type 2,resource_type 2,2,2,4,4,22,5.5,12,1,2025-10-18
1548,location 1107,2,severity_type 2,resource_type 8,1,1,1,1,4,4.0,4,4,2025-03-19
18226,location 408,0,severity_type 2,resource_type 2,2,2,2,2,4,2.0,2,2,2025-11-28
4231,location 834,1,severity_type 2,resource_type 8,1,1,2,2,5,2.5,4,1,2025-07-16
6837,location 102,0,severity_type 2,resource_type 2,2,2,6,6,80,13.333333333333334,26,1,2025-10-20
15360,location 687,0,severity_type 1,resource_type 8,1,1,2,2,4,2.0,3,1,2025-08-21
17009,location 662,0,severity_type 1,resource_type 8,1,1,4,4,5,1.25,2,1,2025-04-08
16451,location 893,0,severity_type 1,resource_type 2,3,3,5,5,10,2.0,2,2,2025-08-08
18319,location 505,0,severity_type 2,resource_type 2,2,2,4,4,73,18.25,36,1,2025-04-11
13815,location 734,2,severity_type 1,resource_type 8,2,2,5,5,63,12.6,39,1,2025-02-13
2340,location 976,2,severity_type 2,resource_type 8,1,1,3,3,68,22.666666666666668,58,4,2025-04-03
4319,location 1099,0,severity_type 1,resource_type 8,1,1,4,4,14,3.5,5,2,2025-04-11
11025,location 890,0,severity_type 2,resource_type 8,1,1,1,1,1,1.0,1,1,2025-02-19
6805,location 420,1,severity_type 2,resource_type 2,2,2,4,4,14,3.5,5,2,2025-01-09
11172,location 380,0,severity_type 2,resource_type 2,2,2,2,2,14,7.0,11,3,2025-12-11
7020,location 644,2,severity_type 1,resource_type 2,6,6,10,10,297,29.7,104,1,2025-07-07
16939,location 560,1,severity_type 1,resource_type 8,1,1,2,2,3,1.5,2,1,2025-05-27
18542,location 495,0,severity_type 2,resource_type 2,2,2,2,2,14,7.0,9,5,2025-12-06
2854,location 1011,1,severity_type 5,resource_type 9,1,1,2,2,2,1.0,1,1,2025-03-24
14501,location 511,0,severity_type 4,resource_type 2,1,1,1,1,1,1.0,1,1,2025-05-28
13581,location 181,1,severity_type 2,resource_type 2,2,2,3,3,5,1.6666666666666667,2,1,2025-11-06
13007,location 72,0,severity_type 1,resource_type 2,1,1,1,1,1,1.0,1,1,2025-08-19
698,location 821,0,severity_type 1,resource_type 8,2,2,4,4,72,18.0,41,4,2025-05-26
14608,location 451,0,severity_type 2,resource_type 2,2,2,2,2,46,23.0,24,22,2025-04-04
7675,location 184,1,severity_type 2,resource_type 2,2,2,4,4,4,1.0,1,1,2025-01-13
10293,location 1018,0,severity_type 1,resource_type 8,2,2,2,2,26,13.0,16,10,2025-02-01
3615,location 984,2,severity_type 1,resource_type 8,3,3,5,5,8,1.6,3,1,2025-03-01
18370,location 967,0,severity_type 1,resource_type 8,1,1,1,1,1,1.0,1,1,2025-10-15
2713,location 919,0,severity_type 1,resource_type 8,1,1,2,2,25,12.5,16,9,2025-08-22
6220,location 600,2,severity_type 2,resource_type 8,1,1,2,2,86,43.0,80,6,2025-06-08
17211,location 231,0,severity_type 2,resource_type 2,2,2,2,2,2,1.0,1,1,2025-10-13
8292,location 198,1,severity_type 1,resource_type 2,2,2,3,3,3,1.0,1,1,2025-02-28
3506,location 400,0,severity_type 4,resource_type 2,1,1,1,1,1,1.0,1,1,2025-03-18
11304,location 7,0,severity_type 2,resource_type 8,1,1,2,2,6,3.0,3,3,2025-05-24
15325,location 813,1,severity_type 1,resource_type 8,2,2,2,2,3,1.5,2,1,2025-12-01
4675,location 653,2,severity_type 1,resource_type 2,2,2,4,4,23,5.75,12,1,2025-08-13
13844,location 697,0,severity_type 1,resource_type 2,1,1,2,2,2,1.0,1,1,2025-11-07
3409,location 1056,1,severity_type 1,resource_type 10,3,3,5,5,6,1.2,2,1,2025-04-01
10340,location 976,0,severity_type 2,resource_type 8,1,1,2,2,21,10.5,18,3,2025-11-06
16922,location 122,0,severity_type 2,resource_type 2,1,1,2,2,2,1.0,1,1,2025-01-27
14299,location 124,0,severity_type 2,resource_type 2,2,2,6,6,14,2.333333333333333,3,2,2025-03-25
13044,location 17,1,severity_type 1,resource_type 8,1,1,1,1,1,1.0,1,1,2025-07-10
4743,location 119,0,severity_type 2,resource_type 8,1,1,3,3,3,1.0,1,1,2025-01-19
3642,location 276,0,severity_type 4,resource_type 2,1,1,1,1,2,2.0,2,2,2025-11-10
2433,location 294,0,severity_type 4,resource_type 2,1,1,2,2,2,1.0,1,1,2025-11-13
17032,location 1089,1,severity_type 1,resource_type 8,1,1,3,3,3,1.0,1,1,2025-07-17
2839,location 962,0,severity_type 1,resource_type 8,2,2,2,2,8,4.0,4,4,2025-04-22
3807,location 1058,0,severity_type 1,resource_type 8,1,1,1,1,2,2.0,2,2,2025-02-06
12662,location 707,0,severity_type 2,resource_type 8,1,1,3,3,13,4.333333333333333,7,1,2025-08-14
10158,location 13,1,severity_type 4,resource_type 7,2,2,3,3,8,2.6666666666666665,5,1,2025-07-16
3444,location 292,0,severity_type 4,resource_type 2,1,1,2,2,5,2.5,3,2,2025-10-05
2565,location 897,1,severity_type 1,resource_type 2,2,2,2,2,2,1.0,1,1,2025-08-08
6859,location 932,0,severity_type 1,resource_type 8,2,2,4,4,76,19.0,32,1,2025-02-16
6305,location 684,0,severity_type 1,resource_type 8,2,2,3,3,9,3.0,4,1,2025-02-14
8774,location 100,0,severity_type 4,resource_type 2,1,1,2,2,2,1.0,1,1,2025-10-13
2926,location 1100,2,severity_type 1,resource_type 8,2,2,4,4,221,55.25,149,4,2025-02-28
15249,location 805,0,severity_type 1,resource_type 8,1,1,4,4,6,1.5,2,1,2025-12-09
5663,location 661,1,severity_type 2,resource_type 7,3,3,4,4,4,1.0,1,1,2025-02-08
3530,location 758,1,severity_type 1,resource_type 8,1,1,1,1,1,1.0,1,1,2025-09-23
1134,location 16,2,severity_type 1,resource_type 8,1,1,2,2,16,8.0,10,6,2025-12-22
239,location 881,1,severity_type 1,resource_type 6,1,1,2,2,2,1.0,1,1,2025-06-11
15089,location 995,2,severity_type 2,resource_type 8,1,1,3,3,38,12.666666666666666,25,2,2025-01-21
10141,location 648,0,severity_type 1,resource_type 2,1,1,2,2,2,1.0,1,1,2025-11-16
4186,location 814,0,severity_type 1,resource_type 8,1,1,2,2,6,3.0,5,1,2025-03-10
1235,location 1,1,severity_type 1,resource_type 8,2,2,4,4,20,5.0,12,1,2025-07-12
17721,location 609,0,severity_type 2,resource_type 7,2,2,2,2,4,2.0,3,1,2025-12-26
7194,location 794,0,severity_type 1,resource_type 7,5,5,10,10,12,1.2,2,1,2025-09-29
13168,location 707,0,severity_type 1,resource_type 8,3,3,4,4,27,6.75,13,3,2025-01-17
4328,location 823,1,severity_type 1,resource_type 8,2,2,4,4,37,9.25,26,1,2025-10-27
9923,location 74,0,severity_type 2,resource_type 8,2,2,4,4,6,1.5,2,1,2025-02-28
12394,location 839,1,severity_type 1,resource_type 8,1,1,2,2,3,1.5,2,1,2025-10-01
5873,location 135,0,severity_type 2,resource_type 2,2,2,6,6,28,4.666666666666667,13,1,2025-08-15
4287,location 638,1,severity_type 1,resource_type 2,2,2,4,4,32,8.0,13,3,2025-04-16
13013,location 242,0,severity_type 2,resource_type 2,2,2,10,10,218,21.8,60,1,2025-06-04
16112,location 504,0,severity_type 2,resource_type 2,2,2,4,4,9,2.25,3,2,2025-02-13
8092,location 255,0,severity_type 4,resource_type 2,1,1,1,1,6,6.0,6,6,2025-12-27
3420,location 1024,0,severity_type 1,resource_type 2,1,1,2,2,2,1.0,1,1,2025-03-28
17821,location 648,1,severity_type 1,resource_type 7,3,3,5,5,6,1.2,2,1,2025-04-23
15102,location 1008,2,severity_type 2,resource_type 8,1,1,3,3,25,8.333333333333334,15,3,2025-07-03
7755,location 478,0,severity_type 2,resource_type 2,2,2,8,8,209,26.125,68,1,2025-09-03
17059,location 845,2,severity_type 2,resource_type 8,1,1,2,2,35,17.5,24,11,2025-07-04
15989,location 878,0,severity_type 1,resource_type 8,1,1,2,2,10,5.0,6,4,2025-07-04
8258,location 300,0,severity_type 2,resource_type 2,2,2,5,5,32,6.4,10,1,2025-08-01
11315,location 147,0,severity_type 2,resource_type 2,2,2,6,6,13,2.1666666666666665,3,1,2025-11-10
11710,location 491,0,severity_type 1,resource_type 8,4,4,10,10,12,1.2,3,1,2025-05-25
1070,location 805,0,severity_type 1,resource_type 8,1,1,1,1,1,1.0,1,1,2025-10-31
6607,location 1061,1,severity_type 2,resource_type 8,1,1,3,3,21,7.0,16,1,2025-10-15
9867,location 851,0,severity_type 1,resource_type 10,2,2,3,3,5,1.6666666666666667,2,1,2025-12-17
17183,location 1099,0,severity_type 1,resource_type 8,1,1,4,4,16,4.0,7,2,2025-11-30
6569,location 696,0,severity_type 2,resource_type 8,1,1,1,1,15,15.0,15,15,2025-10-19
4693,location 836,0,severity_type 1,resource_type 8,1,1,2,2,33,16.5,17,16,2025-04-01
2876,location 589,1,severity_type 1,resource_type 2,1,1,2,2,2,1.0,1,1,2025-10-10
9107,location 393,0,severity_type 2,resource_type 2,2,2,4,4,4,1.0,1,1,2025-09-26
5618,location 488,0,severity_type 2,resource_type 2,2,2,8,8,38,4.75,17,1,2025-04-16
1415,location 1107,1,severity_type 1,resource_type 8,2,2,4,4,46,11.5,38,1,2025-09-05
8132,location 1035,1,severity_type 2,resource_type 8,2,2,3,3,6,2.0,3,1,2025-04-03
6838,location 102,0,severity_type 2,resource_type 2,2,2,4,4,8,2.0,3,1,2025-07-10
17430,location 419,1,severity_type 1,resource_type 2,3,3,6,6,7,1.1666666666666667,2,1,2025-10-18
3142,location 744,0,severity_type 1,resource_type 8,2,2,3,3,5,1.6666666666666667,3,1,2025-03-10
8974,location 463,0,severity_type 2,resource_type 2,2,2,2,2,5,2.5,3,2,2025-05-03
5254,location 1008,0,severity_type 1,resource_type 8,2,2,4,4,15,3.75,4,3,2025-10-18
15585,location 122,0,severity_type 2,resource_type 2,2,2,8,8,33,4.125,7,1,2025-06-15
1712,location 443,1,severity_type 2,resource_type 2,2,2,4,4,4,1.0,1,1,2025-12-17
10737,location 244,0,severity_type 2,resource_type 2,2,2,2,2,50,25.0,28,22,2025-01-03
796,location 976,2,severity_type 1,resource_type 8,2,2,4,4,25,6.25,12,3,2025-09-21
7930,location 126,0,severity_type 2,resource_type 2,2,2,6,6,24,4.0,6,3,2025-10-25
10299,location 257,0,severity_type 1,resource_type 2,3,3,7,7,7,1.0,1,1,2025-12-02
15284,location 1052,2,severity_type 1,resource_type 8,2,2,2,2,18,9.0,11,7,2025-02-27
13182,location 463,0,severity_type 4,resource_type 2,1,1,1,1,1,1.0,1,1,2025-12-26
3594,location 1026,1,severity_type 2,resource_type 8,2,2,2,2,2,1.0,1,1,2025-05-24
9424,location 124,0,severity_type 2,resource_type 2,2,2,6,6,38,6.333333333333333,9,5,2025-05-09
11317,location 875,1,severity_type 1,resource_type 8,1,1,2,2,6,3.0,3,3,2025-05-10
16363,location 756,1,severity_type 1,resource_type 2,3,3,2,2,4,2.0,3,1,2025-08-21
299,location 445,0,severity_type 2,resource_type 2,2,2,2,2,13,6.5,7,6,2025-08-29
1684,location 1091,0,severity_type 1,resource_type 6,1,1,1,1,2,2.0,2,2,2025-06-22
9848,location 1019,0,severity_type 2,resource_type 8,1,1,2,2,44,22.0,40,4,2025-01-26
15729,location 864,1,severity_type 1,resource_type 8,1,1,2,2,12,6.0,6,6,2025-12-27
3308,location 1025,1,severity_type 1,resource_type 8,1,1,4,4,4,1.0,1,1,2025-03-23
7501,location 909,1,severity_type 1,resource_type 8,3,3,3,3,5,1.6666666666666667,2,1,2025-02-04
11761,location 476,0,severity_type 2,resource_type 2,2,2,2,2,16,8.0,8,8,2025-08-07
16081,location 477,0,severity_type 2,resource_type 2,2,2,2,2,8,4.0,4,4,2025-05-31
7648,location 495,0,severity_type 2,resource_type 2,2,2,10,10,201,20.1,81,1,2025-08-13
11693,location 124,0,severity_type 2,resource_type 2,2,2,6,6,22,3.6666666666666665,5,2,2025-11-16
11047,location 298,0,severity_type 2,resource_type 2,2,2,3,3,18,6.0,10,2,2025-02-05
17960,location 894,2,severity_type 1,resource_type 2,3,3,6,6,98,16.333333333333332,21,4,2025-04-14
13666,location 504,0,severity_type 2,resource_type 2,2,2,2,2,3,1.5,2,1,2025-07-08
5849,location 311,1,severity_type 2,resource_type 2,2,2,2,2,6,3.0,4,2,2025-10-15
1142,location 126,0,severity_type 2,resource_type 2,2,2,6,6,54,9.0,16,1,2025-08-08
2092,location 117,0,severity_type 2,resource_type 2,2,2,2,2,2,1.0,1,1,2025-05-20
1015,location 1088,0,severity_type 2,resource_type 4,2,2,2,2,3,1.5,2,1,2025-08-11
1704,location 1018,1,severity_type 1,resource_type 8,2,2,4,4,30,7.5,18,1,2025-12-24
14979,location 896,0,severity_type 1,resource_type 2,1,1,2,2,2,1.0,1,1,2025-06-25
10479,location 1116,0,severity_type 1,resource_type 2,1,1,2,2,2,1.0,1,1,2025-11-19
1222,location 734,2,severity_type 1,resource_type 8,2,2,6,6,60,10.0,31,1,2025-10-12
10619,location 301,0,severity_type 2,resource_type 2,2,2,2,2,2,1.0,1,1,2025-04-20
6318,location 818,1,severity_type 1,resource_type 8,1,1,2,2,7,3.5,4,3,2025-04-02
16831,location 266,0,severity_type 2,resource_type 2,2,2,5,5,96,19.2,50,1,2025-10-09
8273,location 830,1,severity_type 1,resource_type 8,1,1,3,3,5,1.6666666666666667,3,1,2025-03-17
866,location 785,1,severity_type 4,resource_type 8,1,1,2,2,2,1.0,1,1,2025-05-03
17287,location 124,0,severity_type 4,resource_type 2,1,1,2,2,3,1.5,2,1,2025-03-27
7654,location 1049,1,severity_type 1,resource_type 8,1,1,2,2,6,3.0,4,2,2025-08-10
348,location 962,1,severity_type 1,resource_type 8,2,2,2,2,19,9.5,12,7,2025-04-18
17174,location 518,0,severity_type 2,resource_type 2,2,2,6,6,61,10.166666666666666,17,5,2025-08-29
10173,location 891,0,severity_type 1,resource_type 8,1,1,3,3,175,58.333333333333336,93,35,2025-12-08
12103,location 716,0,severity_type 1,resource_type 8,1,1,1,1,1,1.0,1,1,2025-10-30
16824,location 734,1,severity_type 1,resource_type 8,2,2,3,3,15,5.0,8,2,2025-12-13
10500,location 891,0,severity_type 1,resource_type 8,1,1,2,2,4,2.0,2,2,2025-01-09
1423,location 891,0,severity_type 2,resource_type 8,1,1,1,1,1,1.0,1,1,2025-06-16
11003,location 126,0,severity_type 2,resource_type 2,2,2,7,7,123,17.571428571428573,51,1,2025-03-22
1162,location 122,0,severity_type 2,resource_type 2,2,2,6,6,15,2.5,3,1,2025-12-02
6120,location 288,0,severity_type 1,resource_type 8,2,2,5,5,7,1.4,3,1,2025-09-17
13339,location 493,0,severity_type 1,resource_type 2,3,3,7,7,11,1.5714285714285714,3,1,2025-04-27
17730,location 103,0,severity_type 2,resource_type 2,2,2,11,11,34,3.090909090909091,6,1,2025-07-25
16311,location 896,1,severity_type 1,resource_type 2,2,2,3,3,4,1.3333333333333333,2,1,2025-08-09
1852,location 794,0,severity_type 1,resource_type 2,4,4,5,5,9,1.8,3,1,2025-06-30
15694,location 506,0,severity_type 2,resource_type 2,2,2,5,5,150,30.0,76,1,2025-06-23
381,location 617,1,severity_type 1,resource_type 8,1,1,1,1,2,2.0,2,2,2025-01-21
17879,location 763,2,severity_type 2,resource_type 8,1,1,3,3,75,25.0,55,1,2025-06-15
6287,location 1082,0,severity_type 1,resource_type 8,1,1,2,2,4,2.0,2,2,2025-05-08
16901,location 763,0,severity_type 2,resource_type 8,1,1,1,1,6,6.0,6,6,2025-10-26
13018,location 613,2,severity_type 1,resource_type 8,2,2,2,2,36,18.0,22,14,2025-11-12
5956,location 400,1,severity_type 2,resource_type 2,2,2,2,2,2,1.0,1,1,2025-10-01
17360,location 1108,0,severity_type 2,resource_type 8,1,1,2,2,2,1.0,1,1,2025-01-12
13438,location 1008,0,severity_type 1,resource_type 8,2,2,3,3,8,2.6666666666666665,6,1,2025-11-04
5853,location 1031,0,severity_type 4,resource_type 8,1,1,2,2,18,9.0,13,5,2025-05-25
9470,location 1118,1,severity_type 1,resource_type 8,1,1,2,2,10,5.0,5,5,2025-06-01
7897,location 795,0,severity_type 2,resource_type 8,1,1,2,2,437,218.5,331,106,2025-12-11
14906,location 760,0,severity_type 4,resource_type 2,1,1,2,2,10,5.0,5,5,2025-11-13
2727,location 244,0,severity_type 2,resource_type 2,2,2,2,2,30,15.0,15,15,2025-01-19
15426,location 825,1,severity_type 1,resource_type 8,2,2,2,2,5,2.5,4,1,2025-05-12
6541,location 1093,1,severity_type 2,resource_type 8,2,2,3,3,4,1.3333333333333333,2,1,2025-10-01
16590,location 1112,0,severity_type 2,resource_type 8,1,1,1,1,1,1.0,1,1,2025-07-16
8431,location 846,0,severity_type 1,resource_type 8,2,2,2,2,31,15.5,16,15,2025-04-05
15232,location 177,1,severity_type 1,resource_type 2,2,2,5,5,5,1.0,1,1,2025-07-11
747,location 113,0,severity_type 2,resource_type 2,2,2,2,2,2,1.0,1,1,2025-11-13
4725,location 810,2,severity_type 1,resource_type 8,2,2,3,3,13,4.333333333333333,8,1,2025-03-23
13165,location 495,0,severity_type 2,resource_type 2,2,2,10,10,126,12.6,43,1,2025-09-30
9021,location 240,0,severity_type 2,resource_type 2,2,2,6,6,120,20.0,28,15,2025-09-26
5326,location 642,2,severity_type 1,resource_type 2,6,6,10,10,439,43.9,150,1,2025-11-20
1282,location 957,0,severity_type 2,resource_type 2,2,2,3,3,5,1.6666666666666667,2,1,2025-04-19
1504,location 124,0,severity_type 2,resource_type 2,2,2,6,6,10,1.6666666666666667,2,1,2025-03-20
7291,location 957,0,severity_type 4,resource_type 8,2,2,2,2,2,1.0,1,1,2025-07-19
17476,location 882,0,severity_type 1,resource_type 8,1,1,2,2,6,3.0,3,3,2025-07-13
15344,location 173,1,severity_type 2,resource_type 2,2,2,6,6,6,1.0,1,1,2025-05-30
9894,location 906,2,severity_type 2,resource_type 8,1,1,2,2,8,4.0,4,4,2025-10-12
13154,location 1008,0,severity_type 1,resource_type 8,2,2,3,3,62,20.666666666666668,48,4,2025-10-19
7836,location 181,0,severity_type 2,resource_type 2,2,2,4,4,4,1.0,1,1,2025-03-31
5539,location 496,0,severity_type 2,resource_type 2,2,2,4,4,145,36.25,52,20,2025-10-18
8146,location 836,0,severity_type 2,resource_type 8,1,1,1,1,1,1.0,1,1,2025-03-26
5507,location 1052,1,severity_type 2,resource_type 8,1,1,2,2,11,5.5,8,3,2025-05-29
10854,location 97,1,severity_type 2,resource_type 2,1,1,2,2,2,1.0,1,1,2025-01-10
5040,location 149,0,severity_type 2,resource_type 2,2,2,4,4,29,7.25,14,1,2025-05-05
2285,location 738,0,severity_type 1,resource_type 2,2,2,2,2,3,1.5,2,1,2025-12-16
601,location 543,0,severity_type 1,resource_type 2,2,2,2,2,4,2.0,2,2,2025-06-11
13507,location 155,0,severity_type 2,resource_type 2,2,2,2,2,38,19.0,24,14,2025-09-17
8483,location 758,0,severity_type 1,resource_type 2,1,1,2,2,2,1.0,1,1,2025-02-09
16450,location 619,2,severity_type 1,resource_type 8,1,1,1,1,1,1.0,1,1,2025-08-20
7528,location 471,0,severity_type 2,resource_type 2,2,2,13,13,318,24.46153846153846,48,1,2025-05-16
14365,location 177,0,severity_type 1,resource_type 2,2,2,5,5,9,1.8,3,1,2025-09-29
7518,location 619,0,severity_type 1,resource_type 8,1,1,4,4,688,172.0,400,1,2025-12-05
17102,location 779,2,severity_type 2,resource_type 8,1,1,3,3,22,7.333333333333333,15,1,2025-07-14
12694,location 1107,2,severity_type 1,resource_type 8,2,2,6,6,79,13.166666666666666,40,1,2025-02-07
3270,location 79,1,severity_type 1,resource_type 2,3,3,4,4,4,1.0,1,1,2025-06-23
8864,location 845,0,severity_type 1,resource_type 8,1,1,1,1,2,2.0,2,2,2025-02-14
12828,location 1009,0,severity_type 1,resource_type 8,1,1,1,1,1,1.0,1,1,2025-06-14
12650,location 100,0,severity_type 4,resource_type 2,1,1,1,1,1,1.0,1,1,2025-01-23
5587,location 1119,0,severity_type 1,resource_type 8,1,1,2,2,3,1.5,2,1,2025-08-22
11322,location 983,1,severity_type 1,resource_type 8,2,2,2,2,2,1.0,1,1,2025-04-24
11436,location 1126,0,severity_type 1,resource_type 2,1,1,2,2,2,1.0,1,1,2025-03-15
7974,location 373,0,severity_type 2,resource_type 2,2,2,4,4,70,17.5,32,6,2025-01-07
3885,location 976,1,severity_type 2,resource_type 8,1,1,2,2,9,4.5,8,1,2025-11-21
17482,location 1107,2,severity_type 1,resource_type 8,2,2,4,4,127,31.75,74,12,2025-11-02
6122,location 144,0,severity_type 1,resource_type 2,3,3,4,4,4,1.0,1,1,2025-10-24
8835,location 808,0,severity_type 2,resource_type 8,1,1,2,2,5,2.5,4,1,2025-01-22
1097,location 491,0,severity_type 2,resource_type 2,2,2,6,6,10,1.6666666666666667,4,1,2025-05-08
1380,location 1015,1,severity_type 1,resource_type 8,1,1,2,2,4,2.0,2,2,2025-12-21
9090,location 602,0,severity_type 2,resource_type 8,1,1,2,2,3,1.5,2,1,2025-07-31
11453,location 989,1,severity_type 1,resource_type 8,1,1,4,4,9,2.25,3,1,2025-02-16
14707,location 500,0,severity_type 4,resource_type 2,1,1,2,2,2,1.0,1,1,2025-02-21
17898,location 962,0,severity_type 2,resource_type 8,1,1,2,2,45,22.5,32,13,2025-04-07
2945,location 812,0,severity_type 1,resource_type 8,1,1,2,2,348,174.0,214,134,2025-12-21
12281,location 500,0,severity_type 2,resource_type 2,2,2,4,4,8,2.0,2,2,2025-03-03
17715,location 983,0,severity_type 4,resource_type 2,1,1,1,1,1,1.0,1,1,2025-11-26
12831,location 638,2,severity_type 1,resource_type 2,3,3,6,6,59,9.833333333333334,21,2,2025-09-05
14060,location 1065,0,severity_type 4,resource_type 2,1,1,1,1,2,2.0,2,2,2025-12-03
18336,location 962,2,severity_type 2,resource_type 8,1,1,2,2,30,15.0,26,4,2025-10-29
17173,location 902,1,severity_type 1,resource_type 4,3,3,4,4,7,1.75,3,1,2025-05-02
2680,location 662,0,severity_type 1,resource_type 8,1,1,1,1,2,2.0,2,2,2025-10-30
18008,location 1055,0,severity_type 2,resource_type 8,1,1,2,2,7,3.5,4,3,2025-03-03
4938,location 938,0,severity_type 2,resource_type 8,1,1,1,1,2,2.0,2,2,2025-04-17
5353,location 734,2,severity_type 1,resource_type 8,3,3,8,8,65,8.125,40,1,2025-03-19
15332,location 451,0,severity_type 2,resource_type 2,2,2,2,2,8,4.0,4,4,2025-02-18
1543,location 798,1,severity_type 2,resource_type 8,1,1,2,2,21,10.5,18,3,2025-02-02
15728,location 691,1,severity_type 2,resource_type 8,3,3,4,4,9,2.25,4,1,2025-03-10
8938,location 814,0,severity_type 2,resource_type 8,1,1,2,2,8,4.0,6,2,2025-02-13
15912,location 648,1,severity_type 1,resource_type 7,2,2,4,4,4,1.0,1,1,2025-05-19
12686,location 814,0,severity_type 1,resource_type 8,1,1,2,2,10,5.0,9,1,2025-01-27
17977,location 404,1,severity_type 1,resource_type 2,3,3,7,7,9,1.2857142857142858,2,1,2025-01-23
4758,location 1037,1,severity_type 1,resource_type 8,1,1,2,2,2,1.0,1,1,2025-12-28
9172,location 874,0,severity_type 1,resource_type 2,1,1,1,1,1,1.0,1,1,2025-02-02
15720,location 1097,1,severity_type 1,resource_type 8,1,1,3,3,4,1.3333333333333333,2,1,2025-01-28
4535,location 1008,0,severity_type 2,resource_type 8,1,1,2,2,23,11.5,21,2,2025-01-11
7140,location 989,1,severity_type 1,resource_type 8,1,1,2,2,5,2.5,4,1,2025-02-18
17936,location 744,1,severity_type 1,resource_type 8,2,2,5,5,12,2.4,3,2,2025-07-12
8044,location 91,0,severity_type 2,resource_type 2,2,2,4,4,396,99.0,248,1,2025-10-29
9104,location 735,0,severity_type 1,resource_type 8,1,1,3,3,11,3.6666666666666665,6,1,2025-09-26
16804,location 469,0,severity_type 2,resource_type 2,2,2,4,4,122,30.5,52,5,2025-07-31
17955,location 610,2,severity_type 1,resource_type 8,1,1,6,6,8,1.3333333333333333,2,1,2025-02-01
16199,location 600,1,severity_type 2,resource_type 8,1,1,2,2,29,14.5,25,4,2025-10-10
5692,location 674,2,severity_type 1,resource_type 8,1,1,1,1,4,4.0,4,4,2025-01-14
10044,location 829,0,severity_type 1,resource_type 8,1,1,1,1,1,1.0,1,1,2025-08-19
6504,location 248,1,severity_type 2,resource_type 2,2,2,2,2,3,1.5,2,1,2025-05-30
6647,location 550,0,severity_type 5,resource_type 9,1,1,1,1,1,1.0,1,1,2025-11-18
10956,location 102,0,severity_type 2,resource_type 2,2,2,7,7,7,1.0,1,1,2025-04-23
17065,location 609,0,severity_type 2,resource_type 8,2,2,2,2,5,2.5,3,2,2025-08-22
7842,location 825,1,severity_type 1,resource_type 8,2,2,1,1,2,2.0,2,2,2025-06-10
17344,location 794,0,severity_type 1,resource_type 4,3,3,3,3,9,3.0,4,1,2025-07-10
17535,location 734,2,severity_type 1,resource_type 8,2,2,4,4,82,20.5,48,3,2025-12-09
17943,location 475,0,severity_type 2,resource_type 2,2,2,2,2,23,11.5,12,11,2025-09-18
12257,location 172,1,severity_type 2,resource_type 2,2,2,4,4,6,1.5,2,1,2025-06-01
15343,location 1008,2,severity_type 2,resource_type 8,1,1,5,5,60,12.0,38,1,2025-06-13
17944,location 891,0,severity_type 2,resource_type 8,1,1,2,2,6,3.0,5,1,2025-09-15
15239,location 7,0,severity_type 1,resource_type 8,1,1,2,2,18,9.0,9,9,2025-05-07
16718,location 704,0,severity_type 2,resource_type 8,1,1,2,2,15,7.5,10,5,2025-03-03
13289,location 91,0,severity_type 2,resource_type 2,2,2,2,2,26,13.0,13,13,2025-06-20
13933,location 270,0,severity_type 2,resource_type 2,2,2,4,4,4,1.0,1,1,2025-01-25
2524,location 821,2,severity_type 1,resource_type 2,3,3,6,6,34,5.666666666666667,22,1,2025-03-03
1638,location 522,0,severity_type 2,resource_type 2,2,2,6,6,14,2.333333333333333,5,1,2025-06-03
4381,location 644,2,severity_type 1,resource_type 2,2,2,4,4,54,13.5,22,5,2025-10-18
67,location 821,0,severity_type 1,resource_type 8,2,2,2,2,6,3.0,4,2,2025-10-13
4266,location 661,1,severity_type 1,resource_type 4,6,6,10,10,25,2.5,9,1,2025-04-06
9699,location 466,0,severity_type 2,resource_type 2,2,2,4,4,37,9.25,11,8,2025-06-04
16297,location 846,2,severity_type 2,resource_type 8,1,1,2,2,24,12.0,18,6,2025-02-26
392,location 810,0,severity_type 2,resource_type 8,1,1,2,2,3,1.5,2,1,2025-10-03
18365,location 240,0,severity_type 2,resource_type 2,2,2,5,5,5,1.0,1,1,2025-03-31
16586,location 1,0,severity_type 1,resource_type 8,2,2,2,2,2,1.0,1,1,2025-10-19
18035,location 557,0,severity_type 1,resource_type 2,1,1,2,2,2,1.0,1,1,2025-11-04
11369,location 838,0,severity_type 2,resource_type 8,1,1,2,2,2,1.0,1,1,2025-09-09
14324,location 883,0,severity_type 1,resource_type 8,1,1,2,2,4,2.0,3,1,2025-05-01
14730,location 687,2,severity_type 1,resource_type 8,1,1,6,6,8,1.3333333333333333,2,1,2025-12-14
1754,location 423,1,severity_type 1,resource_type 8,1,1,1,1,1,1.0,1,1,2025-09-08
15188,location 767,0,severity_type 1,resource_type 6,2,2,4,4,6,1.5,2,1,2025-08-24
4640,location 1008,2,severity_type 2,resource_type 8,1,1,4,4,18,4.5,10,1,2025-11-09
18184,location 823,0,severity_type 2,resource_type 8,1,1,1,1,4,4.0,4,4,2025-11-18
3553,location 1052,1,severity_type 2,resource_type 8,1,1,3,3,7,2.333333333333333,4,1,2025-01-29
12898,location 365,0,severity_type 4,resource_type 2,1,1,2,2,2,1.0,1,1,2025-11-18
1997,location 1100,2,severity_type 1,resource_type 8,2,2,2,2,42,21.0,31,11,2025-10-07
11847,location 772,0,severity_type 1,resource_type 8,1,1,2,2,4,2.0,2,2,2025-03-17
14466,location 684,1,severity_type 2,resource_type 8,1,1,2,2,15,7.5,13,2,2025-04-23
17927,location 504,0,severity_type 2,resource_type 2,2,2,2,2,6,3.0,3,3,2025-10-02
5321,location 95,0,severity_type 2,resource_type 2,2,2,4,4,4,1.0,1,1,2025-03-21
17814,location 878,0,severity_type 1,resource_type 8,1,1,2,2,9,4.5,7,2,2025-06-15
4438,location 417,1,severity_type 1,resource_type 2,4,4,9,9,10,1.1111111111111112,2,1,2025-09-09
6935,location 812,0,severity_type 1,resource_type 8,1,1,5,5,9,1.8,2,1,2025-08-26
14816,location 769,0,severity_type 2,resource_type 8,1,1,1,1,1,1.0,1,1,2025-11-29
10015,location 714,1,severity_type 1,resource_type 8,2,2,3,3,3,1.0,1,1,2025-02-10
2155,location 155,0,severity_type 2,resource_type 2,2,2,4,4,35,8.75,17,1,2025-04-18
6822,location 9,0,severity_type 2,resource_type 8,1,1,2,2,4,2.0,3,1,2025-12-26
10759,location 994,0,severity_type 2,resource_type 8,1,1,1,1,1,1.0,1,1,2025-07-27
9627,location 531,2,severity_type 1,resource_type 8,1,1,3,3,25,8.333333333333334,22,1,2025-04-01
5752,location 7,0,severity_type 1,resource_type 8,1,1,3,3,27,9.0,13,1,2025-04-16
12939,location 1019,1,severity_type 2,resource_type 8,1,1,3,3,13,4.333333333333333,11,1,2025-05-04
15293,location 133,1,severity_type 1,resource_type 2,3,3,6,6,7,1.1666666666666667,2,1,2025-07-22
14092,location 17,1,severity_type 2,resource_type 8,1,1,1,1,1,1.0,1,1,2025-04-14
10553,location 846,2,severity_type 2,resource_type 8,1,1,4,4,21,5.25,10,1,2025-08-15
3501,location 821,1,severity_type 1,resource_type 2,3,3,6,6,51,8.5,30,2,2025-06-12
8620,location 810,2,severity_type 1,resource_type 8,2,2,4,4,158,39.5,90,10,2025-08-11
9139,location 467,0,severity_type 2,resource_type 2,2,2,3,3,4,1.3333333333333333,2,1,2025-02-26
1878,location 884,0,severity_type 1,resource_type 8,1,1,2,2,10,5.0,8,2,2025-08-16
13330,location 1014,0,severity_type 1,resource_type 8,2,2,3,3,3,1.0,1,1,2025-12-04
10966,location 661,0,severity_type 4,resource_type 7,1,1,1,1,2,2.0,2,2,2025-02-19
3398,location 737,1,severity_type 1,resource_type 8,1,1,2,2,2,1.0,1,1,2025-04-30
12048,location 690,1,severity_type 1,resource_type 8,1,1,4,4,8,2.0,2,2,2025-09-11
9182,location 380,0,severity_type 2,resource_type 2,2,2,2,2,8,4.0,5,3,2025-08-14
9235,location 944,1,severity_type 1,resource_type 8,1,1,2,2,5,2.5,4,1,2025-09-04
905,location 1107,1,severity_type 1,resource_type 8,2,2,7,7,111,15.857142857142858,53,1,2025-07-24
6218,location 1030,1,severity_type 2,resource_type 8,1,1,3,3,4,1.3333333333333333,2,1,2025-09-07
492,location 692,0,severity_type 2,resource_type 8,1,1,2,2,2,1.0,1,1,2025-08-11
6386,location 1096,0,severity_type 1,resource_type 2,1,1,2,2,2,1.0,1,1,2025-01-28
12409,location 149,0,severity_type 2,resource_type 2,2,2,4,4,8,2.0,2,2,2025-10-02
3043,location 1025,0,severity_type 1,resource_type 8,1,1,2,2,3,1.5,2,1,2025-06-13
2906,location 1,0,severity_type 2,resource_type 8,1,1,3,3,4,1.3333333333333333,2,1,2025-01-19
14626,location 856,1,severity_type 2,resource_type 7,2,2,3,3,6,2.0,2,2,2025-05-30
6036,location 1105,0,severity_type 2,resource_type 8,1,1,1,1,1,1.0,1,1,2025-06-08
10510,location 518,0,severity_type 2,resource_type 2,2,2,6,6,24,4.0,9,1,2025-02-01
12140,location 91,0,severity_type 2,resource_type 2,2,2,4,4,369,92.25,229,1,2025-12-30
16948,location 47,0,severity_type 3,resource_type 2,2,2,2,2,3,1.5,2,1,2025-03-23
11547,location 734,2,severity_type 1,resource_type 8,3,3,4,4,18,4.5,9,1,2025-05-01
9776,location 808,0,severity_type 1,resource_type 8,2,2,2,2,7,3.5,6,1,2025-06-10
1680,location 821,1,severity_type 1,resource_type 8,2,2,3,3,36,12.0,20,4,2025-10-31
17365,location 895,2,severity_type 1,resource_type 2,4,4,6,6,64,10.666666666666666,19,1,2025-09-29
5191,location 684,0,severity_type 1,resource_type 8,2,2,2,2,20,10.0,15,5,2025-10-09
11742,location 613,2,severity_type 1,resource_type 8,3,3,3,3,55,18.33333333333333,44,2,2025-03-28
13078,location 1019,2,severity_type 2,resource_type 8,1,1,2,2,34,17.0,24,10,2025-11-05
11788,location 886,0,severity_type 1,resource_type 10,2,2,3,3,4,1.3333333333333333,2,1,2025-10-30
5021,location 972,1,severity_type 1,resource_type 7,2,2,2,2,2,1.0,1,1,2025-06-19
8502,location 245,0,severity_type 2,resource_type 2,2,2,2,2,5,2.5,3,2,2025-07-19
8944,location 760,0,severity_type 1,resource_type 8,1,1,2,2,4,2.0,2,2,2025-01-14
16977,location 501,0,severity_type 2,resource_type 2,2,2,4,4,14,3.5,5,1,2025-10-05
6477,location 282,0,severity_type 2,resource_type 2,2,2,6,6,29,4.833333333333333,12,1,2025-12-17
9301,location 600,2,severity_type 2,resource_type 8,1,1,2,2,23,11.5,15,8,2025-06-22
1472,location 479,0,severity_type 2,resource_type 2,2,2,4,4,63,15.75,34,1,2025-07-17
1383,location 17,1,severity_type 1,resource_type 8,1,1,2,2,4,2.0,2,2,2025-07-02
10789,location 135,0,severity_type 2,resource_type 2,2,2,6,6,43,7.166666666666667,18,1,2025-01-31
9954,location 128,0,severity_type 2,resource_type 2,2,2,6,6,16,2.6666666666666665,3,2,2025-08-15
6682,location 600,1,severity_type 1,resource_type 8,2,2,3,3,11,3.6666666666666665,6,2,2025-09-21
11548,location 519,0,severity_type 1,resource_type 8,3,3,5,5,7,1.4,2,1,2025-12-05
13193,location 266,0,severity_type 2,resource_type 2,2,2,5,5,7,1.4,2,1,2025-12-06
13215,location 942,1,severity_type 1,resource_type 10,3,3,4,4,7,1.75,2,1,2025-06-29
11500,location 932,0,severity_type 2,resource_type 8,1,1,1,1,4,4.0,4,4,2025-12-17
17536,location 505,0,severity_type 2,resource_type 2,2,2,2,2,11,5.5,7,4,2025-07-12
1283,location 380,0,severity_type 2,resource_type 2,2,2,2,2,13,6.5,7,6,2025-08-23
7910,location 1042,2,severity_type 2,resource_type 8,1,1,2,2,18,9.0,12,6,2025-08-08
2688,location 978,1,severity_type 1,resource_type 2,3,3,3,3,4,1.3333333333333333,2,1,2025-12-31
15320,location 242,0,severity_type 2,resource_type 2,2,2,2,2,4,2.0,2,2,2025-09-27
14942,location 894,0,severity_type 1,resource_type 2,4,4,8,8,263,32.875,45,6,2025-02-13
4352,location 226,0,severity_type 1,resource_type 2,2,2,3,3,3,1.0,1,1,2025-01-27
6012,location 831,1,severity_type 1,resource_type 8,1,1,1,1,1,1.0,1,1,2025-05-30
1321,location 533,0,severity_type 1,resource_type 9,3,3,5,5,16,3.2,4,3,2025-07-08
10573,location 1117,0,severity_type 1,resource_type 8,1,1,2,2,19,9.5,11,8,2025-09-02
13192,location 810,1,severity_type 2,resource_type 8,1,1,3,3,43,14.333333333333334,36,2,2025-06-25
14607,location 520,0,severity_type 2,resource_type 2,2,2,2,2,21,10.5,11,10,2025-07-07
18209,location 242,0,severity_type 2,resource_type 2,2,2,6,6,213,35.5,62,10,2025-12-03
371,location 332,0,severity_type 1,resource_type 2,1,1,1,1,2,2.0,2,2,2025-05-03
14163,location 479,0,severity_type 2,resource_type 2,2,2,3,3,44,14.666666666666666,26,2,2025-06-30
158,location 533,0,severity_type 5,resource_type 9,1,1,2,2,4,2.0,2,2,2025-07-23
11721,location 455,0,severity_type 2,resource_type 2,2,2,2,2,4,2.0,2,2,2025-06-20
6310,location 1112,0,severity_type 1,resource_type 8,1,1,1,1,3,3.0,3,3,2025-12-20
12398,location 976,0,severity_type 2,resource_type 8,1,1,2,2,22,11.0,14,8,2025-12-18
15931,location 494,0,severity_type 2,resource_type 2,2,2,6,6,379,63.16666666666666,129,9,2025-07-07
12390,location 885,0,severity_type 1,resource_type 8,1,1,3,3,5,1.6666666666666667,2,1,2025-06-14
11711,location 394,1,severity_type 2,resource_type 8,2,2,3,3,3,1.0,1,1,2025-08-03
13280,location 481,0,severity_type 2,resource_type 2,2,2,4,4,89,22.25,25,21,2025-03-08
6365,location 645,0,severity_type 1,resource_type 2,2,2,4,4,20,5.0,9,1,2025-06-05
10040,location 226,1,severity_type 2,resource_type 2,2,2,3,3,3,1.0,1,1,2025-03-21
11570,location 892,1,severity_type 1,resource_type 2,3,3,6,6,35,5.833333333333333,10,1,2025-02-22
1509,location 126,0,severity_type 2,resource_type 2,2,2,8,8,40,5.0,9,2,2025-02-04
9508,location 488,0,severity_type 2,resource_type 2,2,2,10,10,22,2.2,4,1,2025-08-03
16190,location 126,0,severity_type 2,resource_type 2,2,2,6,6,10,1.6666666666666667,3,1,2025-01-01
9750,location 478,0,severity_type 1,resource_type 2,3,3,10,10,17,1.7,3,1,2025-08-24
88,location 494,0,severity_type 2,resource_type 2,2,2,4,4,17,4.25,5,2,2025-06-07
11574,location 443,0,severity_type 4,resource_type 2,1,1,3,3,3,1.0,1,1,2025-05-14
12698,location 704,1,severity_type 2,resource_type 8,1,1,3,3,5,1.6666666666666667,2,1,2025-10-08
6918,location 382,1,severity_type 2,resource_type 2,2,2,2,2,4,2.0,3,1,2025-07-16
8985,location 841,1,severity_type 1,resource_type 2,1,1,2,2,2,1.0,1,1,2025-09-25
9347,location 684,1,severity_type 2,resource_type 8,1,1,2,2,24,12.0,20,4,2025-09-16
2670,location 976,1,severity_type 2,resource_type 8,1,1,2,2,14,7.0,11,3,2025-01-12
14194,location 919,1,severity_type 1,resource_type 8,1,1,4,4,12,3.0,4,2,2025-03-20
18295,location 984,0,severity_type 2,resource_type 8,2,2,2,2,10,5.0,8,2,2025-07-28
1616,location 541,2,severity_type 1,resource_type 8,3,3,6,6,8,1.3333333333333333,2,1,2025-12-23
2808,location 155,0,severity_type 2,resource_type 2,2,2,2,2,16,8.0,9,7,2025-02-26
2240,location 10,0,severity_type 1,resource_type 8,1,1,2,2,20,10.0,10,10,2025-02-08
11950,location 484,0,severity_type 2,resource_type 2,2,2,7,7,13,1.8571428571428568,4,1,2025-12-10
13334,location 1099,0,severity_type 1,resource_type 8,1,1,4,4,147,36.75,74,2,2025-12-19
10084,location 957,0,severity_type 1,resource_type 8,1,1,5,5,116,23.2,53,2,2025-03-03
14718,location 826,1,severity_type 1,resource_type 8,2,2,3,3,9,3.0,4,2,2025-05-27
10425,location 51,0,severity_type 1,resource_type 2,2,2,2,2,2,1.0,1,1,2025-08-17
5053,location 116,0,severity_type 4,resource_type 2,1,1,1,1,3,3.0,3,3,2025-03-13
6820,location 489,0,severity_type 2,resource_type 2,2,2,2,2,46,23.0,24,22,2025-04-30
4031,location 34,0,severity_type 1,resource_type 8,1,1,2,2,23,11.5,13,10,2025-05-25
13453,location 1009,0,severity_type 1,resource_type 8,1,1,1,1,1,1.0,1,1,2025-08-23
12131,location 1084,2,severity_type 1,resource_type 8,3,3,2,2,5,2.5,4,1,2025-04-23
17157,location 470,0,severity_type 2,resource_type 2,2,2,2,2,19,9.5,10,9,2025-05-31
18508,location 709,0,severity_type 1,resource_type 8,2,2,2,2,4,2.0,2,2,2025-04-16
11027,location 1111,0,severity_type 4,resource_type 8,1,1,1,1,1,1.0,1,1,2025-10-05
3259,location 92,0,severity_type 2,resource_type 2,1,1,2,2,2,1.0,1,1,2025-02-25
5523,location 637,0,severity_type 1,resource_type 2,1,1,2,2,17,8.5,12,5,2025-03-26
18291,location 600,0,severity_type 2,resource_type 8,1,1,2,2,43,21.5,23,20,2025-04-02
8180,location 171,0,severity_type 1,resource_type 2,3,3,4,4,4,1.0,1,1,2025-11-27
1117,location 17,0,severity_type 2,resource_type 8,1,1,1,1,2,2.0,2,2,2025-12-11
7609,location 468,0,severity_type 2,resource_type 2,2,2,2,2,264,132.0,132,132,2025-07-02
3652,location 536,1,severity_type 1,resource_type 8,2,2,2,2,2,1.0,1,1,2025-02-27
9753,location 794,0,severity_type 1,resource_type 4,3,3,3,3,10,3.333333333333333,4,2,2025-10-03
18071,location 976,0,severity_type 2,resource_type 8,1,1,2,2,40,20.0,30,10,2025-06-29
8261,location 1093,2,severity_type 1,resource_type 8,1,1,3,3,41,13.666666666666666,36,1,2025-11-07
1694,location 1088,1,severity_type 1,resource_type 8,2,2,2,2,3,1.5,2,1,2025-05-12
13058,location 346,0,severity_type 4,resource_type 2,1,1,1,1,1,1.0,1,1,2025-12-31
7486,location 82,1,severity_type 2,resource_type 8,2,2,4,4,4,1.0,1,1,2025-10-22
16868,location 380,0,severity_type 2,resource_type 2,2,2,2,2,26,13.0,17,9,2025-03-23
4879,location 1100,2,severity_type 1,resource_type 8,2,2,7,7,504,72.0,211,3,2025-09-22
9222,location 202,0,severity_type 2,resource_type 2,3,3,4,4,4,1.0,1,1,2025-04-15
7987,location 116,1,severity_type 2,resource_type 2,2,2,2,2,3,1.5,2,1,2025-05-08
8665,location 984,1,severity_type 1,resource_type 6,2,2,4,4,6,1.5,2,1,2025-04-02
8103,location 450,0,severity_type 2,resource_type 2,2,2,8,8,20,2.5,6,1,2025-09-07
4975,location 806,0,severity_type 1,resource_type 2,1,1,2,2,13,6.5,7,6,2025-04-06
7614,location 380,0,severity_type 2,resource_type 2,2,2,2,2,21,10.5,11,10,2025-08-22
18473,location 1106,0,severity_type 1,resource_type 8,1,1,2,2,5,2.5,3,2,2025-08-01
15345,location 478,0,severity_type 2,resource_type 2,2,2,4,4,230,57.5,83,34,2025-10-02
1028,location 332,1,severity_type 1,resource_type 2,2,2,3,3,3,1.0,1,1,2025-12-29
8933,location 922,1,severity_type 1,resource_type 2,1,1,2,2,2,1.0,1,1,2025-01-04
8713,location 497,0,severity_type 2,resource_type 2,2,2,14,14,429,30.642857142857142,74,1,2025-12-28
1148,location 419,1,severity_type 1,resource_type 2,2,2,5,5,5,1.0,1,1,2025-02-09
300,location 691,1,severity_type 2,resource_type 8,3,3,3,3,4,1.3333333333333333,2,1,2025-07-12
13956,location 921,0,severity_type 2,resource_type 8,1,1,2,2,35,17.5,34,1,2025-05-05
14701,location 653,1,severity_type 1,resource_type 8,2,2,4,4,7,1.75,3,1,2025-08-22
12997,location 1067,1,severity_type 1,resource_type 8,2,2,4,4,4,1.0,1,1,2025-09-21
2364,location 118,0,severity_type 2,resource_type 2,2,2,3,3,33,11.0,17,1,2025-11-10
3970,location 122,0,severity_type 2,resource_type 2,2,2,6,6,16,2.6666666666666665,6,1,2025-05-27
15953,location 471,0,severity_type 2,resource_type 2,2,2,10,10,155,15.5,48,4,2025-12-07
5657,location 734,2,severity_type 1,resource_type 8,2,2,5,5,43,8.6,22,1,2025-04-28
15223,location 451,0,severity_type 2,resource_type 2,2,2,2,2,36,18.0,19,17,2025-03-16
8537,location 842,0,severity_type 1,resource_type 8,1,1,1,1,2,2.0,2,2,2025-05-19
17088,location 430,1,severity_type 2,resource_type 8,3,3,6,6,6,1.0,1,1,2025-07-12
320,location 1100,2,severity_type 1,resource_type 8,2,2,5,5,142,28.4,88,2,2025-09-01
7764,location 691,0,severity_type 2,resource_type 7,3,3,3,3,18,6.0,10,1,2025-10-31
12655,location 471,0,severity_type 2,resource_type 2,2,2,6,6,22,3.6666666666666665,7,2,2025-03-24
9162,location 1054,1,severity_type 1,resource_type 8,1,1,2,2,3,1.5,2,1,2025-04-21
4608,location 102,0,severity_type 4,resource_type 2,1,1,2,2,2,1.0,1,1,2025-12-09
2977,location 13,2,severity_type 1,resource_type 10,5,5,14,14,113,8.071428571428571,46,1,2025-06-10
129,location 726,0,severity_type 1,resource_type 8,1,1,2,2,10,5.0,5,5,2025-03-30
4935,location 821,1,severity_type 2,resource_type 8,1,1,2,2,13,6.5,8,5,2025-12-26
8382,location 189,0,severity_type 2,resource_type 2,2,2,2,2,2,1.0,1,1,2025-06-13
6797,location 313,0,severity_type 2,resource_type 2,2,2,4,4,10,2.5,4,1,2025-12-26
15800,location 1026,0,severity_type 2,resource_type 8,1,1,2,2,4,2.0,2,2,2025-12-02
2187,location 738,1,severity_type 2,resource_type 8,1,1,2,2,3,1.5,2,1,2025-11-27
9193,location 175,0,severity_type 4,resource_type 2,1,1,2,2,2,1.0,1,1,2025-08-01
16498,location 1100,2,severity_type 1,resource_type 8,2,2,6,6,153,25.5,84,1,2025-10-19
6096,location 474,0,severity_type 2,resource_type 2,2,2,4,4,34,8.5,9,8,2025-12-17
13480,location 1011,1,severity_type 1,resource_type 8,1,1,2,2,14,7.0,7,7,2025-04-09
5340,location 1026,2,severity_type 1,resource_type 8,2,2,4,4,12,3.0,4,1,2025-01-14
10906,location 537,1,severity_type 1,resource_type 2,1,1,2,2,2,1.0,1,1,2025-04-28
2041,location 759,0,severity_type 1,resource_type 8,1,1,1,1,1,1.0,1,1,2025-08-21
15691,location 477,0,severity_type 2,resource_type 2,2,2,4,4,190,47.5,73,28,2025-07-19
15307,location 242,0,severity_type 2,resource_type 2,2,2,6,6,324,54.0,65,45,2025-01-30
17695,location 799,1,severity_type 1,resource_type 2,2,2,2,2,2,1.0,1,1,2025-07-24
11688,location 468,0,severity_type 2,resource_type 2,2,2,2,2,122,61.0,64,58,2025-03-05
14136,location 466,0,severity_type 2,resource_type 2,2,2,2,2,4,2.0,2,2,2025-07-04
10198,location 253,0,severity_type 2,resource_type 2,2,2,4,4,4,1.0,1,1,2025-07-30
3459,location 846,2,severity_type 2,resource_type 8,1,1,2,2,50,25.0,29,21,2025-08-21
11261,location 541,1,severity_type 1,resource_type 8,1,1,1,1,1,1.0,1,1,2025-05-31
2170,location 931,2,severity_type 2,resource_type 8,1,1,4,4,8,2.0,3,1,2025-05-30
1921,location 508,0,severity_type 2,resource_type 2,2,2,13,13,179,13.76923076923077,52,1,2025-09-05
142,location 734,2,severity_type 1,resource_type 8,2,2,5,5,28,5.6,16,1,2025-10-01
15204,location 1100,2,severity_type 1,resource_type 8,2,2,4,4,92,23.0,55,2,2025-10-22
13825,location 845,2,severity_type 2,resource_type 8,1,1,2,2,58,29.0,34,24,2025-05-02
17184,location 839,0,severity_type 2,resource_type 8,1,1,1,1,5,5.0,5,5,2025-06-04
10088,location 228,1,severity_type 2,resource_type 2,2,2,2,2,4,2.0,2,2,2025-05-01
16531,location 344,0,severity_type 2,resource_type 2,2,2,2,2,16,8.0,8,8,2025-07-12
1449,location 242,0,severity_type 1,resource_type 2,1,1,1,1,1,1.0,1,1,2025-02-16
9534,location 146,0,severity_type 2,resource_type 2,2,2,3,3,4,1.3333333333333333,2,1,2025-06-06
17042,location 478,0,severity_type 2,resource_type 2,2,2,9,9,134,14.88888888888889,41,1,2025-03-10
3179,location 469,0,severity_type 2,resource_type 2,2,2,4,4,68,17.0,32,3,2025-07-14
7972,location 734,0,severity_type 1,resource_type 8,2,2,6,6,50,8.333333333333334,20,2,2025-11-07
18049,location 1093,1,severity_type 1,resource_type 8,1,1,6,6,6,1.0,1,1,2025-12-26
15717,location 270,0,severity_type 2,resource_type 2,2,2,2,2,4,2.0,2,2,2025-06-12
1528,location 646,2,severity_type 1,resource_type 8,1,1,4,4,14,3.5,5,2,2025-01-21
2205,location 1076,0,severity_type 2,resource_type 8,1,1,1,1,1,1.0,1,1,2025-03-25
6993,location 500,0,severity_type 2,resource_type 2,2,2,3,3,6,2.0,2,2,2025-02-08
8312,location 875,0,severity_type 1,resource_type 8,1,1,4,4,138,34.5,68,1,2025-10-05
16046,location 471,0,severity_type 2,resource_type 2,2,2,16,16,119,7.4375,21,1,2025-12-26
3277,location 459,0,severity_type 2,resource_type 2,2,2,6,6,8,1.3333333333333333,2,1,2025-07-22
4083,location 704,0,severity_type 1,resource_type 8,2,2,6,6,13,2.1666666666666665,4,1,2025-03-06
8199,location 845,2,severity_type 2,resource_type 8,1,1,3,3,30,10.0,19,1,2025-01-08
9451,location 469,0,severity_type 2,resource_type 2,2,2,2,2,121,60.5,61,60,2025-12-23
15599,location 609,0,severity_type 1,resource_type 8,2,2,3,3,5,1.6666666666666667,2,1,2025-04-26
317,location 236,0,severity_type 1,resource_type 2,3,3,6,6,9,1.5,3,1,2025-02-10
2732,location 599,0,severity_type 1,resource_type 8,1,1,1,1,1,1.0,1,1,2025-03-06
2410,location 50,0,severity_type 1,resource_type 2,1,1,2,2,5,2.5,4,1,2025-04-04
7035,location 821,2,severity_type 1,resource_type 2,3,3,4,4,13,3.25,4,2,2025-08-28
14361,location 704,2,severity_type 1,resource_type 8,2,2,4,4,42,10.5,24,3,2025-11-22
8178,location 995,1,severity_type 2,resource_type 8,1,1,5,5,25,5.0,10,1,2025-04-11
1165,location 509,0,severity_type 2,resource_type 2,2,2,14,14,96,6.857142857142857,30,1,2025-09-08
13206,location 967,2,severity_type 1,resource_type 8,3,3,7,7,38,5.428571428571429,20,1,2025-01-24
13837,location 102,0,severity_type 2,resource_type 2,2,2,8,8,14,1.75,2,1,2025-01-04
16764,location 618,0,severity_type 1,resource_type 8,3,3,4,4,9,2.25,4,1,2025-01-21
7393,location 311,0,severity_type 4,resource_type 2,1,1,1,1,1,1.0,1,1,2025-12-03
6705,location 73,0,severity_type 1,resource_type 9,1,1,2,2,2,1.0,1,1,2025-08-01
9213,location 213,1,severity_type 2,resource_type 2,2,2,4,4,4,1.0,1,1,2025-10-21
8064,location 845,0,severity_type 2,resource_type 8,1,1,2,2,9,4.5,7,2,2025-01-08
4577,location 667,2,severity_type 1,resource_type 8,1,1,2,2,19,9.5,10,9,2025-01-09
11632,location 382,0,severity_type 2,resource_type 2,2,2,2,2,6,3.0,3,3,2025-11-06
345,location 895,1,severity_type 1,resource_type 2,3,3,6,6,36,6.0,9,1,2025-02-07
9666,location 921,1,severity_type 2,resource_type 8,1,1,2,2,6,3.0,4,2,2025-02-26
8378,location 1008,0,severity_type 1,resource_type 8,2,2,3,3,24,8.0,11,6,2025-07-09
16434,location 497,0,severity_type 2,resource_type 2,2,2,4,4,153,38.25,60,17,2025-08-10
17337,location 471,0,severity_type 2,resource_type 2,2,2,12,12,52,4.333333333333333,12,1,2025-03-25
15780,location 887,0,severity_type 1,resource_type 8,1,1,2,2,28,14.0,14,14,2025-06-12
53,location 242,0,severity_type 1,resource_type 2,3,3,10,10,297,29.7,96,1,2025-09-04
10773,location 518,0,severity_type 2,resource_type 2,2,2,5,5,7,1.4,3,1,2025-06-11
1948,location 443,0,severity_type 2,resource_type 2,2,2,4,4,7,1.75,3,1,2025-05-20
13017,location 746,0,severity_type 1,resource_type 2,1,1,2,2,2,1.0,1,1,2025-01-27
2319,location 272,0,severity_type 1,resource_type 8,3,3,4,4,9,2.25,3,2,2025-06-14
15539,location 1026,0,severity_type 2,resource_type 8,1,1,1,1,1,1.0,1,1,2025-10-21
630,location 344,0,severity_type 2,resource_type 2,2,2,2,2,10,5.0,5,5,2025-08-17
6710,location 959,0,severity_type 2,resource_type 8,1,1,1,1,1,1.0,1,1,2025-11-22
15760,location 1092,1,severity_type 1,resource_type 8,1,1,3,3,5,1.6666666666666667,2,1,2025-02-16
2567,location 906,2,severity_type 1,resource_type 8,1,1,2,2,15,7.5,9,6,2025-01-05
16761,location 153,0,severity_type 1,resource_type 2,3,3,4,4,4,1.0,1,1,2025-07-20
10135,location 476,0,severity_type 2,resource_type 2,2,2,9,9,107,11.88888888888889,37,1,2025-03-07
5358,location 1111,1,severity_type 1,resource_type 8,1,1,2,2,5,2.5,3,2,2025-08-05
4555,location 600,2,severity_type 2,resource_type 8,1,1,2,2,44,22.0,30,14,2025-11-26
15839,location 522,0,severity_type 2,resource_type 2,2,2,4,4,4,1.0,1,1,2025-05-04
17664,location 944,1,severity_type 1,resource_type 8,1,1,2,2,4,2.0,3,1,2025-07-20
12682,location 794,0,severity_type 1,resource_type 8,3,3,3,3,5,1.6666666666666667,2,1,2025-09-06
2696,location 798,1,severity_type 2,resource_type 8,1,1,2,2,5,2.5,4,1,2025-02-24
16638,location 977,1,severity_type 1,resource_type 9,3,3,4,4,5,1.25,2,1,2025-11-24
7891,location 481,0,severity_type 2,resource_type 2,2,2,4,4,115,28.75,31,27,2025-03-16
18257,location 367,1,severity_type 2,resource_type 2,2,2,2,2,4,2.0,2,2,2025-10-23
6902,location 1019,2,severity_type 2,resource_type 8,1,1,2,2,15,7.5,11,4,2025-08-29
11135,location 126,0,severity_type 2,resource_type 2,2,2,8,8,26,3.25,6,1,2025-02-21
10820,location 646,1,severity_type 1,resource_type 8,1,1,4,4,6,1.5,2,1,2025-09-22
15857,location 1086,0,severity_type 2,resource_type 8,1,1,1,1,34,34.0,34,34,2025-03-13
5708,location 380,0,severity_type 1,resource_type 2,2,2,3,3,17,5.666666666666667,6,5,2025-08-07
15939,location 237,0,severity_type 2,resource_type 2,1,1,2,2,2,1.0,1,1,2025-12-17
5396,location 126,0,severity_type 2,resource_type 2,2,2,8,8,79,9.875,21,3,2025-12-14
4307,location 707,0,severity_type 2,resource_type 9,2,2,3,3,5,1.6666666666666667,3,1,2025-11-15
17025,location 78,1,severity_type 2,resource_type 8,1,1,2,2,2,1.0,1,1,2025-06-30
16025,location 955,0,severity_type 1,resource_type 8,1,1,2,2,4,2.0,2,2,2025-07-24
9546,location 1055,0,severity_type 1,resource_type 8,2,2,2,2,4,2.0,3,1,2025-04-20
9883,location 979,0,severity_type 1,resource_type 8,1,1,2,2,2,1.0,1,1,2025-12-03
3784,location 1075,0,severity_type 2,resource_type 8,1,1,2,2,20,10.0,12,8,2025-06-24
2803,location 484,0,severity_type 2,resource_type 2,2,2,7,7,18,2.571428571428572,5,1,2025-10-09
14923,location 810,2,severity_type 2,resource_type 8,1,1,2,2,52,26.0,38,14,2025-05-12
11709,location 894,0,severity_type 1,resource_type 2,3,3,9,9,427,47.44444444444444,109,5,2025-09-28
3863,location 135,0,severity_type 2,resource_type 2,2,2,2,2,13,6.5,7,6,2025-03-23
3322,location 450,0,severity_type 2,resource_type 2,2,2,6,6,16,2.6666666666666665,9,1,2025-09-25
6137,location 811,0,severity_type 1,resource_type 2,1,1,2,2,2,1.0,1,1,2025-01-17
1166,location 584,0,severity_type 1,resource_type 8,1,1,2,2,6,3.0,4,2,2025-02-08
5433,location 91,1,severity_type 2,resource_type 2,2,2,6,6,26,4.333333333333333,10,1,2025-05-09
585,location 962,0,severity_type 2,resource_type 8,1,1,1,1,4,4.0,4,4,2025-06-25
5416,location 79,1,severity_type 1,resource_type 2,2,2,1,1,1,1.0,1,1,2025-09-17
3869,location 1052,1,severity_type 2,resource_type 8,1,1,2,2,15,7.5,12,3,2025-05-12
5339,location 1074,0,severity_type 1,resource_type 8,2,2,2,2,4,2.0,2,2,2025-01-07
16065,location 16,0,severity_type 1,resource_type 2,1,1,2,2,2,1.0,1,1,2025-04-29
15348,location 471,0,severity_type 2,resource_type 2,2,2,13,13,337,25.923076923076923,51,1,2025-06-10
13164,location 899,0,severity_type 1,resource_type 2,4,4,6,6,13,2.1666666666666665,4,1,2025-07-18
12780,location 745,0,severity_type 1,resource_type 6,4,4,4,4,4,1.0,1,1,2025-08-24
17521,location 638,0,severity_type 1,resource_type 2,1,1,4,4,169,42.25,155,1,2025-04-01
11815,location 478,0,severity_type 2,resource_type 2,2,2,9,9,123,13.666666666666666,35,1,2025-08-11
7251,location 481,0,severity_type 2,resource_type 2,2,2,4,4,118,29.5,31,28,2025-08-19
7547,location 892,0,severity_type 1,resource_type 2,3,3,6,6,27,4.5,6,1,2025-10-11
9717,location 810,2,severity_type 1,resource_type 8,2,2,2,2,61,30.5,46,15,2025-07-10
17608,location 403,1,severity_type 1,resource_type 8,2,2,2,2,3,1.5,2,1,2025-10-23
11873,location 845,0,severity_type 2,resource_type 8,1,1,1,1,12,12.0,12,12,2025-03-22
9399,location 779,0,severity_type 2,resource_type 8,1,1,2,2,6,3.0,5,1,2025-09-17
892,location 346,1,severity_type 2,resource_type 2,2,2,2,2,2,1.0,1,1,2025-01-17
11729,location 887,0,severity_type 4,resource_type 8,1,1,1,1,2,2.0,2,2,2025-02-07
13326,location 465,0,severity_type 4,resource_type 2,1,1,1,1,2,2.0,2,2,2025-11-12
9653,location 1100,1,severity_type 1,resource_type 8,2,2,4,4,66,16.5,52,2,2025-06-23
10489,location 1100,2,severity_type 1,resource_type 8,2,2,7,7,634,90.57142857142856,296,4,2025-08-15
6858,location 798,1,severity_type 2,resource_type 8,1,1,2,2,16,8.0,14,2,2025-08-09
4079,location 948,1,severity_type 1,resource_type 8,2,2,3,3,4,1.3333333333333333,2,1,2025-09-11
6603,location 619,1,severity_type 1,resource_type 8,1,1,2,2,59,29.5,31,28,2025-03-31
13308,location 846,1,severity_type 2,resource_type 8,1,1,2,2,6,3.0,4,2,2025-03-07
6614,location 469,0,severity_type 2,resource_type 2,2,2,17,17,421,24.764705882352946,77,1,2025-01-16
13172,location 694,0,severity_type 1,resource_type 2,1,1,2,2,2,1.0,1,1,2025-11-12
11968,location 1019,0,severity_type 1,resource_type 8,2,2,6,6,46,7.666666666666667,18,1,2025-03-23
2486,location 653,0,severity_type 2,resource_type 8,1,1,2,2,12,6.0,6,6,2025-07-29
17244,location 415,1,severity_type 1,resource_type 2,3,3,6,6,10,1.6666666666666667,3,1,2025-06-16
5120,location 932,0,severity_type 1,resource_type 8,2,2,2,2,4,2.0,3,1,2025-03-01
465,location 684,2,severity_type 2,resource_type 8,1,1,2,2,58,29.0,42,16,2025-06-01
1778,location 667,2,severity_type 1,resource_type 8,1,1,2,2,16,8.0,8,8,2025-01-31
6951,location 1087,0,severity_type 1,resource_type 8,2,2,2,2,8,4.0,6,2,2025-03-06
17233,location 547,0,severity_type 1,resource_type 2,1,1,2,2,4,2.0,2,2,2025-02-20
14610,location 331,0,severity_type 4,resource_type 2,1,1,2,2,2,1.0,1,1,2025-10-28
15660,location 948,1,severity_type 1,resource_type 8,2,2,5,5,5,1.0,1,1,2025-07-27
2318,location 304,0,severity_type 1,resource_type 8,4,4,5,5,5,1.0,1,1,2025-12-04
9784,location 485,0,severity_type 2,resource_type 2,2,2,5,5,20,4.0,8,1,2025-06-09
2010,location 808,0,severity_type 1,resource_type 8,2,2,2,2,14,7.0,9,5,2025-03-15
17364,location 1099,0,severity_type 1,resource_type 8,1,1,2,2,22,11.0,16,6,2025-08-11
10417,location 1106,1,severity_type 2,resource_type 8,1,1,2,2,2,1.0,1,1,2025-12-06
8374,location 435,1,severity_type 2,resource_type 2,2,2,2,2,2,1.0,1,1,2025-07-14
8800,location 1107,2,severity_type 1,resource_type 8,3,3,5,5,124,24.8,94,3,2025-01-07
5282,location 1015,1,severity_type 1,resource_type 8,1,1,2,2,11,5.5,6,5,2025-04-21
5422,location 604,0,severity_type 1,resource_type 2,1,1,2,2,2,1.0,1,1,2025-12-04
484,location 1018,0,severity_type 1,resource_type 8,2,2,4,4,16,4.0,7,1,2025-07-09
270,location 479,0,severity_type 2,resource_type 2,2,2,4,4,69,17.25,41,1,2025-12-14
14016,location 744,1,severity_type 1,resource_type 8,1,1,2,2,3,1.5,2,1,2025-07-05
13011,location 378,0,severity_type 2,resource_type 2,2,2,2,2,5,2.5,3,2,2025-01-05
1131,location 495,0,severity_type 2,resource_type 2,2,2,14,14,429,30.642857142857142,109,1,2025-11-15
5052,location 124,0,severity_type 2,resource_type 2,2,2,6,6,12,2.0,3,1,2025-10-06
10694,location 1107,0,severity_type 1,resource_type 8,2,2,6,6,71,11.833333333333334,27,5,2025-09-19
17268,location 599,2,severity_type 2,resource_type 8,1,1,2,2,61,30.5,49,12,2025-12-21
12621,location 514,0,severity_type 2,resource_type 2,2,2,2,2,23,11.5,14,9,2025-03-13
10526,location 684,0,severity_type 1,resource_type 8,2,2,3,3,45,15.0,32,1,2025-11-27
4148,location 1021,1,severity_type 1,resource_type 8,1,1,6,6,16,2.6666666666666665,6,1,2025-03-26
1213,location 197,0,severity_type 1,resource_type 2,3,3,3,3,3,1.0,1,1,2025-12-21
18403,location 9,0,severity_type 2,resource_type 8,1,1,2,2,5,2.5,3,2,2025-03-11
6575,location 931,0,severity_type 2,resource_type 8,1,1,2,2,3,1.5,2,1,2025-07-20
12043,location 126,0,severity_type 2,resource_type 2,2,2,6,6,27,4.5,9,2,2025-10-16
8942,location 169,0,severity_type 2,resource_type 2,3,3,3,3,11,3.6666666666666665,5,1,2025-01-29
8245,location 443,1,severity_type 1,resource_type 2,3,3,7,7,7,1.0,1,1,2025-01-25
3088,location 738,0,severity_type 1,resource_type 8,1,1,1,1,1,1.0,1,1,2025-11-07
12640,location 690,0,severity_type 1,resource_type 2,1,1,1,1,1,1.0,1,1,2025-01-23
5913,location 778,1,severity_type 1,resource_type 8,2,2,4,4,22,5.5,10,2,2025-08-13
3726,location 1030,0,severity_type 4,resource_type 8,1,1,1,1,2,2.0,2,2,2025-12-09
9740,location 239,0,severity_type 4,resource_type 2,1,1,1,1,1,1.0,1,1,2025-08-13
11856,location 496,0,severity_type 2,resource_type 2,2,2,9,9,426,47.333333333333336,163,1,2025-06-25
503,location 962,1,severity_type 2,resource_type 8,1,1,2,2,25,12.5,24,1,2025-06-02
6633,location 73,1,severity_type 1,resource_type 8,3,3,5,5,10,2.0,3,1,2025-08-21
8564,location 497,0,severity_type 2,resource_type 2,2,2,6,6,358,59.66666666666666,135,1,2025-07-28
9487,location 938,0,severity_type 2,resource_type 8,1,1,2,2,21,10.5,13,8,2025-07-03
768,location 474,0,severity_type 2,resource_type 2,2,2,4,4,7,1.75,3,1,2025-02-26
10798,location 816,1,severity_type 2,resource_type 7,3,3,4,4,4,1.0,1,1,2025-08-30
12762,location 775,0,severity_type 1,resource_type 8,2,2,2,2,16,8.0,14,2,2025-09-28
16063,location 584,0,severity_type 1,resource_type 8,1,1,2,2,5,2.5,4,1,2025-09-16
10068,location 808,0,severity_type 1,resource_type 8,2,2,4,4,25,6.25,19,1,2025-01-28
14462,location 1010,0,severity_type 1,resource_type 8,1,1,2,2,4,2.0,2,2,2025-09-14
7769,location 653,2,severity_type 1,resource_type 8,2,2,4,4,52,13.0,28,4,2025-09-24
1942,location 640,0,severity_type 4,resource_type 2,1,1,1,1,2,2.0,2,2,2025-03-08
13864,location 1049,0,severity_type 2,resource_type 8,1,1,1,1,1,1.0,1,1,2025-11-06
9023,location 1073,0,severity_type 2,resource_type 8,1,1,2,2,2,1.0,1,1,2025-07-11
6273,location 994,0,severity_type 1,resource_type 8,1,1,2,2,4,2.0,2,2,2025-06-22
16816,location 816,1,severity_type 2,resource_type 7,4,4,4,4,5,1.25,2,1,2025-09-21
8142,location 809,0,severity_type 1,resource_type 8,2,2,2,2,6,3.0,4,2,2025-07-06
2835,location 126,0,severity_type 2,resource_type 2,2,2,8,8,46,5.75,9,3,2025-07-18
12153,location 976,1,severity_type 1,resource_type 8,2,2,4,4,17,4.25,8,1,2025-04-24
14395,location 159,0,severity_type 1,resource_type 2,2,2,7,7,7,1.0,1,1,2025-12-05
13885,location 562,1,severity_type 1,resource_type 2,2,2,4,4,10,2.5,4,1,2025-12-20
3207,location 491,0,severity_type 2,resource_type 2,2,2,2,2,5,2.5,3,2,2025-02-17
16925,location 840,2,severity_type 1,resource_type 8,1,1,3,3,13,4.333333333333333,10,1,2025-09-25
12054,location 825,1,severity_type 1,resource_type 8,2,2,2,2,11,5.5,6,5,2025-01-09
12325,location 88,1,severity_type 1,resource_type 2,1,1,2,2,4,2.0,2,2,2025-05-15
10614,location 834,1,severity_type 2,resource_type 8,1,1,2,2,10,5.0,8,2,2025-12-21
6126,location 508,0,severity_type 2,resource_type 2,2,2,2,2,33,16.5,20,13,2025-03-05
16296,location 805,0,severity_type 1,resource_type 8,2,2,5,5,7,1.4,2,1,2025-05-18
17564,location 496,0,severity_type 2,resource_type 2,2,2,9,9,133,14.77777777777778,47,1,2025-03-22
4443,location 514,0,severity_type 2,resource_type 2,2,2,2,2,475,237.5,263,212,2025-09-23
1824,location 800,0,severity_type 1,resource_type 8,1,1,2,2,2,1.0,1,1,2025-06-19
5393,location 670,1,severity_type 1,resource_type 8,1,1,4,4,18,4.5,8,1,2025-08-05
2217,location 793,0,severity_type 1,resource_type 8,1,1,2,2,34,17.0,25,9,2025-12-11
8732,location 124,0,severity_type 2,resource_type 2,2,2,6,6,30,5.0,6,4,2025-07-10
4391,location 506,0,severity_type 2,resource_type 2,2,2,4,4,89,22.25,48,2,2025-09-25
2148,location 613,1,severity_type 1,resource_type 8,2,2,2,2,13,6.5,10,3,2025-02-05
9154,location 300,1,severity_type 2,resource_type 2,2,2,2,2,4,2.0,2,2,2025-03-20
2516,location 823,0,severity_type 1,resource_type 8,2,2,3,3,104,34.666666666666664,61,6,2025-12-12
840,location 88,1,severity_type 4,resource_type 3,1,1,2,2,2,1.0,1,1,2025-11-10
3263,location 418,1,severity_type 2,resource_type 2,2,2,2,2,3,1.5,2,1,2025-08-28
10571,location 793,0,severity_type 1,resource_type 8,1,1,2,2,81,40.5,53,28,2025-05-19
17342,location 1042,0,severity_type 2,resource_type 8,1,1,1,1,6,6.0,6,6,2025-03-14
5785,location 102,0,severity_type 2,resource_type 2,2,2,8,8,54,6.75,16,1,2025-11-07
17305,location 641,0,severity_type 1,resource_type 2,2,2,4,4,6,1.5,2,1,2025-10-14
5172,location 169,0,severity_type 4,resource_type 2,1,1,1,1,6,6.0,6,6,2025-03-30
196,location 782,0,severity_type 1,resource_type 8,1,1,2,2,4,2.0,2,2,2025-08-04
5483,location 470,0,severity_type 2,resource_type 2,2,2,4,4,10,2.5,4,1,2025-08-14
9974,location 773,0,severity_type 2,resource_type 8,1,1,3,3,7,2.333333333333333,4,1,2025-06-24
5310,location 834,1,severity_type 1,resource_type 8,2,2,3,3,13,4.333333333333333,10,1,2025-12-05
16001,location 254,0,severity_type 2,resource_type 2,2,2,4,4,4,1.0,1,1,2025-02-15
679,location 734,1,severity_type 1,resource_type 8,2,2,3,3,24,8.0,21,1,2025-04-05
16485,location 244,0,severity_type 2,resource_type 2,2,2,2,2,42,21.0,22,20,2025-02-04
9054,location 296,0,severity_type 2,resource_type 2,2,2,2,2,9,4.5,5,4,2025-09-10
11446,location 1097,1,severity_type 1,resource_type 8,1,1,2,2,5,2.5,3,2,2025-08-24
16975,location 284,1,severity_type 1,resource_type 2,1,1,2,2,2,1.0,1,1,2025-12-27
11155,location 91,0,severity_type 2,resource_type 2,2,2,8,8,159,19.875,52,1,2025-07-17
16921,location 766,0,severity_type 1,resource_type 2,1,1,2,2,2,1.0,1,1,2025-02-24
5784,location 1019,2,severity_type 1,resource_type 1,5,5,8,8,132,16.5,64,1,2025-06-14
11599,location 803,1,severity_type 1,resource_type 8,1,1,2,2,2,1.0,1,1,2025-02-02
13808,location 1052,2,severity_type 2,resource_type 8,1,1,4,4,18,4.5,9,1,2025-09-02
17682,location 325,0,severity_type 2,resource_type 2,2,2,3,3,3,1.0,1,1,2025-09-04
5609,location 1100,2,severity_type 1,resource_type 8,2,2,5,5,72,14.4,57,1,2025-11-10
15004,location 181,1,severity_type 2,resource_type 2,1,1,2,2,2,1.0,1,1,2025-05-05
5030,location 1042,2,severity_type 2,resource_type 8,1,1,2,2,14,7.0,8,6,2025-04-24
18449,location 173,0,severity_type 4,resource_type 2,1,1,2,2,2,1.0,1,1,2025-01-27
17370,location 866,2,severity_type 1,resource_type 8,1,1,8,8,44,5.5,17,1,2025-06-01
11689,location 310,0,severity_type 2,resource_type 2,2,2,2,2,2,1.0,1,1,2025-06-23
13460,location 945,1,severity_type 1,resource_type 8,1,1,2,2,6,3.0,4,2,2025-10-03
18527,location 135,1,severity_type 1,resource_type 2,3,3,6,6,7,1.1666666666666667,2,1,2025-10-03
1071,location 445,0,severity_type 2,resource_type 2,2,2,2,2,6,3.0,3,3,2025-02-21
14536,location 984,1,severity_type 1,resource_type 6,3,3,2,2,5,2.5,4,1,2025-04-15
444,location 326,1,severity_type 2,resource_type 2,2,2,4,4,8,2.0,3,1,2025-07-06
17240,location 1100,2,severity_type 1,resource_type 8,2,2,5,5,114,22.8,78,2,2025-05-03
1444,location 1052,1,severity_type 1,resource_type 8,2,2,4,4,9,2.25,3,1,2025-01-10
4903,location 457,0,severity_type 2,resource_type 2,2,2,8,8,86,10.75,26,1,2025-11-05
8831,location 1008,0,severity_type 2,resource_type 8,1,1,2,2,60,30.0,57,3,2025-09-24
15613,location 653,0,severity_type 1,resource_type 8,2,2,4,4,69,17.25,46,3,2025-07-09
15681,location 707,0,severity_type 2,resource_type 9,2,2,3,3,4,1.3333333333333333,2,1,2025-04-26
15917,location 91,0,severity_type 2,resource_type 2,2,2,2,2,478,239.0,270,208,2025-11-04
13650,location 732,0,severity_type 1,resource_type 8,1,1,2,2,6,3.0,3,3,2025-01-13
15137,location 149,0,severity_type 2,resource_type 2,2,2,5,5,5,1.0,1,1,2025-06-12
15071,location 943,1,severity_type 1,resource_type 8,2,2,3,3,9,3.0,4,2,2025-10-20
17838,location 481,0,severity_type 2,resource_type 2,2,2,4,4,111,27.75,29,27,2025-12-14
16197,location 891,0,severity_type 1,resource_type 8,1,1,2,2,25,12.5,14,11,2025-04-02
11374,location 893,0,severity_type 1,resource_type 2,4,4,7,7,63,9.0,15,1,2025-08-26
6729,location 894,0,severity_type 1,resource_type 2,3,3,6,6,33,5.5,8,1,2025-03-11
1678,location 120,0,severity_type 4,resource_type 2,1,1,2,2,2,1.0,1,1,2025-02-12
13983,location 505,0,severity_type 2,resource_type 2,2,2,5,5,146,29.2,71,2,2025-05-09
489,location 72,1,severity_type 2,resource_type 8,1,1,2,2,2,1.0,1,1,2025-11-20
7677,location 418,0,severity_type 4,resource_type 2,1,1,1,1,4,4.0,4,4,2025-09-09
9002,location 925,0,severity_type 1,resource_type 8,1,1,3,3,10,3.333333333333333,8,1,2025-06-28
4511,location 646,1,severity_type 1,resource_type 8,1,1,3,3,7,2.333333333333333,3,1,2025-04-14
15976,location 1091,0,severity_type 1,resource_type 8,3,3,4,4,4,1.0,1,1,2025-02-21
7573,location 797,1,severity_type 1,resource_type 8,1,1,6,6,18,3.0,7,1,2025-04-09
14009,location 376,0,severity_type 4,resource_type 2,1,1,1,1,1,1.0,1,1,2025-02-25
1749,location 641,1,severity_type 1,resource_type 2,1,1,2,2,3,1.5,2,1,2025-03-10
14680,location 1075,0,severity_type 2,resource_type 8,1,1,1,1,12,12.0,12,12,2025-09-08
17897,location 475,0,severity_type 2,resource_type 2,2,2,2,2,47,23.5,24,23,2025-02-18
12479,location 1107,1,severity_type 1,resource_type 8,2,2,4,4,14,3.5,4,3,2025-01-18
10638,location 527,0,severity_type 2,resource_type 2,1,1,1,1,1,1.0,1,1,2025-07-17
8693,location 892,0,severity_type 1,resource_type 2,2,2,4,4,100,25.0,95,1,2025-04-15
8335,location 684,2,severity_type 1,resource_type 8,2,2,3,3,85,28.33333333333333,46,1,2025-06-15
9836,location 957,0,severity_type 2,resource_type 8,1,1,2,2,3,1.5,2,1,2025-02-21
213,location 497,0,severity_type 2,resource_type 2,2,2,4,4,406,101.5,154,66,2025-03-18
207,location 506,0,severity_type 2,resource_type 2,2,2,4,4,233,58.25,123,3,2025-06-10
8368,location 1053,0,severity_type 2,resource_type 8,1,1,1,1,2,2.0,2,2,2025-09-09
14328,location 704,2,severity_type 1,resource_type 8,2,2,3,3,33,11.0,19,1,2025-06-01
1803,location 1023,0,severity_type 2,resource_type 8,1,1,1,1,2,2.0,2,2,2025-07-17
3962,location 506,0,severity_type 2,resource_type 2,2,2,4,4,33,8.25,18,1,2025-07-10
5825,location 122,0,severity_type 2,resource_type 2,2,2,8,8,40,5.0,12,1,2025-04-09
4676,location 161,0,severity_type 4,resource_type 2,1,1,1,1,2,2.0,2,2,2025-04-13
7467,location 518,0,severity_type 2,resource_type 2,2,2,5,5,21,4.2,8,1,2025-06-05
5721,location 495,0,severity_type 2,resource_type 2,2,2,17,17,380,22.352941176470587,98,1,2025-01-12
9589,location 734,1,severity_type 1,resource_type 8,2,2,4,4,20,5.0,10,2,2025-09-08
5320,location 1019,2,severity_type 1,resource_type 8,2,2,4,4,75,18.75,64,1,2025-08-13
8972,location 998,0,severity_type 1,resource_type 8,1,1,4,4,12,3.0,5,1,2025-04-22
5417,location 918,1,severity_type 1,resource_type 8,1,1,2,2,5,2.5,4,1,2025-05-17
4487,location 938,0,severity_type 1,resource_type 8,1,1,2,2,26,13.0,14,12,2025-04-30
16035,location 152,0,severity_type 4,resource_type 2,1,1,1,1,2,2.0,2,2,2025-08-26
14132,location 102,0,severity_type 4,resource_type 2,1,1,4,4,4,1.0,1,1,2025-10-05
16266,location 122,0,severity_type 2,resource_type 2,2,2,6,6,16,2.6666666666666665,4,1,2025-02-09
12742,location 280,1,severity_type 2,resource_type 2,2,2,4,4,4,1.0,1,1,2025-05-31
12998,location 288,0,severity_type 2,resource_type 2,2,2,2,2,4,2.0,2,2,2025-01-06
8328,location 953,0,severity_type 1,resource_type 2,1,1,2,2,2,1.0,1,1,2025-06-15
11923,location 350,1,severity_type 2,resource_type 2,2,2,3,3,3,1.0,1,1,2025-04-01
5371,location 704,1,severity_type 2,resource_type 8,1,1,2,2,4,2.0,2,2,2025-05-03
15099,location 1019,0,severity_type 2,resource_type 8,1,1,1,1,1,1.0,1,1,2025-06-16
15237,location 33,1,severity_type 5,resource_type 3,1,1,3,3,3,1.0,1,1,2025-04-29
15134,location 1061,0,severity_type 1,resource_type 8,2,2,3,3,12,4.0,8,2,2025-05-24
6162,location 821,2,severity_type 1,resource_type 8,2,2,4,4,23,5.75,13,1,2025-10-07
16660,location 1099,0,severity_type 1,resource_type 8,1,1,1,1,1,1.0,1,1,2025-10-23
14687,location 742,0,severity_type 1,resource_type 8,3,3,5,5,717,143.4,349,1,2025-01-03
8488,location 826,2,severity_type 1,resource_type 8,2,2,1,1,4,4.0,4,4,2025-05-18
624,location 165,1,severity_type 2,resource_type 2,1,1,2,2,2,1.0,1,1,2025-11-06
14426,location 793,0,severity_type 1,resource_type 8,1,1,2,2,15,7.5,11,4,2025-07-13
7855,location 834,2,severity_type 1,resource_type 8,2,2,3,3,36,12.0,20,2,2025-03-16
12538,location 976,1,severity_type 2,resource_type 8,1,1,2,2,6,3.0,4,2,2025-08-05
10795,location 810,2,severity_type 2,resource_type 8,1,1,5,5,41,8.2,20,1,2025-02-22
13979,location 533,0,severity_type 4,resource_type 3,2,2,3,3,5,1.6666666666666667,2,1,2025-01-08
6465,location 800,0,severity_type 1,resource_type 8,1,1,2,2,6,3.0,4,2,2025-08-19
5648,location 292,0,severity_type 2,resource_type 2,2,2,4,4,12,3.0,4,1,2025-07-08
11932,location 338,0,severity_type 4,resource_type 2,1,1,2,2,2,1.0,1,1,2025-10-04
9048,location 957,2,severity_type 2,resource_type 8,1,1,2,2,8,4.0,4,4,2025-05-06
13340,location 810,0,severity_type 1,resource_type 8,2,2,4,4,21,5.25,8,3,2025-11-08
477,location 1042,1,severity_type 2,resource_type 8,1,1,2,2,25,12.5,23,2,2025-06-03
5989,location 1075,2,severity_type 1,resource_type 8,3,3,4,4,14,3.5,8,1,2025-09-27
13341,location 102,0,severity_type 2,resource_type 2,2,2,4,4,24,6.0,6,6,2025-02-06
3063,location 653,2,severity_type 1,resource_type 8,2,2,4,4,260,65.0,170,8,2025-02-05
8427,location 126,0,severity_type 2,resource_type 2,2,2,8,8,16,2.0,3,1,2025-10-13
4573,location 664,0,severity_type 1,resource_type 8,1,1,2,2,3,1.5,2,1,2025-11-01
8371,location 830,2,severity_type 1,resource_type 8,1,1,4,4,7,1.75,3,1,2025-12-10
18203,location 798,0,severity_type 2,resource_type 8,1,1,1,1,6,6.0,6,6,2025-04-29
14179,location 836,0,severity_type 2,resource_type 8,1,1,2,2,9,4.5,5,4,2025-01-09
11179,location 1107,0,severity_type 1,resource_type 8,2,2,3,3,31,10.333333333333334,22,2,2025-12-24
1107,location 1107,1,severity_type 1,resource_type 8,2,2,4,4,36,9.0,28,2,2025-08-08
4261,location 443,0,severity_type 1,resource_type 2,2,2,2,2,2,1.0,1,1,2025-04-01
5280,location 1,1,severity_type 1,resource_type 8,2,2,4,4,13,3.25,6,1,2025-10-06
11386,location 356,0,severity_type 2,resource_type 2,2,2,6,6,6,1.0,1,1,2025-11-26
8288,location 1061,1,severity_type 2,resource_type 8,1,1,2,2,6,3.0,5,1,2025-04-14
16576,location 853,1,severity_type 2,resource_type 8,1,1,2,2,2,1.0,1,1,2025-10-08
3857,location 834,2,severity_type 1,resource_type 8,2,2,2,2,24,12.0,15,9,2025-10-15
16583,location 348,0,severity_type 1,resource_type 2,2,2,3,3,4,1.3333333333333333,2,1,2025-07-03
17339,location 234,1,severity_type 1,resource_type 8,2,2,2,2,3,1.5,2,1,2025-08-19
15194,location 283,0,severity_type 2,resource_type 2,2,2,2,2,4,2.0,3,1,2025-04-09
10161,location 1007,0,severity_type 1,resource_type 2,2,2,1,1,1,1.0,1,1,2025-12-06
11737,location 615,0,severity_type 1,resource_type 2,2,2,6,6,112,18.666666666666668,42,2,2025-12-25
17252,location 118,0,severity_type 2,resource_type 2,2,2,2,2,41,20.5,22,19,2025-12-25
17424,location 402,1,severity_type 2,resource_type 2,2,2,6,6,8,1.3333333333333333,2,1,2025-09-27
5764,location 629,0,severity_type 1,resource_type 2,1,1,2,2,2,1.0,1,1,2025-01-16
11686,location 945,1,severity_type 1,resource_type 8,2,2,3,3,8,2.6666666666666665,4,1,2025-05-14
17187,location 798,1,severity_type 2,resource_type 8,1,1,2,2,49,24.5,32,17,2025-06-12
5169,location 1099,0,severity_type 1,resource_type 8,1,1,4,4,9,2.25,4,1,2025-12-17
3760,location 899,0,severity_type 1,resource_type 2,3,3,5,5,6,1.2,2,1,2025-07-19
16116,location 126,0,severity_type 2,resource_type 2,2,2,7,7,28,4.0,6,2,2025-07-15
5121,location 236,0,severity_type 1,resource_type 8,2,2,4,4,5,1.25,2,1,2025-02-23
14038,location 973,0,severity_type 1,resource_type 2,1,1,1,1,1,1.0,1,1,2025-10-17
17034,location 102,0,severity_type 2,resource_type 2,2,2,12,12,22,1.8333333333333333,3,1,2025-05-03
16965,location 734,1,severity_type 1,resource_type 8,3,3,4,4,38,9.5,20,1,2025-02-03
16946,location 497,0,severity_type 2,resource_type 2,2,2,7,7,395,56.42857142857143,171,1,2025-12-27
3842,location 1027,0,severity_type 1,resource_type 2,1,1,1,1,1,1.0,1,1,2025-03-11
6978,location 149,0,severity_type 2,resource_type 2,2,2,6,6,137,22.83333333333333,40,9,2025-01-06
15292,location 498,0,severity_type 2,resource_type 2,2,2,10,10,164,16.4,48,1,2025-01-29
14428,location 499,0,severity_type 2,resource_type 2,2,2,3,3,7,2.333333333333333,3,2,2025-06-15
13698,location 810,1,severity_type 1,resource_type 8,2,2,4,4,16,4.0,13,1,2025-02-07
15951,location 734,2,severity_type 1,resource_type 8,2,2,6,6,83,13.833333333333334,46,2,2025-11-04
7283,location 222,0,severity_type 2,resource_type 2,2,2,4,4,4,1.0,1,1,2025-07-07
9362,location 400,1,severity_type 1,resource_type 2,3,3,4,4,5,1.25,2,1,2025-04-29
16942,location 155,0,severity_type 1,resource_type 2,3,3,5,5,26,5.2,12,1,2025-01-02
13751,location 767,0,severity_type 1,resource_type 6,2,2,2,2,5,2.5,3,2,2025-06-25
7796,location 416,1,severity_type 2,resource_type 2,2,2,2,2,4,2.0,3,1,2025-02-25
12090,location 921,1,severity_type 2,resource_type 8,1,1,2,2,34,17.0,32,2,2025-12-23
10721,location 1042,1,severity_type 2,resource_type 8,1,1,2,2,12,6.0,10,2,2025-04-17
16151,location 704,0,severity_type 2,resource_type 8,1,1,4,4,4,1.0,1,1,2025-06-23
16089,location 721,2,severity_type 1,resource_type 8,1,1,3,3,18,6.0,9,1,2025-01-07
15350,location 1018,0,severity_type 2,resource_type 8,1,1,1,1,1,1.0,1,1,2025-02-17
3119,location 509,0,severity_type 2,resource_type 2,2,2,3,3,13,4.333333333333333,9,2,2025-03-17
7503,location 1010,1,severity_type 1,resource_type 8,1,1,3,3,12,4.0,5,2,2025-01-19
15878,location 601,0,severity_type 4,resource_type 8,2,2,1,1,1,1.0,1,1,2025-09-22
6098,location 504,0,severity_type 4,resource_type 2,1,1,1,1,1,1.0,1,1,2025-12-12
14995,location 147,1,severity_type 2,resource_type 2,2,2,2,2,2,1.0,1,1,2025-12-26
8036,location 1014,0,severity_type 1,resource_type 6,1,1,2,2,2,1.0,1,1,2025-04-08
3772,location 613,0,severity_type 2,resource_type 8,2,2,2,2,7,3.5,4,3,2025-10-15
5304,location 1019,1,severity_type 2,resource_type 8,1,1,2,2,10,5.0,8,2,2025-07-03
6598,location 496,0,severity_type 2,resource_type 2,2,2,13,13,294,22.615384615384617,86,1,2025-01-17
8600,location 91,0,severity_type 2,resource_type 2,2,2,4,4,6,1.5,2,1,2025-02-03
8947,location 818,1,severity_type 1,resource_type 8,1,1,4,4,106,26.5,51,1,2025-07-19
4254,location 1018,0,severity_type 1,resource_type 8,2,2,4,4,5,1.25,2,1,2025-06-04
1441,location 549,0,severity_type 1,resource_type 8,3,3,4,4,16,4.0,7,1,2025-01-04
6448,location 475,0,severity_type 2,resource_type 2,2,2,2,2,4,2.0,3,1,2025-12-06
16374,location 460,0,severity_type 2,resource_type 2,2,2,6,6,12,2.0,4,1,2025-09-24
17841,location 763,0,severity_type 2,resource_type 8,1,1,3,3,7,2.333333333333333,3,2,2025-07-03
15895,location 889,0,severity_type 1,resource_type 2,1,1,1,1,1,1.0,1,1,2025-12-27
13025,location 250,0,severity_type 2,resource_type 2,2,2,2,2,2,1.0,1,1,2025-12-21
1271,location 410,0,severity_type 4,resource_type 2,1,1,2,2,2,1.0,1,1,2025-12-22
4285,location 102,0,severity_type 2,resource_type 2,2,2,4,4,11,2.75,5,1,2025-04-05
18395,location 846,0,severity_type 2,resource_type 8,1,1,2,2,28,14.0,20,8,2025-11-18
938,location 1107,2,severity_type 2,resource_type 8,1,1,2,2,3,1.5,2,1,2025-07-04
15310,location 909,0,severity_type 1,resource_type 6,2,2,3,3,3,1.0,1,1,2025-09-23
10601,location 488,0,severity_type 2,resource_type 2,2,2,6,6,41,6.833333333333333,20,1,2025-11-10
11739,location 95,0,severity_type 2,resource_type 2,2,2,4,4,36,9.0,10,8,2025-03-01
8799,location 505,0,severity_type 2,resource_type 2,2,2,6,6,146,24.33333333333333,72,1,2025-06-13
11306,location 494,0,severity_type 2,resource_type 2,2,2,6,6,221,36.833333333333336,74,7,2025-02-17
9682,location 815,1,severity_type 1,resource_type 8,1,1,3,3,44,14.666666666666666,19,7,2025-04-13
4410,location 445,0,severity_type 2,resource_type 2,2,2,2,2,30,15.0,15,15,2025-05-31
3035,location 1088,1,severity_type 1,resource_type 6,2,2,2,2,4,2.0,2,2,2025-11-09
12839,location 705,1,severity_type 1,resource_type 8,1,1,2,2,2,1.0,1,1,2025-11-11
9887,location 469,0,severity_type 2,resource_type 2,2,2,11,11,212,19.272727272727277,33,2,2025-05-23
10320,location 357,0,severity_type 2,resource_type 2,1,1,2,2,2,1.0,1,1,2025-05-01
7048,location 447,1,severity_type 1,resource_type 2,3,3,7,7,17,2.4285714285714284,5,1,2025-07-13
15494,location 1,0,severity_type 1,resource_type 8,2,2,2,2,3,1.5,2,1,2025-11-29
18463,location 229,1,severity_type 1,resource_type 2,2,2,5,5,5,1.0,1,1,2025-12-23
8406,location 877,0,severity_type 1,resource_type 9,2,2,2,2,6,3.0,3,3,2025-03-24
5192,location 881,0,severity_type 1,resource_type 2,4,4,3,3,3,1.0,1,1,2025-03-10
6516,location 469,0,severity_type 2,resource_type 2,2,2,18,18,129,7.166666666666667,30,2,2025-09-15
5909,location 638,1,severity_type 1,resource_type 2,2,2,4,4,10,2.5,3,2,2025-04-21
92,location 600,0,severity_type 2,resource_type 8,1,1,1,1,12,12.0,12,12,2025-03-14
2624,location 855,0,severity_type 2,resource_type 8,1,1,2,2,2,1.0,1,1,2025-01-12
1434,location 512,0,severity_type 4,resource_type 2,1,1,1,1,1,1.0,1,1,2025-05-28
68,location 684,2,severity_type 2,resource_type 8,1,1,4,4,104,26.0,74,1,2025-05-24
10207,location 756,1,severity_type 1,resource_type 8,2,2,2,2,2,1.0,1,1,2025-07-25
10145,location 91,0,severity_type 2,resource_type 2,2,2,4,4,14,3.5,7,1,2025-03-15
11694,location 1031,1,severity_type 1,resource_type 8,1,1,2,2,12,6.0,6,6,2025-09-18
7845,location 923,0,severity_type 2,resource_type 8,1,1,1,1,1,1.0,1,1,2025-09-06
14711,location 793,0,severity_type 1,resource_type 8,1,1,2,2,97,48.5,76,21,2025-06-18
7600,location 603,0,severity_type 1,resource_type 8,4,4,6,6,13,2.1666666666666665,6,1,2025-03-08
14338,location 289,0,severity_type 2,resource_type 2,2,2,2,2,4,2.0,2,2,2025-07-05
15136,location 324,0,severity_type 2,resource_type 2,2,2,4,4,4,1.0,1,1,2025-09-04
5910,location 156,0,severity_type 2,resource_type 2,2,2,2,2,10,5.0,5,5,2025-05-17
15381,location 1008,2,severity_type 2,resource_type 8,1,1,3,3,93,31.0,60,4,2025-04-07
4142,location 957,0,severity_type 1,resource_type 2,2,2,1,1,2,2.0,2,2,2025-07-04
17310,location 232,0,severity_type 4,resource_type 2,1,1,1,1,1,1.0,1,1,2025-05-10
14481,location 326,0,severity_type 2,resource_type 2,2,2,2,2,2,1.0,1,1,2025-05-27
12224,location 810,0,severity_type 2,resource_type 8,1,1,2,2,8,4.0,4,4,2025-05-08
13578,location 1042,0,severity_type 2,resource_type 8,1,1,1,1,16,16.0,16,16,2025-04-21
17276,location 469,0,severity_type 2,resource_type 2,2,2,5,5,106,21.2,51,2,2025-09-19
17357,location 706,2,severity_type 1,resource_type 8,1,1,1,1,3,3.0,3,3,2025-06-17
12718,location 507,0,severity_type 2,resource_type 2,2,2,2,2,10,5.0,5,5,2025-06-20
14878,location 936,1,severity_type 1,resource_type 2,2,2,3,3,4,1.3333333333333333,2,1,2025-08-27
14085,location 392,1,severity_type 1,resource_type 8,1,1,1,1,1,1.0,1,1,2025-05-12
14169,location 735,0,severity_type 1,resource_type 8,1,1,1,1,3,3.0,3,3,2025-02-06
1666,location 1008,0,severity_type 2,resource_type 8,1,1,1,1,1,1.0,1,1,2025-11-08
12018,location 242,0,severity_type 2,resource_type 2,2,2,2,2,13,6.5,7,6,2025-01-21
11352,location 1019,2,severity_type 1,resource_type 2,2,2,4,4,10,2.5,4,1,2025-07-28
16698,location 955,0,severity_type 2,resource_type 8,1,1,2,2,3,1.5,2,1,2025-04-08
2415,location 290,0,severity_type 4,resource_type 2,1,1,1,1,1,1.0,1,1,2025-03-20
4429,location 846,0,severity_type 2,resource_type 8,1,1,1,1,12,12.0,12,12,2025-01-16
9504,location 695,2,severity_type 1,resource_type 8,1,1,2,2,6,3.0,4,2,2025-11-25
6887,location 925,2,severity_type 1,resource_type 8,2,2,8,8,70,8.75,36,1,2025-06-06
2220,location 818,1,severity_type 1,resource_type 8,1,1,2,2,14,7.0,7,7,2025-05-06
5345,location 734,2,severity_type 1,resource_type 2,2,2,4,4,88,22.0,45,4,2025-09-28
13891,location 491,0,severity_type 2,resource_type 2,2,2,8,8,126,15.75,31,2,2025-01-15
269,location 891,0,severity_type 2,resource_type 8,1,1,1,1,1,1.0,1,1,2025-07-26
10783,location 1019,0,severity_type 2,resource_type 8,1,1,1,1,8,8.0,8,8,2025-06-30
18086,location 135,0,severity_type 2,resource_type 2,2,2,2,2,6,3.0,4,2,2025-07-22
17082,location 1094,0,severity_type 1,resource_type 8,1,1,2,2,2,1.0,1,1,2025-02-15
99,location 149,0,severity_type 2,resource_type 2,2,2,6,6,254,42.333333333333336,124,2,2025-12-14
10529,location 353,0,severity_type 2,resource_type 2,2,2,4,4,8,2.0,2,2,2025-03-29
505,location 834,0,severity_type 2,resource_type 8,1,1,1,1,14,14.0,14,14,2025-09-05
9778,location 1017,1,severity_type 1,resource_type 8,1,1,2,2,2,1.0,1,1,2025-09-30
17908,location 921,0,severity_type 2,resource_type 8,1,1,2,2,7,3.5,6,1,2025-05-06
6523,location 496,0,severity_type 2,resource_type 2,2,2,4,4,58,14.5,24,5,2025-02-17
11896,location 1019,1,severity_type 2,resource_type 8,1,1,4,4,19,4.75,9,2,2025-04-19
15469,location 977,1,severity_type 5,resource_type 9,1,1,1,1,1,1.0,1,1,2025-10-22
2383,location 925,0,severity_type 1,resource_type 8,1,1,6,6,136,22.666666666666668,85,1,2025-11-27
2219,location 1038,1,severity_type 1,resource_type 8,1,1,2,2,2,1.0,1,1,2025-12-08
3812,location 427,1,severity_type 2,resource_type 2,2,2,4,4,11,2.75,5,1,2025-03-24
1681,location 752,0,severity_type 1,resource_type 2,1,1,1,1,1,1.0,1,1,2025-08-10
2846,location 382,0,severity_type 2,resource_type 2,2,2,2,2,3,1.5,2,1,2025-02-25
12117,location 763,2,severity_type 2,resource_type 8,1,1,2,2,73,36.5,50,23,2025-09-17
5295,location 921,1,severity_type 2,resource_type 8,1,1,2,2,14,7.0,12,2,2025-06-01
9377,location 793,0,severity_type 2,resource_type 8,1,1,2,2,19,9.5,18,1,2025-09-18
1500,location 1101,0,severity_type 1,resource_type 8,1,1,1,1,2,2.0,2,2,2025-09-08
16192,location 1042,1,severity_type 2,resource_type 8,1,1,2,2,11,5.5,6,5,2025-12-29
15840,location 488,0,severity_type 1,resource_type 2,2,2,5,5,19,3.8,8,1,2025-06-28
8133,location 242,0,severity_type 2,resource_type 2,2,2,6,6,211,35.166666666666664,50,9,2025-05-05
4323,location 1046,1,severity_type 1,resource_type 6,2,2,4,4,11,2.75,4,1,2025-07-12
9754,location 644,1,severity_type 1,resource_type 2,2,2,2,2,416,208.0,209,207,2025-03-01
6346,location 1107,2,severity_type 1,resource_type 8,2,2,4,4,149,37.25,66,18,2025-02-10
10709,location 317,0,severity_type 2,resource_type 2,2,2,4,4,10,2.5,3,2,2025-07-09
14281,location 1097,1,severity_type 1,resource_type 8,1,1,1,1,1,1.0,1,1,2025-10-29
462,location 1008,1,severity_type 1,resource_type 8,2,2,6,6,32,5.333333333333333,13,1,2025-07-14
5272,location 1030,0,severity_type 1,resource_type 8,1,1,3,3,9,3.0,7,1,2025-10-13
10814,location 883,0,severity_type 2,resource_type 8,1,1,1,1,1,1.0,1,1,2025-03-06
9608,location 485,0,severity_type 2,resource_type 2,2,2,2,2,7,3.5,4,3,2025-06-14
732,location 909,0,severity_type 2,resource_type 8,2,2,1,1,2,2.0,2,2,2025-08-12
17266,location 298,0,severity_type 2,resource_type 2,2,2,4,4,5,1.25,2,1,2025-05-07
6712,location 912,1,severity_type 1,resource_type 8,1,1,2,2,2,1.0,1,1,2025-01-06
7034,location 957,0,severity_type 1,resource_type 8,2,2,2,2,2,1.0,1,1,2025-01-27
11733,location 311,0,severity_type 2,resource_type 2,2,2,2,2,12,6.0,6,6,2025-12-05
682,location 455,0,severity_type 2,resource_type 2,2,2,2,2,14,7.0,7,7,2025-08-09
9040,location 1107,2,severity_type 1,resource_type 8,2,2,4,4,26,6.5,15,2,2025-04-07
260,location 653,0,severity_type 2,resource_type 8,1,1,2,2,12,6.0,8,4,2025-04-05
18057,location 653,0,severity_type 2,resource_type 8,1,1,3,3,9,3.0,5,1,2025-01-15
9473,location 494,0,severity_type 2,resource_type 2,2,2,12,12,47,3.9166666666666665,20,1,2025-12-11
84,location 745,1,severity_type 1,resource_type 8,2,2,2,2,4,2.0,3,1,2025-02-09
5039,location 457,0,severity_type 2,resource_type 2,2,2,6,6,63,10.5,25,1,2025-10-05
1247,location 1,0,severity_type 1,resource_type 8,2,2,4,4,7,1.75,3,1,2025-03-29
15796,location 122,0,severity_type 2,resource_type 2,2,2,3,3,6,2.0,3,1,2025-05-03
7912,location 1030,0,severity_type 1,resource_type 8,1,1,1,1,5,5.0,5,5,2025-04-10
2569,location 124,0,severity_type 2,resource_type 2,2,2,6,6,8,1.3333333333333333,2,1,2025-10-28
12306,location 282,0,severity_type 2,resource_type 2,2,2,2,2,6,3.0,3,3,2025-01-12
14311,location 816,1,severity_type 2,resource_type 4,5,5,3,3,3,1.0,1,1,2025-05-09
6174,location 507,0,severity_type 2,resource_type 2,2,2,2,2,73,36.5,37,36,2025-04-12
8991,location 12,1,severity_type 1,resource_type 8,1,1,2,2,11,5.5,7,4,2025-04-10
10080,location 808,0,severity_type 1,resource_type 8,2,2,2,2,22,11.0,14,8,2025-03-12
3337,location 613,1,severity_type 1,resource_type 8,3,3,4,4,38,9.5,20,2,2025-11-30
9044,location 496,0,severity_type 2,resource_type 2,2,2,4,4,24,6.0,10,2,2025-05-19
17170,location 508,0,severity_type 2,resource_type 2,2,2,2,2,38,19.0,19,19,2025-06-02
5298,location 1103,0,severity_type 1,resource_type 2,1,1,2,2,2,1.0,1,1,2025-05-21
15386,location 846,2,severity_type 2,resource_type 8,1,1,2,2,28,14.0,18,10,2025-12-24
16550,location 313,0,severity_type 2,resource_type 2,2,2,4,4,12,3.0,4,2,2025-05-04
992,location 579,0,severity_type 1,resource_type 8,1,1,2,2,6,3.0,3,3,2025-05-05
15463,location 771,0,severity_type 2,resource_type 8,1,1,1,1,4,4.0,4,4,2025-04-30
15327,location 805,0,severity_type 4,resource_type 8,1,1,1,1,2,2.0,2,2,2025-04-30
15067,location 995,0,severity_type 2,resource_type 8,1,1,2,2,10,5.0,9,1,2025-02-02
6479,location 475,0,severity_type 2,resource_type 2,2,2,2,2,29,14.5,18,11,2025-08-09
10300,location 478,0,severity_type 2,resource_type 2,2,2,4,4,42,10.5,19,2,2025-01-10
8480,location 881,0,severity_type 1,resource_type 7,2,2,4,4,4,1.0,1,1,2025-03-24
5777,location 147,0,severity_type 2,resource_type 2,2,2,3,3,3,1.0,1,1,2025-03-15
720,location 154,1,severity_type 2,resource_type 2,2,2,2,2,2,1.0,1,1,2025-04-17
9166,location 946,0,severity_type 1,resource_type 8,1,1,3,3,20,6.666666666666667,7,6,2025-10-04
4678,location 1034,0,severity_type 1,resource_type 8,1,1,2,2,8,4.0,5,3,2025-08-07
14739,location 864,1,severity_type 5,resource_type 9,1,1,1,1,2,2.0,2,2,2025-12-28
3261,location 16,1,severity_type 1,resource_type 8,1,1,2,2,2,1.0,1,1,2025-05-09
5115,location 91,0,severity_type 2,resource_type 2,2,2,2,2,23,11.5,12,11,2025-12-05
10246,location 735,0,severity_type 1,resource_type 8,1,1,2,2,5,2.5,3,2,2025-01-17
7298,location 836,0,severity_type 2,resource_type 8,1,1,2,2,4,2.0,2,2,2025-07-04
7697,location 126,0,severity_type 2,resource_type 2,2,2,8,8,55,6.875,17,1,2025-10-19
2689,location 814,0,severity_type 1,resource_type 8,1,1,2,2,19,9.5,12,7,2025-07-14
15416,location 223,0,severity_type 1,resource_type 2,3,3,3,3,3,1.0,1,1,2025-12-07
3902,location 9,0,severity_type 1,resource_type 8,2,2,2,2,7,3.5,4,3,2025-04-25
10179,location 91,0,severity_type 2,resource_type 2,2,2,6,6,162,27.0,58,2,2025-01-13
14812,location 894,0,severity_type 1,resource_type 2,3,3,6,6,30,5.0,7,1,2025-10-10
4120,location 745,0,severity_type 1,resource_type 8,3,3,2,2,9,4.5,7,2,2025-01-25
9946,location 1049,0,severity_type 1,resource_type 8,1,1,2,2,2,1.0,1,1,2025-10-07
16988,location 657,0,severity_type 2,resource_type 8,2,2,1,1,3,3.0,3,3,2025-09-25
7753,location 476,0,severity_type 2,resource_type 2,2,2,2,2,2,1.0,1,1,2025-11-05
1154,location 252,1,severity_type 1,resource_type 2,3,3,4,4,5,1.25,2,1,2025-06-24
959,location 1097,1,severity_type 1,resource_type 8,1,1,2,2,5,2.5,3,2,2025-11-23
8366,location 1008,1,severity_type 2,resource_type 8,1,1,4,4,25,6.25,8,5,2025-03-03
11225,location 72,1,severity_type 1,resource_type 8,1,1,2,2,7,3.5,5,2,2025-06-08
12183,location 490,0,severity_type 2,resource_type 2,2,2,4,4,7,1.75,3,1,2025-02-14
15451,location 613,0,severity_type 2,resource_type 8,1,1,4,4,12,3.0,8,1,2025-10-07
17615,location 792,0,severity_type 1,resource_type 2,1,1,1,1,1,1.0,1,1,2025-09-18
17100,location 476,0,severity_type 2,resource_type 2,2,2,12,12,30,2.5,4,1,2025-10-22
14001,location 812,0,severity_type 2,resource_type 8,1,1,2,2,2,1.0,1,1,2025-10-06
13162,location 1115,0,severity_type 1,resource_type 8,1,1,2,2,5,2.5,3,2,2025-04-23
16729,location 851,1,severity_type 1,resource_type 6,2,2,3,3,6,2.0,2,2,2025-01-25
17397,location 936,0,severity_type 4,resource_type 7,2,2,3,3,6,2.0,4,1,2025-12-06
3333,location 1100,2,severity_type 1,resource_type 8,2,2,2,2,93,46.5,70,23,2025-06-29
7147,location 242,0,severity_type 2,resource_type 2,2,2,6,6,346,57.66666666666666,78,40,2025-02-04
13483,location 496,0,severity_type 2,resource_type 2,2,2,6,6,109,18.166666666666668,26,9,2025-12-05
3878,location 810,1,severity_type 2,resource_type 8,2,2,2,2,11,5.5,10,1,2025-12-29
1617,location 481,0,severity_type 2,resource_type 2,2,2,4,4,90,22.5,24,21,2025-06-12
5493,location 1117,0,severity_type 1,resource_type 8,1,1,1,1,1,1.0,1,1,2025-10-09
2663,location 957,0,severity_type 1,resource_type 8,1,1,2,2,5,2.5,3,2,2025-01-14
7378,location 32,2,severity_type 1,resource_type 2,6,6,10,10,20,2.0,8,1,2025-02-04
10857,location 1019,1,severity_type 2,resource_type 8,1,1,4,4,40,10.0,22,1,2025-04-11
16023,location 118,0,severity_type 2,resource_type 2,2,2,2,2,32,16.0,17,15,2025-08-28
8189,location 526,0,severity_type 2,resource_type 2,2,2,4,4,7,1.75,3,1,2025-02-18
6827,location 800,0,severity_type 1,resource_type 8,1,1,2,2,3,1.5,2,1,2025-01-13
2070,location 808,0,severity_type 1,resource_type 8,1,1,2,2,2,1.0,1,1,2025-09-02
11476,location 504,0,severity_type 2,resource_type 2,2,2,2,2,36,18.0,20,16,2025-10-09
10560,location 373,0,severity_type 2,resource_type 2,2,2,2,2,7,3.5,4,3,2025-09-27
822,location 91,0,severity_type 2,resource_type 2,2,2,2,2,398,199.0,207,191,2025-10-19
14511,location 638,2,severity_type 1,resource_type 2,2,2,4,4,75,18.75,29,9,2025-10-21
3704,location 270,1,severity_type 2,resource_type 2,2,2,2,2,4,2.0,2,2,2025-08-08
12659,location 317,0,severity_type 1,resource_type 2,3,3,4,4,4,1.0,1,1,2025-07-09
7137,location 102,0,severity_type 2,resource_type 2,2,2,8,8,27,3.375,5,1,2025-11-09
17925,location 603,0,severity_type 4,resource_type 8,1,1,1,1,1,1.0,1,1,2025-05-08
28,location 889,0,severity_type 2,resource_type 8,1,1,1,1,2,2.0,2,2,2025-02-05
9394,location 45,0,severity_type 4,resource_type 2,1,1,1,1,1,1.0,1,1,2025-10-02
11380,location 396,1,severity_type 2,resource_type 2,2,2,2,2,2,1.0,1,1,2025-04-11
7514,location 149,1,severity_type 2,resource_type 2,2,2,2,2,4,2.0,2,2,2025-12-24
9306,location 906,1,severity_type 1,resource_type 8,1,1,2,2,6,3.0,4,2,2025-06-01
1409,location 723,0,severity_type 4,resource_type 8,1,1,1,1,1,1.0,1,1,2025-11-07
2749,location 769,0,severity_type 1,resource_type 8,1,1,1,1,2,2.0,2,2,2025-01-16
15541,location 962,1,severity_type 2,resource_type 8,1,1,2,2,6,3.0,4,2,2025-08-29
6121,location 369,0,severity_type 4,resource_type 2,1,1,4,4,4,1.0,1,1,2025-06-13
13996,location 236,1,severity_type 1,resource_type 8,3,3,4,4,4,1.0,1,1,2025-06-18
17922,location 890,0,severity_type 1,resource_type 8,1,1,1,1,2,2.0,2,2,2025-04-07
14744,location 226,1,severity_type 2,resource_type 2,2,2,4,4,4,1.0,1,1,2025-12-21
14372,location 300,1,severity_type 2,resource_type 2,2,2,2,2,3,1.5,2,1,2025-05-24
5464,location 1037,1,severity_type 1,resource_type 8,1,1,1,1,1,1.0,1,1,2025-11-07
11238,location 928,0,severity_type 1,resource_type 2,1,1,1,1,2,2.0,2,2,2025-06-05
11104,location 418,1,severity_type 2,resource_type 2,2,2,2,2,2,1.0,1,1,2025-01-18
16424,location 1097,0,severity_type 2,resource_type 8,1,1,2,2,8,4.0,4,4,2025-11-17
16659,location 415,0,severity_type 2,resource_type 2,2,2,5,5,13,2.6,3,1,2025-03-09
11018,location 475,0,severity_type 2,resource_type 2,2,2,4,4,63,15.75,36,3,2025-04-09
3457,location 157,0,severity_type 2,resource_type 2,2,2,2,2,19,9.5,10,9,2025-11-11
5047,location 805,0,severity_type 2,resource_type 8,1,1,2,2,2,1.0,1,1,2025-11-23
13020,location 478,0,severity_type 1,resource_type 2,3,3,9,9,34,3.7777777777777777,9,1,2025-12-01
1639,location 473,0,severity_type 2,resource_type 2,2,2,3,3,3,1.0,1,1,2025-06-05
922,location 790,1,severity_type 1,resource_type 2,2,2,4,4,6,1.5,3,1,2025-10-04
16079,location 972,1,severity_type 1,resource_type 8,1,1,2,2,2,1.0,1,1,2025-04-30
12889,location 755,0,severity_type 2,resource_type 8,1,1,2,2,3,1.5,2,1,2025-09-28
12681,location 551,2,severity_type 1,resource_type 8,1,1,3,3,24,8.0,21,1,2025-07-03
14278,location 644,0,severity_type 1,resource_type 2,2,2,2,2,2,1.0,1,1,2025-01-19
4327,location 485,0,severity_type 2,resource_type 2,2,2,2,2,44,22.0,24,20,2025-06-02
12098,location 599,0,severity_type 2,resource_type 8,1,1,1,1,9,9.0,9,9,2025-06-20
16095,location 618,2,severity_type 1,resource_type 8,1,1,1,1,1,1.0,1,1,2025-04-04
16796,location 16,1,severity_type 1,resource_type 8,1,1,2,2,4,2.0,2,2,2025-05-17
10432,location 895,1,severity_type 1,resource_type 2,3,3,5,5,19,3.8,5,2,2025-07-03
12469,location 945,0,severity_type 1,resource_type 8,1,1,2,2,3,1.5,2,1,2025-01-19
7423,location 1038,0,severity_type 1,resource_type 8,1,1,2,2,2,1.0,1,1,2025-02-25
15221,location 1120,1,severity_type 1,resource_type 8,1,1,7,7,46,6.571428571428571,12,1,2025-10-07
16446,location 488,0,severity_type 2,resource_type 2,2,2,3,3,42,14.0,20,2,2025-05-09
13252,location 830,2,severity_type 1,resource_type 8,1,1,3,3,21,7.0,10,1,2025-08-11
16281,location 149,0,severity_type 2,resource_type 2,2,2,5,5,7,1.4,2,1,2025-07-26
13071,location 655,0,severity_type 1,resource_type 8,2,2,2,2,4,2.0,2,2,2025-07-21
38,location 468,0,severity_type 2,resource_type 2,2,2,4,4,10,2.5,5,1,2025-05-31
80,location 194,0,severity_type 2,resource_type 8,1,1,1,1,3,3.0,3,3,2025-06-26
79,location 8,0,severity_type 1,resource_type 8,2,2,2,2,4,2.0,2,2,2025-10-28
8608,location 1052,2,severity_type 1,resource_type 2,2,2,4,4,34,8.5,24,2,2025-12-19
3189,location 1061,2,severity_type 2,resource_type 8,1,1,4,4,25,6.25,17,1,2025-04-04
1115,location 244,0,severity_type 2,resource_type 2,2,2,2,2,33,16.5,23,10,2025-09-02
6160,location 1019,0,severity_type 2,resource_type 8,1,1,2,2,16,8.0,12,4,2025-12-20
7840,location 133,0,severity_type 2,resource_type 2,2,2,5,5,13,2.6,4,1,2025-01-03
16401,location 980,1,severity_type 2,resource_type 8,1,1,2,2,3,1.5,2,1,2025-10-14
8641,location 638,1,severity_type 1,resource_type 2,2,2,4,4,86,21.5,41,2,2025-07-01
4383,location 315,0,severity_type 1,resource_type 2,1,1,1,1,1,1.0,1,1,2025-12-20
6803,location 1008,0,severity_type 2,resource_type 8,1,1,2,2,7,3.5,6,1,2025-07-31
43,location 300,0,severity_type 2,resource_type 2,2,2,6,6,12,2.0,3,1,2025-11-02
9528,location 1086,0,severity_type 2,resource_type 8,1,1,1,1,2,2.0,2,2,2025-03-02
6347,location 1066,0,severity_type 1,resource_type 6,3,3,4,4,4,1.0,1,1,2025-02-21
27,location 793,0,severity_type 1,resource_type 8,1,1,2,2,5,2.5,3,2,2025-12-05
13433,location 495,0,severity_type 2,resource_type 2,2,2,2,2,6,3.0,4,2,2025-07-12
8,location 243,0,severity_type 2,resource_type 2,2,2,6,6,16,2.6666666666666665,5,1,2025-07-23
3590,location 998,2,severity_type 1,resource_type 8,1,1,1,1,1,1.0,1,1,2025-03-04
4388,location 797,1,severity_type 1,resource_type 8,2,2,4,4,6,1.5,2,1,2025-03-24
131,location 621,1,severity_type 1,resource_type 2,1,1,2,2,2,1.0,1,1,2025-10-26
9373,location 33,2,severity_type 1,resource_type 3,4,4,8,8,45,5.625,15,2,2025-04-21
9661,location 608,0,severity_type 2,resource_type 8,1,1,1,1,1,1.0,1,1,2025-08-02
3752,location 149,0,severity_type 2,resource_type 2,2,2,7,7,158,22.571428571428573,40,1,2025-04-26
243,location 520,0,severity_type 2,resource_type 2,2,2,2,2,26,13.0,13,13,2025-04-07
15511,location 283,1,severity_type 2,resource_type 2,2,2,2,2,2,1.0,1,1,2025-03-02
18200,location 1048,1,severity_type 1,resource_type 8,1,1,2,2,3,1.5,2,1,2025-12-06
4361,location 13,1,severity_type 1,resource_type 6,1,1,1,1,1,1.0,1,1,2025-12-10
7975,location 124,0,severity_type 2,resource_type 2,2,2,4,4,4,1.0,1,1,2025-02-12
8594,location 89,1,severity_type 2,resource_type 2,2,2,8,8,166,20.75,57,2,2025-05-09
8211,location 851,0,severity_type 1,resource_type 6,1,1,1,1,2,2.0,2,2,2025-07-25
2499,location 1030,1,severity_type 1,resource_type 8,1,1,1,1,1,1.0,1,1,2025-05-20
12869,location 130,1,severity_type 2,resource_type 2,2,2,2,2,2,1.0,1,1,2025-09-21
12001,location 527,0,severity_type 2,resource_type 8,1,1,1,1,1,1.0,1,1,2025-04-05
3700,location 745,2,severity_type 1,resource_type 7,6,6,9,9,14,1.5555555555555556,5,1,2025-01-22
2915,location 228,0,severity_type 4,resource_type 2,1,1,4,4,4,1.0,1,1,2025-05-03
2496,location 13,0,severity_type 2,resource_type 8,1,1,1,1,1,1.0,1,1,2025-08-07
5759,location 793,0,severity_type 2,resource_type 8,1,1,1,1,1,1.0,1,1,2025-03-07
4782,location 91,0,severity_type 1,resource_type 2,3,3,14,14,14,1.0,1,1,2025-10-25
16979,location 846,0,severity_type 1,resource_type 8,2,2,2,2,4,2.0,2,2,2025-01-05
2503,location 473,0,severity_type 2,resource_type 2,2,2,6,6,6,1.0,1,1,2025-01-25
5372,location 962,0,severity_type 2,resource_type 8,1,1,2,2,15,7.5,14,1,2025-07-05
2323,location 485,0,severity_type 2,resource_type 2,2,2,4,4,21,5.25,11,1,2025-07-06
6676,location 816,1,severity_type 1,resource_type 4,2,2,2,2,13,6.5,8,5,2025-04-18
9348,location 276,0,severity_type 2,resource_type 2,2,2,6,6,8,1.3333333333333333,2,1,2025-04-05
12367,location 926,2,severity_type 1,resource_type 8,1,1,6,6,43,7.166666666666667,11,1,2025-01-26
8902,location 375,0,severity_type 2,resource_type 2,2,2,2,2,45,22.5,24,21,2025-08-30
14201,location 690,0,severity_type 2,resource_type 8,1,1,1,1,1,1.0,1,1,2025-05-19
16341,location 460,0,severity_type 2,resource_type 2,2,2,2,2,24,12.0,12,12,2025-02-13
9349,location 276,0,severity_type 2,resource_type 2,2,2,2,2,5,2.5,3,2,2025-05-26
703,location 313,0,severity_type 2,resource_type 2,2,2,6,6,14,2.333333333333333,3,2,2025-12-09
5951,location 846,1,severity_type 2,resource_type 8,1,1,2,2,26,13.0,24,2,2025-04-06
12364,location 468,0,severity_type 1,resource_type 2,2,2,5,5,9,1.8,3,1,2025-11-23
18364,location 936,1,severity_type 2,resource_type 8,2,2,2,2,2,1.0,1,1,2025-04-05
1,location 601,1,severity_type 1,resource_type 8,2,2,3,3,5,1.6666666666666667,2,1,2025-03-09
7309,location 600,0,severity_type 2,resource_type 8,1,1,2,2,81,40.5,56,25,2025-04-06
1964,location 1111,0,severity_type 2,resource_type 8,1,1,1,1,1,1.0,1,1,2025-04-28
7415,location 619,0,severity_type 1,resource_type 8,1,1,2,2,9,4.5,6,3,2025-02-14
8584,location 157,0,severity_type 2,resource_type 2,2,2,2,2,13,6.5,7,6,2025-08-03
11885,location 755,0,severity_type 2,resource_type 8,1,1,2,2,3,1.5,2,1,2025-05-02
6393,location 13,0,severity_type 2,resource_type 4,2,2,1,1,1,1.0,1,1,2025-09-20
495,location 704,1,severity_type 2,resource_type 8,1,1,2,2,20,10.0,14,6,2025-06-29
17800,location 484,0,severity_type 2,resource_type 2,2,2,2,2,3,1.5,2,1,2025-06-11
10336,location 919,0,severity_type 2,resource_type 8,1,1,1,1,1,1.0,1,1,2025-06-21
8458,location 12,1,severity_type 1,resource_type 8,1,1,1,1,1,1.0,1,1,2025-02-27
18105,location 159,0,severity_type 2,resource_type 2,2,2,3,3,4,1.3333333333333333,2,1,2025-09-18
8158,location 478,0,severity_type 2,resource_type 2,2,2,7,7,171,24.428571428571427,48,3,2025-02-08
4009,location 731,0,severity_type 1,resource_type 8,1,1,2,2,4,2.0,2,2,2025-09-21
3934,location 375,0,severity_type 2,resource_type 2,2,2,2,2,21,10.5,13,8,2025-12-31
5852,location 599,0,severity_type 2,resource_type 8,1,1,1,1,2,2.0,2,2,2025-10-06
11016,location 921,2,severity_type 2,resource_type 8,1,1,5,5,47,9.4,31,1,2025-06-16
13451,location 921,1,severity_type 2,resource_type 8,1,1,4,4,16,4.0,10,1,2025-04-25
15470,location 1061,1,severity_type 2,resource_type 8,1,1,2,2,11,5.5,10,1,2025-11-15
8078,location 127,0,severity_type 2,resource_type 2,2,2,2,2,2,1.0,1,1,2025-04-04
4561,location 112,1,severity_type 2,resource_type 2,2,2,3,3,3,1.0,1,1,2025-06-26
9558,location 619,0,severity_type 1,resource_type 8,1,1,1,1,1,1.0,1,1,2025-10-09
12189,location 157,1,severity_type 1,resource_type 2,2,2,3,3,3,1.0,1,1,2025-12-03
6148,location 957,0,severity_type 5,resource_type 2,1,1,1,1,2,2.0,2,2,2025-12-03
1320,location 875,0,severity_type 2,resource_type 8,1,1,1,1,1,1.0,1,1,2025-02-02
13966,location 106,0,severity_type 4,resource_type 2,1,1,1,1,1,1.0,1,1,2025-11-24
8577,location 1042,0,severity_type 2,resource_type 8,1,1,2,2,38,19.0,30,8,2025-02-11
11955,location 242,0,severity_type 2,resource_type 2,2,2,3,3,4,1.3333333333333333,2,1,2025-08-02
13681,location 226,1,severity_type 2,resource_type 2,2,2,4,4,9,2.25,3,2,2025-12-06
191,location 95,1,severity_type 2,resource_type 2,2,2,4,4,6,1.5,2,1,2025-08-28
17962,location 793,0,severity_type 1,resource_type 8,1,1,2,2,28,14.0,15,13,2025-12-12
6970,location 466,0,severity_type 2,resource_type 2,2,2,2,2,27,13.5,15,12,2025-05-06
18372,location 944,1,severity_type 2,resource_type 8,1,1,1,1,1,1.0,1,1,2025-04-25
9075,location 793,0,severity_type 2,resource_type 8,1,1,2,2,2,1.0,1,1,2025-04-30
9179,location 794,0,severity_type 1,resource_type 8,1,1,2,2,3,1.5,2,1,2025-05-10
12184,location 474,0,severity_type 2,resource_type 2,2,2,6,6,10,1.6666666666666667,2,1,2025-09-07
17101,location 149,0,severity_type 2,resource_type 2,2,2,5,5,52,10.4,14,1,2025-06-15
3855,location 793,0,severity_type 1,resource_type 8,1,1,2,2,59,29.5,45,14,2025-09-27
1035,location 618,0,severity_type 1,resource_type 2,4,4,3,3,4,1.3333333333333333,2,1,2025-06-01
2026,location 1054,1,severity_type 2,resource_type 8,1,1,2,2,3,1.5,2,1,2025-04-23
11313,location 1010,1,severity_type 1,resource_type 8,1,1,2,2,2,1.0,1,1,2025-03-11
16825,location 466,0,severity_type 2,resource_type 2,2,2,3,3,5,1.6666666666666667,2,1,2025-07-21
6717,location 33,1,severity_type 1,resource_type 2,1,1,2,2,4,2.0,2,2,2025-11-24
15970,location 1011,1,severity_type 1,resource_type 8,1,1,2,2,4,2.0,2,2,2025-11-10
11118,location 477,0,severity_type 2,resource_type 2,2,2,2,2,4,2.0,3,1,2025-04-03
772,location 763,1,severity_type 2,resource_type 8,1,1,2,2,15,7.5,10,5,2025-06-24
7009,location 472,0,severity_type 2,resource_type 2,2,2,2,2,4,2.0,3,1,2025-09-15
3697,location 116,0,severity_type 2,resource_type 2,2,2,4,4,8,2.0,2,2,2025-08-12
1385,location 122,0,severity_type 2,resource_type 2,2,2,6,6,60,10.0,36,2,2025-01-25
10765,location 976,1,severity_type 2,resource_type 8,1,1,2,2,14,7.0,12,2,2025-08-04
12201,location 480,0,severity_type 2,resource_type 2,2,2,4,4,98,24.5,29,21,2025-01-15
11854,location 495,0,severity_type 2,resource_type 2,2,2,2,2,55,27.5,28,27,2025-02-12
1767,location 239,0,severity_type 2,resource_type 2,2,2,2,2,9,4.5,5,4,2025-08-27
15158,location 1095,0,severity_type 2,resource_type 8,1,1,1,1,1,1.0,1,1,2025-02-07
6857,location 1113,1,severity_type 1,resource_type 8,1,1,2,2,10,5.0,6,4,2025-05-04
2931,location 805,0,severity_type 2,resource_type 8,1,1,2,2,5,2.5,4,1,2025-08-03
14156,location 491,0,severity_type 2,resource_type 2,2,2,6,6,7,1.1666666666666667,2,1,2025-08-28
15306,location 887,0,severity_type 1,resource_type 8,1,1,3,3,3,1.0,1,1,2025-06-12
13548,location 738,1,severity_type 1,resource_type 8,2,2,1,1,1,1.0,1,1,2025-02-04
10482,location 704,0,severity_type 2,resource_type 8,1,1,1,1,8,8.0,8,8,2025-10-19
14505,location 148,0,severity_type 2,resource_type 2,2,2,3,3,4,1.3333333333333333,2,1,2025-12-13
12720,location 1075,1,severity_type 1,resource_type 8,2,2,3,3,28,9.333333333333334,16,1,2025-11-21
11030,location 808,0,severity_type 1,resource_type 8,2,2,2,2,11,5.5,8,3,2025-10-01
17208,location 837,1,severity_type 1,resource_type 7,3,3,5,5,9,1.8,2,1,2025-05-27
14129,location 155,0,severity_type 2,resource_type 2,2,2,2,2,30,15.0,15,15,2025-11-16
7941,location 756,0,severity_type 1,resource_type 8,1,1,2,2,5,2.5,3,2,2025-06-28
1069,location 126,0,severity_type 2,resource_type 2,2,2,5,5,10,2.0,5,1,2025-02-19
4295,location 498,0,severity_type 4,resource_type 2,1,1,3,3,3,1.0,1,1,2025-11-07
17982,location 1061,0,severity_type 2,resource_type 8,1,1,3,3,8,2.6666666666666665,6,1,2025-04-27
3835,location 336,1,severity_type 2,resource_type 2,2,2,2,2,2,1.0,1,1,2025-12-09
5306,location 654,1,severity_type 5,resource_type 9,1,1,2,2,2,1.0,1,1,2025-05-15
3778,location 493,0,severity_type 2,resource_type 2,2,2,4,4,4,1.0,1,1,2025-11-14
7829,location 664,0,severity_type 1,resource_type 8,1,1,1,1,2,2.0,2,2,2025-07-16
10941,location 836,0,severity_type 1,resource_type 8,1,1,2,2,4,2.0,2,2,2025-06-20
12747,location 206,1,severity_type 2,resource_type 2,2,2,2,2,2,1.0,1,1,2025-04-19
10059,location 821,2,severity_type 1,resource_type 8,2,2,7,7,15,2.142857142857143,4,1,2025-11-02
14783,location 653,1,severity_type 1,resource_type 8,2,2,2,2,18,9.0,16,2,2025-01-23
17595,location 1,2,severity_type 1,resource_type 8,2,2,5,5,44,8.8,16,1,2025-06-21
12692,location 816,0,severity_type 1,resource_type 6,1,1,1,1,1,1.0,1,1,2025-05-15
7313,location 1020,2,severity_type 1,resource_type 8,1,1,2,2,20,10.0,10,10,2025-07-18
6789,location 450,0,severity_type 2,resource_type 2,2,2,5,5,8,1.6,3,1,2025-04-03
8340,location 255,0,severity_type 2,resource_type 2,2,2,2,2,26,13.0,13,13,2025-08-31
5608,location 470,0,severity_type 2,resource_type 2,2,2,2,2,2,1.0,1,1,2025-05-21
17517,location 475,0,severity_type 2,resource_type 2,2,2,3,3,71,23.666666666666668,36,1,2025-03-10
12329,location 644,1,severity_type 1,resource_type 2,2,2,4,4,12,3.0,4,2,2025-03-13
15267,location 461,0,severity_type 2,resource_type 2,2,2,2,2,45,22.5,23,22,2025-09-12
10026,location 879,0,severity_type 2,resource_type 8,1,1,2,2,2,1.0,1,1,2025-04-06
2937,location 613,0,severity_type 1,resource_type 8,2,2,3,3,36,12.0,26,1,2025-04-23
7350,location 821,0,severity_type 1,resource_type 1,5,5,10,10,57,5.7,24,1,2025-08-17
2857,location 155,0,severity_type 2,resource_type 8,1,1,1,1,1,1.0,1,1,2025-05-01
17464,location 124,0,severity_type 2,resource_type 2,2,2,6,6,24,4.0,7,2,2025-05-22
14909,location 1033,2,severity_type 1,resource_type 8,1,1,1,1,2,2.0,2,2,2025-03-31
6834,location 1015,1,severity_type 1,resource_type 8,1,1,2,2,5,2.5,3,2,2025-05-07
9299,location 496,0,severity_type 2,resource_type 8,1,1,1,1,1,1.0,1,1,2025-09-10
13088,location 816,1,severity_type 1,resource_type 4,2,2,2,2,4,2.0,3,1,2025-07-14
13079,location 1023,0,severity_type 1,resource_type 9,2,2,2,2,2,1.0,1,1,2025-12-31
17207,location 126,0,severity_type 2,resource_type 2,2,2,8,8,127,15.875,41,5,2025-10-09
10951,location 468,0,severity_type 2,resource_type 2,2,2,2,2,12,6.0,6,6,2025-01-07
13724,location 846,1,severity_type 2,resource_type 8,1,1,2,2,18,9.0,16,2,2025-05-19
2909,location 834,2,severity_type 2,resource_type 8,1,1,2,2,21,10.5,12,9,2025-04-16
4882,location 296,1,severity_type 2,resource_type 2,2,2,5,5,44,8.8,21,1,2025-08-03
15107,location 713,0,severity_type 2,resource_type 8,1,1,1,1,3,3.0,3,3,2025-04-07
9328,location 726,2,severity_type 1,resource_type 8,1,1,2,2,13,6.5,8,5,2025-12-19
499,location 892,2,severity_type 1,resource_type 2,3,3,6,6,50,8.333333333333334,10,2,2025-04-20
9780,location 737,1,severity_type 2,resource_type 8,1,1,2,2,4,2.0,2,2,2025-07-10
2100,location 1042,1,severity_type 1,resource_type 8,2,2,4,4,14,3.5,8,1,2025-02-14
14070,location 977,1,severity_type 5,resource_type 9,1,1,2,2,4,2.0,2,2,2025-11-29
5427,location 1023,0,severity_type 2,resource_type 8,1,1,1,1,1,1.0,1,1,2025-11-29
3844,location 805,0,severity_type 1,resource_type 8,1,1,2,2,2,1.0,1,1,2025-10-17
13324,location 158,0,severity_type 1,resource_type 2,3,3,6,6,13,2.1666666666666665,5,1,2025-05-09
2618,location 600,2,severity_type 2,resource_type 8,1,1,3,3,75,25.0,42,1,2025-01-22
2445,location 266,1,severity_type 2,resource_type 2,2,2,2,2,2,1.0,1,1,2025-09-17
5607,location 607,0,severity_type 4,resource_type 7,2,2,3,3,12,4.0,9,1,2025-06-06
11526,location 600,2,severity_type 2,resource_type 8,1,1,2,2,15,7.5,8,7,2025-12-28
9543,location 499,0,severity_type 2,resource_type 2,2,2,2,2,2,1.0,1,1,2025-09-12
7148,location 1033,0,severity_type 1,resource_type 8,1,1,1,1,6,6.0,6,6,2025-07-16
12840,location 808,0,severity_type 1,resource_type 8,2,2,2,2,13,6.5,8,5,2025-12-27
2501,location 122,0,severity_type 2,resource_type 2,2,2,8,8,43,5.375,9,1,2025-10-20
1478,location 122,0,severity_type 2,resource_type 2,2,2,10,10,64,6.4,13,1,2025-06-17
10959,location 159,0,severity_type 2,resource_type 2,2,2,2,2,12,6.0,7,5,2025-01-07
15844,location 1030,1,severity_type 1,resource_type 8,1,1,2,2,2,1.0,1,1,2025-02-03
15351,location 525,0,severity_type 1,resource_type 2,3,3,4,4,22,5.5,7,5,2025-06-11
16721,location 744,0,severity_type 1,resource_type 2,1,1,2,2,2,1.0,1,1,2025-07-25
10871,location 976,0,severity_type 1,resource_type 8,2,2,4,4,25,6.25,16,1,2025-01-12
8969,location 126,0,severity_type 2,resource_type 2,2,2,7,7,36,5.142857142857143,9,2,2025-02-16
5672,location 1099,0,severity_type 1,resource_type 8,1,1,6,6,37,6.166666666666667,17,1,2025-09-15
7235,location 734,0,severity_type 1,resource_type 8,2,2,8,8,41,5.125,22,1,2025-10-02
5375,location 7,1,severity_type 1,resource_type 8,1,1,4,4,19,4.75,8,2,2025-01-11
11342,location 408,1,severity_type 2,resource_type 2,2,2,4,4,4,1.0,1,1,2025-07-05
16356,location 120,1,severity_type 2,resource_type 2,2,2,3,3,3,1.0,1,1,2025-01-30
17547,location 870,0,severity_type 1,resource_type 2,1,1,2,2,2,1.0,1,1,2025-09-22
12639,location 292,0,severity_type 2,resource_type 2,2,2,4,4,10,2.5,3,2,2025-11-01
3607,location 883,1,severity_type 1,resource_type 8,1,1,1,1,1,1.0,1,1,2025-11-14
10564,location 505,0,severity_type 2,resource_type 2,2,2,15,15,568,37.86666666666667,98,2,2025-08-07
1557,location 181,0,severity_type 2,resource_type 2,2,2,4,4,8,2.0,2,2,2025-08-18
8738,location 1054,0,severity_type 4,resource_type 8,1,1,1,1,1,1.0,1,1,2025-12-05
3278,location 73,1,severity_type 1,resource_type 3,3,3,5,5,5,1.0,1,1,2025-08-12
7097,location 451,0,severity_type 2,resource_type 2,2,2,4,4,53,13.25,18,9,2025-06-12
1730,location 1110,0,severity_type 1,resource_type 2,1,1,1,1,1,1.0,1,1,2025-10-03
10450,location 488,0,severity_type 2,resource_type 2,2,2,4,4,22,5.5,10,2,2025-08-04
17687,location 931,0,severity_type 2,resource_type 8,1,1,2,2,2,1.0,1,1,2025-11-04
4362,location 183,0,severity_type 1,resource_type 2,3,3,4,4,4,1.0,1,1,2025-07-11
10127,location 1088,1,severity_type 1,resource_type 8,2,2,3,3,3,1.0,1,1,2025-11-14
14714,location 210,0,severity_type 2,resource_type 2,2,2,2,2,5,2.5,3,2,2025-01-17
7497,location 684,0,severity_type 2,resource_type 8,1,1,2,2,52,26.0,40,12,2025-01-14
10822,location 884,2,severity_type 1,resource_type 8,1,1,3,3,17,5.666666666666667,10,1,2025-02-06
10762,location 707,0,severity_type 2,resource_type 8,1,1,2,2,4,2.0,2,2,2025-07-23
15772,location 91,0,severity_type 2,resource_type 2,2,2,4,4,12,3.0,4,2,2025-09-16
7401,location 924,0,severity_type 1,resource_type 6,2,2,2,2,4,2.0,2,2,2025-03-20
16484,location 283,0,severity_type 2,resource_type 2,2,2,4,4,5,1.25,2,1,2025-02-26
130,location 7,0,severity_type 1,resource_type 8,1,1,2,2,3,1.5,2,1,2025-11-11
6292,location 834,2,severity_type 2,resource_type 8,1,1,2,2,38,19.0,24,14,2025-10-01
9127,location 1024,0,severity_type 1,resource_type 8,1,1,2,2,20,10.0,11,9,2025-08-25
4252,location 477,0,severity_type 1,resource_type 2,3,3,5,5,95,19.0,49,1,2025-06-28
9006,location 226,1,severity_type 2,resource_type 2,2,2,4,4,6,1.5,2,1,2025-06-03
3380,location 475,0,severity_type 2,resource_type 2,2,2,3,3,11,3.6666666666666665,9,1,2025-01-08
14938,location 948,0,severity_type 1,resource_type 10,2,2,3,3,5,1.6666666666666667,2,1,2025-03-10
12817,location 139,0,severity_type 2,resource_type 2,2,2,4,4,4,1.0,1,1,2025-11-24
17452,location 817,0,severity_type 2,resource_type 8,1,1,2,2,6,3.0,3,3,2025-05-04
12583,location 3,0,severity_type 2,resource_type 8,1,1,1,1,1,1.0,1,1,2025-09-15
15938,location 883,1,severity_type 1,resource_type 8,1,1,2,2,2,1.0,1,1,2025-09-14
12349,location 600,2,severity_type 2,resource_type 8,1,1,2,2,22,11.0,17,5,2025-04-23
9243,location 909,1,severity_type 1,resource_type 2,4,4,3,3,3,1.0,1,1,2025-03-16
6812,location 242,0,severity_type 2,resource_type 2,2,2,6,6,298,49.66666666666666,73,29,2025-09-10
16752,location 931,0,severity_type 1,resource_type 8,2,2,1,1,2,2.0,2,2,2025-02-04
7719,location 976,2,severity_type 1,resource_type 8,2,2,6,6,38,6.333333333333333,24,1,2025-06-30
1002,location 665,1,severity_type 1,resource_type 8,1,1,2,2,20,10.0,11,9,2025-11-21
4861,location 1017,1,severity_type 1,resource_type 8,1,1,1,1,1,1.0,1,1,2025-09-17
10442,location 459,0,severity_type 2,resource_type 2,2,2,4,4,4,1.0,1,1,2025-10-06
12396,location 1107,0,severity_type 2,resource_type 8,1,1,3,3,20,6.666666666666667,16,2,2025-01-31
421,location 836,0,severity_type 1,resource_type 8,1,1,2,2,15,7.5,8,7,2025-03-14
608,location 1008,1,severity_type 2,resource_type 8,1,1,3,3,16,5.333333333333333,13,1,2025-04-11
134,location 892,2,severity_type 1,resource_type 2,3,3,5,5,28,5.6,8,4,2025-04-17
18344,location 197,0,severity_type 4,resource_type 2,1,1,1,1,2,2.0,2,2,2025-03-12
9982,location 834,1,severity_type 2,resource_type 8,1,1,2,2,34,17.0,30,4,2025-12-21
7259,location 91,0,severity_type 2,resource_type 2,2,2,4,4,52,13.0,14,12,2025-03-02
1587,location 363,1,severity_type 2,resource_type 2,1,1,2,2,2,1.0,1,1,2025-09-16
16991,location 135,0,severity_type 2,resource_type 2,2,2,5,5,40,8.0,18,2,2025-08-03
12344,location 1056,1,severity_type 1,resource_type 6,1,1,2,2,2,1.0,1,1,2025-08-11
17807,location 903,1,severity_type 1,resource_type 8,1,1,3,3,6,2.0,3,1,2025-03-20
5845,location 155,0,severity_type 2,resource_type 2,2,2,3,3,22,7.333333333333333,11,1,2025-04-23
15860,location 821,1,severity_type 1,resource_type 8,2,2,4,4,66,16.5,42,1,2025-08-10
16312,location 141,0,severity_type 2,resource_type 2,2,2,4,4,8,2.0,2,2,2025-04-20
2765,location 734,0,severity_type 2,resource_type 8,1,1,3,3,9,3.0,4,2,2025-09-11
20,location 79,0,severity_type 2,resource_type 8,3,3,2,2,2,1.0,1,1,2025-01-15
5273,location 640,1,severity_type 1,resource_type 2,1,1,2,2,2,1.0,1,1,2025-01-27
5062,location 374,0,severity_type 2,resource_type 2,2,2,2,2,30,15.0,15,15,2025-09-23
9420,location 892,0,severity_type 2,resource_type 2,3,3,4,4,4,1.0,1,1,2025-08-14
14743,location 1007,0,severity_type 1,resource_type 8,2,2,2,2,9,4.5,5,4,2025-01-16
18101,location 255,0,severity_type 2,resource_type 2,2,2,2,2,85,42.5,43,42,2025-11-25
15418,location 895,1,severity_type 1,resource_type 2,3,3,6,6,36,6.0,8,3,2025-01-02
8278,location 499,0,severity_type 2,resource_type 2,2,2,6,6,290,48.333333333333336,75,23,2025-12-15
12498,location 145,0,severity_type 2,resource_type 2,2,2,3,3,3,1.0,1,1,2025-09-24
16505,location 1075,0,severity_type 2,resource_type 8,1,1,1,1,8,8.0,8,8,2025-12-27
18346,location 445,0,severity_type 2,resource_type 2,2,2,2,2,11,5.5,6,5,2025-12-13
10982,location 108,1,severity_type 2,resource_type 2,2,2,3,3,8,2.6666666666666665,4,1,2025-04-25
5279,location 548,0,severity_type 1,resource_type 2,1,1,2,2,2,1.0,1,1,2025-10-04
2327,location 936,2,severity_type 1,resource_type 8,1,1,1,1,2,2.0,2,2,2025-03-18
9180,location 798,1,severity_type 2,resource_type 8,1,1,2,2,3,1.5,2,1,2025-06-22
7877,location 506,0,severity_type 2,resource_type 2,2,2,4,4,190,47.5,90,5,2025-03-29
10324,location 65,2,severity_type 1,resource_type 8,4,4,6,6,46,7.666666666666667,26,1,2025-06-27
17512,location 466,0,severity_type 2,resource_type 2,2,2,2,2,6,3.0,3,3,2025-11-15
5774,location 208,0,severity_type 4,resource_type 2,1,1,1,1,1,1.0,1,1,2025-06-09
14684,location 710,0,severity_type 2,resource_type 8,1,1,1,1,1,1.0,1,1,2025-02-03
3660,location 823,0,severity_type 2,resource_type 8,1,1,2,2,6,3.0,4,2,2025-04-29
18548,location 278,0,severity_type 2,resource_type 2,2,2,6,6,22,3.6666666666666665,4,3,2025-10-15
3745,location 465,0,severity_type 1,resource_type 2,4,4,12,12,50,4.166666666666667,22,1,2025-07-10
17265,location 1061,2,severity_type 2,resource_type 8,1,1,1,1,1,1.0,1,1,2025-07-24
5202,location 648,0,severity_type 1,resource_type 7,3,3,8,8,50,6.25,16,1,2025-06-07
17285,location 834,2,severity_type 1,resource_type 8,2,2,2,2,41,20.5,27,14,2025-04-17
7023,location 599,2,severity_type 2,resource_type 8,1,1,2,2,50,25.0,27,23,2025-08-07
18490,location 1008,0,severity_type 2,resource_type 8,1,1,2,2,17,8.5,14,3,2025-08-20
1087,location 1107,0,severity_type 2,resource_type 8,1,1,2,2,7,3.5,6,1,2025-11-24
15407,location 1112,0,severity_type 1,resource_type 8,1,1,4,4,24,6.0,17,1,2025-08-14
11353,location 556,1,severity_type 1,resource_type 3,2,2,2,2,2,1.0,1,1,2025-12-30
3237,location 208,0,severity_type 2,resource_type 2,2,2,2,2,3,1.5,2,1,2025-10-29
6889,location 242,0,severity_type 2,resource_type 2,2,2,2,2,7,3.5,4,3,2025-01-29
4228,location 793,0,severity_type 1,resource_type 8,1,1,2,2,41,20.5,23,18,2025-05-24
7622,location 756,2,severity_type 1,resource_type 8,1,1,3,3,18,6.0,9,1,2025-05-21
7444,location 627,0,severity_type 2,resource_type 8,3,3,3,3,23,7.666666666666667,9,6,2025-01-02
7521,location 369,0,severity_type 2,resource_type 2,2,2,4,4,8,2.0,2,2,2025-03-07
8433,location 891,0,severity_type 2,resource_type 8,1,1,2,2,10,5.0,7,3,2025-10-06
8592,location 479,0,severity_type 2,resource_type 2,2,2,4,4,56,14.0,26,3,2025-05-09
10475,location 821,0,severity_type 1,resource_type 8,2,2,7,7,44,6.285714285714286,22,1,2025-02-23
9181,location 825,1,severity_type 1,resource_type 2,1,1,2,2,2,1.0,1,1,2025-04-15
13167,location 976,2,severity_type 1,resource_type 8,2,2,4,4,33,8.25,12,5,2025-04-11
11147,location 814,0,severity_type 1,resource_type 8,1,1,2,2,4,2.0,3,1,2025-03-05
6159,location 691,0,severity_type 2,resource_type 7,2,2,2,2,22,11.0,12,10,2025-02-06
7320,location 322,0,severity_type 2,resource_type 2,2,2,2,2,3,1.5,2,1,2025-10-06
14734,location 734,2,severity_type 1,resource_type 8,2,2,4,4,23,5.75,12,1,2025-10-28
17401,location 124,0,severity_type 2,resource_type 2,2,2,6,6,26,4.333333333333333,7,2,2025-07-01
9039,location 1111,1,severity_type 1,resource_type 8,1,1,2,2,5,2.5,3,2,2025-08-13
12530,location 946,0,severity_type 1,resource_type 8,1,1,3,3,102,34.0,50,6,2025-12-02
15487,location 704,2,severity_type 1,resource_type 8,2,2,1,1,2,2.0,2,2,2025-11-04
18533,location 734,0,severity_type 1,resource_type 8,2,2,2,2,5,2.5,4,1,2025-01-12
18064,location 584,0,severity_type 1,resource_type 8,1,1,1,1,3,3.0,3,3,2025-12-14
13570,location 466,0,severity_type 2,resource_type 2,2,2,2,2,19,9.5,10,9,2025-01-25
2781,location 1109,0,severity_type 1,resource_type 10,1,1,1,1,2,2.0,2,2,2025-01-10
16247,location 498,0,severity_type 2,resource_type 2,2,2,6,6,79,13.166666666666666,34,1,2025-05-28
13279,location 1106,1,severity_type 1,resource_type 8,2,2,4,4,4,1.0,1,1,2025-09-30
4137,location 839,0,severity_type 2,resource_type 8,1,1,2,2,2,1.0,1,1,2025-01-30
16004,location 872,0,severity_type 1,resource_type 2,1,1,2,2,2,1.0,1,1,2025-04-17
9879,location 1008,1,severity_type 2,resource_type 8,1,1,3,3,13,4.333333333333333,9,1,2025-04-06
1664,location 354,1,severity_type 2,resource_type 2,2,2,2,2,2,1.0,1,1,2025-05-26
11939,location 821,1,severity_type 2,resource_type 8,1,1,4,4,14,3.5,10,1,2025-12-26
138,location 684,0,severity_type 1,resource_type 8,2,2,3,3,15,5.0,10,2,2025-05-01
4877,location 507,0,severity_type 2,resource_type 2,2,2,2,2,8,4.0,4,4,2025-03-18
4590,location 474,0,severity_type 2,resource_type 2,2,2,4,4,9,2.25,3,2,2025-02-14
6172,location 931,0,severity_type 1,resource_type 8,2,2,4,4,21,5.25,6,5,2025-03-14
11537,location 726,1,severity_type 1,resource_type 8,1,1,2,2,2,1.0,1,1,2025-02-18
115,location 264,1,severity_type 2,resource_type 2,2,2,4,4,4,1.0,1,1,2025-07-29
17661,location 704,2,severity_type 1,resource_type 8,2,2,4,4,37,9.25,20,2,2025-06-03
3256,location 7,0,severity_type 1,resource_type 8,1,1,2,2,15,7.5,8,7,2025-07-01
4664,location 846,0,severity_type 1,resource_type 8,2,2,4,4,15,3.75,8,1,2025-10-31
17284,location 836,0,severity_type 1,resource_type 8,1,1,2,2,61,30.5,31,30,2025-07-31
8002,location 118,0,severity_type 2,resource_type 2,2,2,2,2,16,8.0,8,8,2025-02-26
11097,location 474,0,severity_type 1,resource_type 2,3,3,4,4,5,1.25,2,1,2025-05-18
5379,location 1026,1,severity_type 1,resource_type 6,2,2,4,4,6,1.5,2,1,2025-04-25
7961,location 450,0,severity_type 2,resource_type 2,2,2,2,2,2,1.0,1,1,2025-10-29
12003,location 655,1,severity_type 1,resource_type 8,4,4,6,6,15,2.5,6,1,2025-04-23
7262,location 242,0,severity_type 2,resource_type 2,2,2,7,7,189,27.0,53,1,2025-02-20
13002,location 734,1,severity_type 1,resource_type 8,3,3,4,4,11,2.75,6,1,2025-09-26
3960,location 91,0,severity_type 2,resource_type 2,2,2,2,2,152,76.0,100,52,2025-06-06
455,location 124,0,severity_type 2,resource_type 2,2,2,5,5,8,1.6,2,1,2025-02-04
7759,location 465,0,severity_type 2,resource_type 2,2,2,2,2,83,41.5,45,38,2025-09-09
11493,location 135,1,severity_type 1,resource_type 2,4,4,9,9,27,3.0,6,1,2025-03-18
3225,location 1033,1,severity_type 1,resource_type 8,1,1,6,6,20,3.333333333333333,8,1,2025-11-13
4008,location 845,0,severity_type 2,resource_type 8,1,1,2,2,21,10.5,19,2,2025-10-31
13425,location 1100,2,severity_type 1,resource_type 8,2,2,7,7,197,28.142857142857142,122,1,2025-05-15
3155,location 181,0,severity_type 2,resource_type 2,2,2,6,6,33,5.5,8,1,2025-07-22
3762,location 875,0,severity_type 1,resource_type 8,1,1,3,3,6,2.0,3,1,2025-07-27
17340,location 577,0,severity_type 1,resource_type 2,1,1,2,2,4,2.0,2,2,2025-08-27
11188,location 895,2,severity_type 1,resource_type 2,4,4,8,8,191,23.875,52,1,2025-01-26
8529,location 1061,1,severity_type 2,resource_type 8,1,1,3,3,5,1.6666666666666667,2,1,2025-04-29
10738,location 359,0,severity_type 2,resource_type 2,2,2,2,2,4,2.0,2,2,2025-03-04
1847,location 477,0,severity_type 2,resource_type 2,2,2,2,2,119,59.5,61,58,2025-09-12
125,location 793,0,severity_type 1,resource_type 8,1,1,2,2,36,18.0,21,15,2025-01-26
4987,location 805,0,severity_type 1,resource_type 8,1,1,2,2,5,2.5,4,1,2025-07-08
11307,location 798,2,severity_type 2,resource_type 8,1,1,3,3,16,5.333333333333333,8,1,2025-09-23
11956,location 122,0,severity_type 2,resource_type 2,2,2,5,5,6,1.2,2,1,2025-12-13
18174,location 1053,0,severity_type 1,resource_type 8,2,2,2,2,3,1.5,2,1,2025-04-16
7678,location 133,0,severity_type 2,resource_type 2,2,2,2,2,6,3.0,3,3,2025-01-03
13083,location 163,0,severity_type 1,resource_type 2,2,2,2,2,2,1.0,1,1,2025-09-22
15781,location 627,0,severity_type 2,resource_type 7,3,3,3,3,6,2.0,2,2,2025-01-01
7582,location 600,0,severity_type 2,resource_type 8,1,1,2,2,36,18.0,26,10,2025-01-25
9428,location 713,1,severity_type 1,resource_type 8,1,1,2,2,4,2.0,2,2,2025-12-28
3691,location 1055,0,severity_type 1,resource_type 8,2,2,4,4,42,10.5,16,5,2025-11-11
14151,location 1052,1,severity_type 1,resource_type 8,2,2,4,4,34,8.5,29,1,2025-09-16
4452,location 888,0,severity_type 1,resource_type 2,1,1,2,2,2,1.0,1,1,2025-11-01
12380,location 793,0,severity_type 2,resource_type 8,1,1,2,2,23,11.5,16,7,2025-01-28
10915,location 255,0,severity_type 2,resource_type 2,2,2,2,2,12,6.0,8,4,2025-02-02
4370,location 252,1,severity_type 1,resource_type 2,1,1,2,2,2,1.0,1,1,2025-04-20
6665,location 4,1,severity_type 1,resource_type 8,1,1,2,2,2,1.0,1,1,2025-01-09
10656,location 282,1,severity_type 2,resource_type 2,1,1,2,2,2,1.0,1,1,2025-11-21
6522,location 893,1,severity_type 1,resource_type 2,3,3,5,5,27,5.4,8,2,2025-01-21
18135,location 1052,0,severity_type 1,resource_type 8,2,2,3,3,44,14.666666666666666,25,2,2025-07-18
6177,location 292,0,severity_type 2,resource_type 2,2,2,4,4,11,2.75,5,1,2025-11-08
6407,location 643,2,severity_type 1,resource_type 2,2,2,4,4,12,3.0,3,3,2025-09-26
11648,location 744,1,severity_type 1,resource_type 8,2,2,4,4,5,1.25,2,1,2025-03-27
5923,location 831,1,severity_type 1,resource_type 8,1,1,6,6,14,2.333333333333333,5,1,2025-06-21
4250,location 962,2,severity_type 1,resource_type 8,2,2,4,4,31,7.75,22,1,2025-07-20
16364,location 609,1,severity_type 4,resource_type 7,2,2,2,2,15,7.5,14,1,2025-10-08
9711,location 570,1,severity_type 1,resource_type 8,1,1,2,2,3,1.5,2,1,2025-06-05
12824,location 646,1,severity_type 1,resource_type 8,2,2,4,4,6,1.5,2,1,2025-04-15
8678,location 619,1,severity_type 1,resource_type 8,1,1,2,2,3,1.5,2,1,2025-10-18
11589,location 1100,2,severity_type 1,resource_type 8,2,2,4,4,226,56.5,171,4,2025-11-20
16834,location 808,0,severity_type 1,resource_type 8,2,2,2,2,3,1.5,2,1,2025-06-28
2896,location 1053,0,severity_type 2,resource_type 8,1,1,1,1,1,1.0,1,1,2025-01-11
13857,location 461,0,severity_type 2,resource_type 2,2,2,6,6,36,6.0,15,1,2025-07-02
3385,location 179,0,severity_type 2,resource_type 2,2,2,4,4,12,3.0,4,2,2025-11-21
16313,location 244,0,severity_type 2,resource_type 2,2,2,2,2,68,34.0,34,34,2025-12-28
15331,location 1100,2,severity_type 1,resource_type 8,2,2,5,5,32,6.4,18,1,2025-05-27
2058,location 1051,0,severity_type 4,resource_type 8,1,1,1,1,2,2.0,2,2,2025-02-24
12143,location 102,0,severity_type 2,resource_type 2,2,2,8,8,369,46.125,183,1,2025-07-28
5212,location 467,0,severity_type 2,resource_type 2,2,2,2,2,21,10.5,11,10,2025-10-31
10937,location 599,1,severity_type 2,resource_type 8,1,1,2,2,8,4.0,4,4,2025-12-11
13642,location 1100,2,severity_type 1,resource_type 8,2,2,2,2,145,72.5,105,40,2025-01-19
15959,location 990,1,severity_type 1,resource_type 8,1,1,2,2,5,2.5,3,2,2025-04-17
12594,location 400,1,severity_type 2,resource_type 2,2,2,5,5,5,1.0,1,1,2025-06-24
18142,location 763,0,severity_type 1,resource_type 8,2,2,3,3,8,2.6666666666666665,3,2,2025-02-05
3737,location 1052,0,severity_type 1,resource_type 8,2,2,1,1,7,7.0,7,7,2025-11-20
13785,location 442,1,severity_type 2,resource_type 2,2,2,4,4,4,1.0,1,1,2025-02-10
9574,location 931,0,severity_type 1,resource_type 8,2,2,2,2,6,3.0,4,2,2025-08-31
7988,location 460,0,severity_type 4,resource_type 2,1,1,2,2,2,1.0,1,1,2025-12-02
5270,location 489,0,severity_type 2,resource_type 2,2,2,5,5,14,2.8,4,2,2025-09-08
4403,location 834,1,severity_type 2,resource_type 8,1,1,2,2,9,4.5,8,1,2025-10-06
13804,location 63,0,severity_type 2,resource_type 8,1,1,1,1,1,1.0,1,1,2025-04-07
4247,location 484,0,severity_type 2,resource_type 2,2,2,2,2,2,1.0,1,1,2025-10-30
16455,location 1031,0,severity_type 1,resource_type 8,1,1,2,2,13,6.5,9,4,2025-06-02
7281,location 396,0,severity_type 1,resource_type 2,2,2,2,2,2,1.0,1,1,2025-01-23
2831,location 380,0,severity_type 2,resource_type 2,2,2,2,2,11,5.5,6,5,2025-05-14
17143,location 1052,1,severity_type 2,resource_type 8,1,1,2,2,10,5.0,9,1,2025-05-08
12586,location 469,0,severity_type 2,resource_type 2,2,2,6,6,46,7.666666666666667,20,1,2025-07-10
9208,location 1075,1,severity_type 2,resource_type 8,1,1,2,2,27,13.5,25,2,2025-04-07
15673,location 771,1,severity_type 1,resource_type 8,2,2,4,4,58,14.5,23,2,2025-06-18
5559,location 1010,0,severity_type 1,resource_type 8,1,1,2,2,49,24.5,25,24,2025-06-06
920,location 288,0,severity_type 2,resource_type 2,2,2,2,2,3,1.5,2,1,2025-04-30
17381,location 600,0,severity_type 2,resource_type 8,1,1,1,1,38,38.0,38,38,2025-09-12
11805,location 157,0,severity_type 2,resource_type 2,2,2,2,2,18,9.0,9,9,2025-04-22
17441,location 793,0,severity_type 2,resource_type 8,1,1,2,2,12,6.0,10,2,2025-10-07
3027,location 95,0,severity_type 2,resource_type 2,2,2,3,3,11,3.6666666666666665,4,3,2025-04-02
13250,location 522,0,severity_type 1,resource_type 2,3,3,3,3,9,3.0,4,1,2025-11-12
14375,location 284,0,severity_type 1,resource_type 2,2,2,2,2,2,1.0,1,1,2025-05-14
15672,location 1050,0,severity_type 2,resource_type 8,1,1,2,2,52,26.0,43,9,2025-01-15
893,location 1019,0,severity_type 1,resource_type 8,2,2,4,4,59,14.75,30,4,2025-02-24
17994,location 471,0,severity_type 2,resource_type 2,2,2,3,3,211,70.33333333333333,123,4,2025-10-22
13826,location 95,0,severity_type 4,resource_type 2,1,1,3,3,3,1.0,1,1,2025-11-15
7409,location 1010,1,severity_type 1,resource_type 8,1,1,2,2,6,3.0,3,3,2025-03-19
11529,location 375,0,severity_type 2,resource_type 2,2,2,2,2,16,8.0,10,6,2025-08-08
4149,location 834,0,severity_type 1,resource_type 8,2,2,4,4,21,5.25,8,3,2025-07-29
1834,location 126,0,severity_type 2,resource_type 2,2,2,7,7,32,4.571428571428571,7,2,2025-02-18
16173,location 167,0,severity_type 1,resource_type 2,2,2,3,3,3,1.0,1,1,2025-06-14
4269,location 374,0,severity_type 2,resource_type 2,2,2,2,2,6,3.0,3,3,2025-09-11
14488,location 704,1,severity_type 1,resource_type 8,2,2,6,6,8,1.3333333333333333,2,1,2025-12-20
6249,location 466,0,severity_type 2,resource_type 2,2,2,2,2,6,3.0,3,3,2025-11-06
2577,location 1052,0,severity_type 1,resource_type 8,2,2,3,3,9,3.0,7,1,2025-02-05
3631,location 526,0,severity_type 2,resource_type 2,2,2,4,4,8,2.0,3,1,2025-03-28
16514,location 1009,0,severity_type 5,resource_type 9,1,1,1,1,1,1.0,1,1,2025-06-09
8504,location 124,0,severity_type 1,resource_type 2,3,3,10,10,16,1.6,3,1,2025-02-24
7807,location 834,1,severity_type 2,resource_type 8,1,1,2,2,30,15.0,22,8,2025-07-28
1014,location 118,0,severity_type 1,resource_type 2,3,3,4,4,29,7.25,14,1,2025-01-04
5668,location 490,0,severity_type 4,resource_type 2,1,1,1,1,1,1.0,1,1,2025-02-11
12359,location 108,0,severity_type 2,resource_type 2,2,2,4,4,4,1.0,1,1,2025-01-18
6992,location 742,0,severity_type 1,resource_type 8,3,3,5,5,374,74.8,181,1,2025-04-18
2741,location 1016,2,severity_type 1,resource_type 8,1,1,2,2,11,5.5,10,1,2025-10-06
7765,location 509,0,severity_type 2,resource_type 2,2,2,3,3,18,6.0,9,2,2025-03-06
6205,location 938,1,severity_type 1,resource_type 8,1,1,2,2,6,3.0,4,2,2025-12-27
6152,location 837,1,severity_type 1,resource_type 6,2,2,3,3,4,1.3333333333333333,2,1,2025-04-09
9571,location 518,0,severity_type 2,resource_type 2,2,2,4,4,24,6.0,9,4,2025-01-17
4611,location 135,0,severity_type 2,resource_type 2,2,2,2,2,51,25.5,27,24,2025-05-03
7952,location 102,0,severity_type 1,resource_type 2,2,2,3,3,3,1.0,1,1,2025-10-01
1137,location 881,1,severity_type 1,resource_type 6,1,1,1,1,1,1.0,1,1,2025-02-08
12579,location 472,0,severity_type 4,resource_type 2,1,1,1,1,1,1.0,1,1,2025-01-27
15241,location 189,1,severity_type 2,resource_type 8,3,3,3,3,3,1.0,1,1,2025-11-07
8937,location 1109,1,severity_type 1,resource_type 6,1,1,2,2,6,3.0,3,3,2025-08-05
18367,location 648,0,severity_type 4,resource_type 7,1,1,1,1,1,1.0,1,1,2025-05-06
2802,location 484,0,severity_type 2,resource_type 2,2,2,2,2,8,4.0,4,4,2025-10-03
17417,location 243,0,severity_type 2,resource_type 2,2,2,6,6,251,41.833333333333336,46,32,2025-11-05
2377,location 734,0,severity_type 1,resource_type 8,2,2,2,2,7,3.5,5,2,2025-05-12
17423,location 228,0,severity_type 2,resource_type 2,2,2,8,8,10,1.25,2,1,2025-07-24
12229,location 704,0,severity_type 2,resource_type 8,1,1,1,1,2,2.0,2,2,2025-01-04
10200,location 925,0,severity_type 1,resource_type 8,1,1,2,2,13,6.5,7,6,2025-04-22
4921,location 244,0,severity_type 2,resource_type 2,2,2,2,2,73,36.5,39,34,2025-08-06
2946,location 923,0,severity_type 1,resource_type 8,1,1,2,2,2,1.0,1,1,2025-03-13
12711,location 451,0,severity_type 2,resource_type 2,2,2,4,4,34,8.5,12,5,2025-12-28
7705,location 810,2,severity_type 2,resource_type 8,1,1,1,1,2,2.0,2,2,2025-12-21
5148,location 613,1,severity_type 1,resource_type 8,3,3,4,4,18,4.5,14,1,2025-04-05
2309,location 292,0,severity_type 2,resource_type 2,2,2,4,4,18,4.5,10,1,2025-05-25
11057,location 386,0,severity_type 4,resource_type 2,1,1,2,2,2,1.0,1,1,2025-03-11
14413,location 147,0,severity_type 4,resource_type 2,1,1,1,1,1,1.0,1,1,2025-07-03
3034,location 122,0,severity_type 2,resource_type 2,2,2,4,4,12,3.0,5,1,2025-02-15
6632,location 116,0,severity_type 4,resource_type 2,1,1,1,1,2,2.0,2,2,2025-05-23
6016,location 707,0,severity_type 2,resource_type 9,2,2,4,4,9,2.25,6,1,2025-07-22
17255,location 100,0,severity_type 2,resource_type 2,2,2,3,3,5,1.6666666666666667,2,1,2025-08-12
5090,location 382,0,severity_type 4,resource_type 2,1,1,2,2,3,1.5,2,1,2025-08-06
16332,location 124,0,severity_type 2,resource_type 2,2,2,8,8,25,3.125,5,1,2025-03-22
12531,location 401,0,severity_type 4,resource_type 2,1,1,1,1,1,1.0,1,1,2025-10-17
12924,location 734,0,severity_type 1,resource_type 8,3,3,2,2,5,2.5,3,2,2025-09-10
12197,location 166,1,severity_type 2,resource_type 2,2,2,2,2,2,1.0,1,1,2025-10-02
3963,location 619,0,severity_type 1,resource_type 8,1,1,2,2,8,4.0,4,4,2025-06-20
17858,location 495,0,severity_type 2,resource_type 2,2,2,15,15,421,28.066666666666663,94,1,2025-11-22
5525,location 961,0,severity_type 4,resource_type 8,1,1,1,1,4,4.0,4,4,2025-05-23
4769,location 646,1,severity_type 1,resource_type 8,1,1,2,2,2,1.0,1,1,2025-10-22
11080,location 497,0,severity_type 2,resource_type 2,2,2,2,2,12,6.0,6,6,2025-03-16
11532,location 846,1,severity_type 2,resource_type 8,1,1,2,2,7,3.5,6,1,2025-04-01
10105,location 976,2,severity_type 2,resource_type 8,1,1,2,2,11,5.5,6,5,2025-07-12
2449,location 806,0,severity_type 1,resource_type 2,1,1,2,2,8,4.0,4,4,2025-07-22
18120,location 1018,0,severity_type 2,resource_type 8,1,1,2,2,2,1.0,1,1,2025-09-30
5434,location 884,0,severity_type 1,resource_type 2,1,1,1,1,1,1.0,1,1,2025-04-19
15104,location 599,0,severity_type 2,resource_type 8,1,1,2,2,4,2.0,2,2,2025-11-15
16299,location 704,2,severity_type 1,resource_type 8,2,2,6,6,33,5.5,16,1,2025-05-01
487,location 1010,0,severity_type 1,resource_type 8,1,1,3,3,67,22.33333333333333,35,3,2025-07-14
11033,location 91,0,severity_type 2,resource_type 2,2,2,4,4,253,63.25,150,1,2025-12-07
2836,location 673,0,severity_type 1,resource_type 8,1,1,1,1,10,10.0,10,10,2025-07-16
7203,location 1042,1,severity_type 1,resource_type 8,2,2,2,2,10,5.0,6,4,2025-09-06
7523,location 292,0,severity_type 2,resource_type 2,2,2,4,4,19,4.75,7,3,2025-11-28
8661,location 996,1,severity_type 2,resource_type 8,1,1,2,2,4,2.0,3,1,2025-12-22
5928,location 1008,2,severity_type 1,resource_type 8,2,2,4,4,17,4.25,6,3,2025-07-02
8945,location 1067,1,severity_type 1,resource_type 8,1,1,2,2,4,2.0,3,1,2025-06-02
7388,location 600,0,severity_type 2,resource_type 8,1,1,2,2,17,8.5,12,5,2025-03-13
12077,location 810,0,severity_type 1,resource_type 2,3,3,4,4,30,7.5,23,1,2025-07-16
3867,location 798,2,severity_type 2,resource_type 8,1,1,2,2,30,15.0,18,12,2025-12-02
23,location 257,0,severity_type 2,resource_type 2,2,2,4,4,6,1.5,2,1,2025-06-27
4409,location 700,1,severity_type 1,resource_type 8,1,1,1,1,1,1.0,1,1,2025-05-08
12930,location 300,1,severity_type 2,resource_type 2,2,2,4,4,6,1.5,2,1,2025-02-09
13762,location 894,0,severity_type 1,resource_type 2,3,3,6,6,179,29.83333333333333,45,7,2025-05-23
1636,location 491,0,severity_type 2,resource_type 2,2,2,2,2,12,6.0,7,5,2025-03-28
10747,location 695,0,severity_type 1,resource_type 8,1,1,2,2,2,1.0,1,1,2025-12-23
474,location 118,0,severity_type 2,resource_type 2,2,2,2,2,10,5.0,5,5,2025-07-12
10366,location 846,0,severity_type 2,resource_type 8,1,1,1,1,14,14.0,14,14,2025-02-20
8445,location 971,0,severity_type 1,resource_type 2,1,1,1,1,1,1.0,1,1,2025-01-25
7342,location 324,0,severity_type 2,resource_type 2,2,2,8,8,8,1.0,1,1,2025-11-07
12544,location 17,1,severity_type 1,resource_type 8,1,1,1,1,1,1.0,1,1,2025-12-06
4199,location 280,1,severity_type 2,resource_type 8,3,3,9,9,9,1.0,1,1,2025-10-06
13634,location 587,0,severity_type 1,resource_type 2,1,1,2,2,2,1.0,1,1,2025-02-15
10972,location 826,1,severity_type 1,resource_type 4,2,2,2,2,9,4.5,5,4,2025-02-05
15867,location 1075,1,severity_type 2,resource_type 8,1,1,2,2,17,8.5,16,1,2025-03-14
8743,location 91,1,severity_type 2,resource_type 2,2,2,4,4,12,3.0,5,1,2025-10-02
5100,location 1050,2,severity_type 1,resource_type 8,2,2,4,4,49,12.25,36,1,2025-10-07
6527,location 752,1,severity_type 1,resource_type 8,1,1,1,1,1,1.0,1,1,2025-11-02
296,location 1086,2,severity_type 2,resource_type 8,1,1,2,2,37,18.5,32,5,2025-02-05
7081,location 809,0,severity_type 1,resource_type 8,2,2,2,2,7,3.5,4,3,2025-02-25
11642,location 504,0,severity_type 2,resource_type 2,2,2,2,2,16,8.0,10,6,2025-11-25
14994,location 1029,0,severity_type 2,resource_type 8,1,1,1,1,1,1.0,1,1,2025-12-05
59,location 602,0,severity_type 1,resource_type 8,1,1,2,2,4,2.0,2,2,2025-09-22
9268,location 465,0,severity_type 2,resource_type 2,2,2,2,2,27,13.5,15,12,2025-02-08
11039,location 737,0,severity_type 2,resource_type 8,1,1,2,2,2,1.0,1,1,2025-01-26
17665,location 13,0,severity_type 4,resource_type 7,2,2,2,2,2,1.0,1,1,2025-01-21
15512,location 12,0,severity_type 4,resource_type 2,1,1,2,2,3,1.5,2,1,2025-09-10
13664,location 1079,0,severity_type 1,resource_type 8,2,2,3,3,6,2.0,4,1,2025-11-05
13472,location 661,0,severity_type 2,resource_type 7,2,2,2,2,3,1.5,2,1,2025-08-19
5925,location 484,0,severity_type 2,resource_type 2,2,2,3,3,21,7.0,10,1,2025-04-06
7907,location 1082,0,severity_type 2,resource_type 8,1,1,1,1,1,1.0,1,1,2025-10-04
16055,location 371,0,severity_type 2,resource_type 2,2,2,8,8,16,2.0,2,2,2025-01-22
3336,location 102,0,severity_type 2,resource_type 2,2,2,10,10,22,2.2,5,1,2025-10-30
16414,location 179,1,severity_type 1,resource_type 8,1,1,2,2,2,1.0,1,1,2025-11-22
6047,location 445,1,severity_type 2,resource_type 2,2,2,2,2,4,2.0,3,1,2025-09-20
12311,location 921,1,severity_type 2,resource_type 8,1,1,2,2,11,5.5,10,1,2025-11-17
10201,location 878,0,severity_type 1,resource_type 8,1,1,2,2,4,2.0,3,1,2025-08-02
15393,location 312,0,severity_type 2,resource_type 2,2,2,2,2,12,6.0,6,6,2025-06-20
8716,location 100,1,severity_type 1,resource_type 2,1,1,1,1,1,1.0,1,1,2025-04-28
438,location 684,2,severity_type 2,resource_type 8,1,1,3,3,50,16.666666666666668,28,1,2025-12-03
3268,location 834,1,severity_type 2,resource_type 8,1,1,4,4,21,5.25,6,4,2025-09-12
7400,location 886,0,severity_type 1,resource_type 6,2,2,2,2,4,2.0,2,2,2025-03-11
5520,location 494,0,severity_type 4,resource_type 2,1,1,2,2,8,4.0,4,4,2025-12-16
7062,location 881,0,severity_type 1,resource_type 8,2,2,2,2,4,2.0,3,1,2025-01-22
16163,location 619,0,severity_type 1,resource_type 8,1,1,4,4,294,73.5,198,10,2025-08-03
11755,location 814,0,severity_type 4,resource_type 8,1,1,1,1,2,2.0,2,2,2025-03-11
9083,location 474,0,severity_type 2,resource_type 2,2,2,4,4,5,1.25,2,1,2025-08-31
5811,location 481,0,severity_type 2,resource_type 2,2,2,4,4,105,26.25,30,23,2025-05-31
4668,location 305,0,severity_type 1,resource_type 2,1,1,2,2,2,1.0,1,1,2025-06-09
357,location 894,0,severity_type 1,resource_type 2,3,3,6,6,86,14.333333333333334,21,4,2025-09-03
1586,location 1107,0,severity_type 1,resource_type 8,2,2,4,4,58,14.5,17,12,2025-10-03
8670,location 696,1,severity_type 1,resource_type 8,1,1,3,3,9,3.0,4,2,2025-05-19
6181,location 373,0,severity_type 2,resource_type 2,2,2,4,4,60,15.0,23,8,2025-12-31
15333,location 205,0,severity_type 4,resource_type 2,1,1,4,4,4,1.0,1,1,2025-07-01
10644,location 498,0,severity_type 2,resource_type 2,2,2,6,6,94,15.666666666666666,42,2,2025-02-28
6915,location 252,0,severity_type 1,resource_type 2,3,3,4,4,4,1.0,1,1,2025-01-03
8662,location 1030,1,severity_type 1,resource_type 8,1,1,2,2,7,3.5,4,3,2025-03-15
1782,location 1086,2,severity_type 2,resource_type 8,1,1,2,2,43,21.5,24,19,2025-09-10
2998,location 1086,1,severity_type 2,resource_type 8,1,1,2,2,5,2.5,4,1,2025-07-16
14007,location 124,0,severity_type 2,resource_type 2,2,2,6,6,14,2.333333333333333,3,1,2025-05-04
44,location 451,0,severity_type 2,resource_type 2,2,2,2,2,56,28.0,28,28,2025-06-25
5693,location 1019,2,severity_type 2,resource_type 8,1,1,3,3,41,13.666666666666666,35,2,2025-11-02
1732,location 810,2,severity_type 1,resource_type 8,3,3,4,4,46,11.5,21,4,2025-07-28
2867,location 816,0,severity_type 2,resource_type 8,1,1,1,1,1,1.0,1,1,2025-01-22
1296,location 846,2,severity_type 2,resource_type 8,1,1,2,2,18,9.0,10,8,2025-01-18
18406,location 810,0,severity_type 1,resource_type 8,2,2,2,2,11,5.5,10,1,2025-06-25
3883,location 810,0,severity_type 1,resource_type 8,2,2,2,2,9,4.5,5,4,2025-05-28
4440,location 1107,0,severity_type 1,resource_type 8,2,2,8,8,143,17.875,83,1,2025-11-07
17217,location 469,0,severity_type 2,resource_type 2,2,2,9,9,110,12.22222222222222,41,2,2025-08-01
12917,location 297,0,severity_type 2,resource_type 2,2,2,2,2,4,2.0,2,2,2025-10-04
15400,location 102,1,severity_type 2,resource_type 2,1,1,4,4,4,1.0,1,1,2025-08-02
15147,location 810,0,severity_type 1,resource_type 8,2,2,3,3,25,8.333333333333334,22,1,2025-05-07
6467,location 1035,1,severity_type 4,resource_type 8,1,1,1,1,1,1.0,1,1,2025-08-28
13894,location 627,1,severity_type 2,resource_type 7,3,3,5,5,12,2.4,4,1,2025-08-15
7942,location 280,0,severity_type 2,resource_type 2,2,2,4,4,8,2.0,2,2,2025-09-20
10977,location 1017,0,severity_type 1,resource_type 2,1,1,2,2,2,1.0,1,1,2025-03-11
10725,location 320,0,severity_type 1,resource_type 2,3,3,4,4,4,1.0,1,1,2025-08-23
12826,location 943,0,severity_type 1,resource_type 8,1,1,2,2,6,3.0,3,3,2025-04-15
7968,location 471,0,severity_type 2,resource_type 2,2,2,2,2,10,5.0,6,4,2025-10-16
10559,location 13,1,severity_type 1,resource_type 8,2,2,2,2,4,2.0,2,2,2025-10-19
4771,location 506,0,severity_type 2,resource_type 2,2,2,9,9,161,17.88888888888889,39,1,2025-08-17
15679,location 1059,0,severity_type 1,resource_type 2,1,1,2,2,2,1.0,1,1,2025-12-12
6090,location 149,0,severity_type 2,resource_type 2,2,2,7,7,10,1.4285714285714286,2,1,2025-07-16
3289,location 831,1,severity_type 1,resource_type 8,1,1,1,1,3,3.0,3,3,2025-01-10
8206,location 1109,0,severity_type 1,resource_type 6,1,1,1,1,1,1.0,1,1,2025-08-10
9034,location 902,0,severity_type 4,resource_type 7,1,1,1,1,1,1.0,1,1,2025-10-11
1802,location 763,1,severity_type 2,resource_type 8,1,1,2,2,3,1.5,2,1,2025-02-06
9323,location 802,1,severity_type 4,resource_type 7,1,1,3,3,24,8.0,13,1,2025-02-08
5217,location 475,0,severity_type 2,resource_type 2,2,2,2,2,44,22.0,25,19,2025-04-10
15224,location 600,2,severity_type 2,resource_type 8,1,1,2,2,66,33.0,38,28,2025-11-05
15116,location 976,0,severity_type 2,resource_type 8,1,1,2,2,12,6.0,10,2,2025-07-12
17990,location 396,0,severity_type 4,resource_type 2,1,1,4,4,4,1.0,1,1,2025-12-23
12452,location 894,0,severity_type 2,resource_type 2,1,1,1,1,2,2.0,2,2,2025-11-15
11663,location 16,0,severity_type 1,resource_type 8,1,1,2,2,4,2.0,3,1,2025-07-22
18281,location 181,0,severity_type 2,resource_type 2,2,2,8,8,14,1.75,3,1,2025-09-05
1946,location 1033,1,severity_type 1,resource_type 8,1,1,1,1,3,3.0,3,3,2025-05-01
1999,location 600,0,severity_type 2,resource_type 8,1,1,1,1,20,20.0,20,20,2025-02-02
12420,location 691,1,severity_type 2,resource_type 7,2,2,3,3,6,2.0,2,2,2025-05-26
16293,location 409,0,severity_type 2,resource_type 2,2,2,3,3,3,1.0,1,1,2025-08-05
3112,location 1006,0,severity_type 2,resource_type 8,1,1,2,2,6,3.0,5,1,2025-03-08
7017,location 1018,1,severity_type 2,resource_type 8,1,1,2,2,5,2.5,3,2,2025-03-22
4483,location 270,0,severity_type 2,resource_type 2,2,2,4,4,9,2.25,4,1,2025-01-06
4460,location 1030,0,severity_type 2,resource_type 8,1,1,2,2,4,2.0,2,2,2025-09-25
3253,location 878,0,severity_type 2,resource_type 8,1,1,1,1,2,2.0,2,2,2025-11-25
1118,location 241,0,severity_type 2,resource_type 2,2,2,4,4,4,1.0,1,1,2025-10-30
4291,location 114,1,severity_type 1,resource_type 2,1,1,2,2,2,1.0,1,1,2025-05-19
6331,location 619,0,severity_type 2,resource_type 8,1,1,1,1,2,2.0,2,2,2025-08-05
9297,location 283,0,severity_type 2,resource_type 2,2,2,4,4,5,1.25,2,1,2025-12-17
6654,location 768,0,severity_type 1,resource_type 8,1,1,2,2,2,1.0,1,1,2025-08-04
11243,location 696,0,severity_type 2,resource_type 8,1,1,1,1,8,8.0,8,8,2025-04-18
7143,location 990,0,severity_type 1,resource_type 8,1,1,2,2,6,3.0,3,3,2025-05-04
17753,location 704,1,severity_type 2,resource_type 8,1,1,2,2,9,4.5,6,3,2025-09-23
11382,location 998,1,severity_type 1,resource_type 8,1,1,2,2,2,1.0,1,1,2025-06-12
16057,location 831,1,severity_type 1,resource_type 8,1,1,4,4,7,1.75,3,1,2025-11-02
4531,location 660,0,severity_type 1,resource_type 2,1,1,1,1,1,1.0,1,1,2025-11-12
7630,location 114,1,severity_type 2,resource_type 2,2,2,3,3,9,3.0,4,1,2025-01-14
9922,location 1042,0,severity_type 2,resource_type 8,1,1,2,2,62,31.0,60,2,2025-09-22
4614,location 899,0,severity_type 1,resource_type 2,3,3,5,5,10,2.0,2,2,2025-05-16
2466,location 242,0,severity_type 4,resource_type 2,1,1,1,1,2,2.0,2,2,2025-07-09
14383,location 523,0,severity_type 1,resource_type 2,3,3,6,6,25,4.166666666666667,10,1,2025-04-07
17781,location 478,0,severity_type 2,resource_type 2,2,2,6,6,26,4.333333333333333,13,1,2025-05-15
7997,location 906,1,severity_type 1,resource_type 8,1,1,2,2,2,1.0,1,1,2025-05-01
17366,location 1066,0,severity_type 1,resource_type 8,3,3,4,4,4,1.0,1,1,2025-01-19
13380,location 400,1,severity_type 2,resource_type 2,2,2,2,2,2,1.0,1,1,2025-10-13
14349,location 507,0,severity_type 2,resource_type 2,2,2,2,2,65,32.5,34,31,2025-02-22
15563,location 995,2,severity_type 1,resource_type 8,2,2,4,4,28,7.0,11,2,2025-05-18
10599,location 604,1,severity_type 1,resource_type 8,1,1,3,3,6,2.0,3,1,2025-03-12
16556,location 206,1,severity_type 1,resource_type 2,2,2,3,3,3,1.0,1,1,2025-02-28
4419,location 945,1,severity_type 4,resource_type 2,1,1,2,2,2,1.0,1,1,2025-05-17
10653,location 802,1,severity_type 1,resource_type 7,3,3,4,4,13,3.25,8,1,2025-12-02
8605,location 466,0,severity_type 2,resource_type 2,2,2,2,2,22,11.0,11,11,2025-12-11
15425,location 1033,0,severity_type 1,resource_type 8,1,1,1,1,3,3.0,3,3,2025-05-20
60,location 931,0,severity_type 1,resource_type 8,2,2,2,2,8,4.0,7,1,2025-07-04
588,location 921,2,severity_type 1,resource_type 8,2,2,4,4,20,5.0,6,4,2025-12-26
5088,location 522,0,severity_type 2,resource_type 2,2,2,2,2,9,4.5,5,4,2025-03-27
13186,location 7,0,severity_type 1,resource_type 8,1,1,4,4,29,7.25,17,1,2025-12-11
12476,location 248,0,severity_type 1,resource_type 2,3,3,4,4,4,1.0,1,1,2025-02-08
4140,location 600,0,severity_type 1,resource_type 8,2,2,2,2,80,40.0,50,30,2025-03-24
11765,location 821,1,severity_type 1,resource_type 2,3,3,5,5,20,4.0,8,1,2025-05-04
7947,location 687,1,severity_type 1,resource_type 8,1,1,1,1,2,2.0,2,2,2025-01-14
7984,location 752,0,severity_type 1,resource_type 8,2,2,2,2,3,1.5,2,1,2025-10-25
10409,location 1015,0,severity_type 1,resource_type 2,1,1,2,2,2,1.0,1,1,2025-11-09
15880,location 9,0,severity_type 1,resource_type 8,2,2,1,1,2,2.0,2,2,2025-05-20
3756,location 853,1,severity_type 1,resource_type 8,1,1,2,2,3,1.5,2,1,2025-11-02
18072,location 788,1,severity_type 1,resource_type 8,2,2,1,1,2,2.0,2,2,2025-10-09
10520,location 1019,2,severity_type 1,resource_type 8,2,2,2,2,53,26.5,43,10,2025-10-20
15756,location 1080,1,severity_type 2,resource_type 4,2,2,1,1,1,1.0,1,1,2025-10-20
4106,location 724,2,severity_type 1,resource_type 8,1,1,2,2,24,12.0,14,10,2025-07-29
6932,location 1014,0,severity_type 1,resource_type 8,2,2,2,2,5,2.5,3,2,2025-02-10
14955,location 292,0,severity_type 2,resource_type 2,2,2,3,3,9,3.0,5,1,2025-12-04
12088,location 684,2,severity_type 2,resource_type 8,1,1,4,4,45,11.25,38,1,2025-08-11
7590,location 49,0,severity_type 1,resource_type 8,2,2,2,2,2,1.0,1,1,2025-11-25
7773,location 496,0,severity_type 2,resource_type 2,2,2,4,4,60,15.0,25,6,2025-12-17
4858,location 892,2,severity_type 1,resource_type 2,4,4,6,6,18,3.0,4,1,2025-03-10
550,location 1031,0,severity_type 1,resource_type 8,1,1,2,2,13,6.5,7,6,2025-05-27
7044,location 460,0,severity_type 4,resource_type 2,1,1,1,1,4,4.0,4,4,2025-03-12
2686,location 274,0,severity_type 1,resource_type 2,3,3,4,4,10,2.5,3,2,2025-01-19
13965,location 794,0,severity_type 1,resource_type 8,2,2,2,2,6,3.0,3,3,2025-12-19
6204,location 508,0,severity_type 2,resource_type 2,2,2,4,4,28,7.0,14,2,2025-12-04
3173,location 734,2,severity_type 1,resource_type 8,2,2,4,4,47,11.75,20,1,2025-12-07
5387,location 821,2,severity_type 1,resource_type 2,3,3,4,4,40,10.0,18,6,2025-11-19
5731,location 1019,0,severity_type 2,resource_type 8,1,1,2,2,5,2.5,3,2,2025-08-25
279,location 400,0,severity_type 4,resource_type 2,1,1,1,1,1,1.0,1,1,2025-07-10
14032,location 102,0,severity_type 2,resource_type 2,2,2,6,6,130,21.666666666666668,53,6,2025-12-28
5268,location 584,0,severity_type 2,resource_type 8,1,1,2,2,13,6.5,10,3,2025-07-21
12145,location 645,2,severity_type 1,resource_type 2,4,4,4,4,12,3.0,6,2,2025-08-23
5991,location 931,0,severity_type 1,resource_type 8,2,2,2,2,4,2.0,2,2,2025-03-19
14861,location 171,1,severity_type 2,resource_type 2,2,2,4,4,10,2.5,3,2,2025-09-30
3446,location 100,0,severity_type 2,resource_type 2,2,2,3,3,27,9.0,14,2,2025-10-27
12788,location 803,0,severity_type 1,resource_type 8,1,1,2,2,5,2.5,4,1,2025-09-05
18136,location 114,1,severity_type 2,resource_type 2,2,2,4,4,7,1.75,2,1,2025-07-01
8238,location 314,0,severity_type 2,resource_type 2,2,2,4,4,9,2.25,4,1,2025-03-14
2845,location 962,2,severity_type 2,resource_type 8,1,1,2,2,19,9.5,10,9,2025-01-13
6302,location 501,0,severity_type 2,resource_type 2,2,2,3,3,6,2.0,3,1,2025-08-17
18405,location 837,1,severity_type 1,resource_type 2,2,2,4,4,4,1.0,1,1,2025-09-07
10089,location 845,2,severity_type 1,resource_type 8,2,2,2,2,19,9.5,10,9,2025-10-10
1865,location 763,1,severity_type 2,resource_type 8,1,1,2,2,39,19.5,22,17,2025-12-13
14870,location 242,0,severity_type 2,resource_type 2,2,2,6,6,257,42.833333333333336,79,1,2025-07-01
3291,location 734,2,severity_type 1,resource_type 8,2,2,7,7,170,24.285714285714285,74,2,2025-10-30
6806,location 684,0,severity_type 1,resource_type 8,2,2,2,2,49,24.5,48,1,2025-09-19
8888,location 419,1,severity_type 2,resource_type 2,2,2,4,4,4,1.0,1,1,2025-04-12
3950,location 484,0,severity_type 4,resource_type 2,1,1,2,2,2,1.0,1,1,2025-11-05
14916,location 998,1,severity_type 1,resource_type 8,1,1,2,2,4,2.0,2,2,2025-01-20
12957,location 95,0,severity_type 2,resource_type 2,2,2,9,9,14,1.5555555555555556,4,1,2025-08-07
812,location 1024,0,severity_type 1,resource_type 8,1,1,3,3,678,226.0,364,2,2025-12-10
12866,location 726,0,severity_type 2,resource_type 8,1,1,1,1,1,1.0,1,1,2025-08-29
1040,location 122,0,severity_type 2,resource_type 2,2,2,2,2,2,1.0,1,1,2025-12-09
6382,location 442,0,severity_type 4,resource_type 2,1,1,1,1,1,1.0,1,1,2025-01-21
12195,location 252,0,severity_type 4,resource_type 2,1,1,4,4,4,1.0,1,1,2025-07-14
5303,location 1061,1,severity_type 2,resource_type 8,1,1,3,3,33,11.0,31,1,2025-10-12
12744,location 57,2,severity_type 1,resource_type 8,1,1,2,2,9,4.5,8,1,2025-08-23
3695,location 1067,1,severity_type 1,resource_type 8,1,1,1,1,3,3.0,3,3,2025-11-18
2942,location 485,0,severity_type 2,resource_type 2,2,2,2,2,14,7.0,7,7,2025-06-18
8667,location 760,1,severity_type 2,resource_type 8,1,1,1,1,1,1.0,1,1,2025-09-07
1764,location 345,0,severity_type 2,resource_type 2,2,2,4,4,7,1.75,3,1,2025-06-03
6828,location 504,0,severity_type 2,resource_type 2,2,2,2,2,9,4.5,5,4,2025-11-15
1030,location 692,1,severity_type 2,resource_type 8,1,1,4,4,5,1.25,2,1,2025-02-13
13359,location 845,1,severity_type 1,resource_type 8,2,2,4,4,78,19.5,48,4,2025-04-03
10251,location 282,0,severity_type 2,resource_type 2,2,2,4,4,13,3.25,6,1,2025-02-05
5598,location 175,1,severity_type 2,resource_type 2,1,1,2,2,2,1.0,1,1,2025-09-14
2774,location 1008,1,severity_type 2,resource_type 8,1,1,2,2,8,4.0,5,3,2025-03-26
4278,location 653,1,severity_type 1,resource_type 8,2,2,2,2,14,7.0,12,2,2025-04-26
8956,location 893,0,severity_type 1,resource_type 2,8,8,15,15,487,32.46666666666667,99,1,2025-11-02
16458,location 278,0,severity_type 2,resource_type 2,2,2,4,4,6,1.5,2,1,2025-05-12
7103,location 79,1,severity_type 1,resource_type 3,3,3,3,3,3,1.0,1,1,2025-02-23
6405,location 938,0,severity_type 2,resource_type 8,1,1,1,1,8,8.0,8,8,2025-01-08
4989,location 794,0,severity_type 1,resource_type 4,3,3,3,3,3,1.0,1,1,2025-03-24
13607,location 459,0,severity_type 4,resource_type 2,1,1,3,3,3,1.0,1,1,2025-11-30
7637,location 974,2,severity_type 1,resource_type 8,1,1,4,4,38,9.5,24,1,2025-07-20
10317,location 478,0,severity_type 2,resource_type 2,2,2,3,3,3,1.0,1,1,2025-12-30
14236,location 854,1,severity_type 1,resource_type 8,1,1,2,2,6,3.0,4,2,2025-03-20
11937,location 139,0,severity_type 2,resource_type 2,2,2,6,6,38,6.333333333333333,10,2,2025-05-09
5253,location 1056,1,severity_type 1,resource_type 8,2,2,4,4,9,2.25,3,1,2025-03-01
957,location 921,0,severity_type 2,resource_type 8,1,1,2,2,5,2.5,4,1,2025-05-26
2138,location 509,0,severity_type 2,resource_type 2,2,2,2,2,18,9.0,11,7,2025-07-25
2137,location 600,2,severity_type 2,resource_type 8,1,1,2,2,32,16.0,28,4,2025-10-22
17548,location 471,0,severity_type 2,resource_type 2,2,2,2,2,217,108.5,113,104,2025-05-15
11156,location 79,1,severity_type 1,resource_type 2,4,4,5,5,14,2.8,4,1,2025-10-09
507,location 895,0,severity_type 4,resource_type 2,3,3,3,3,6,2.0,2,2,2025-08-17
9593,location 497,0,severity_type 2,resource_type 2,2,2,3,3,8,2.6666666666666665,4,1,2025-04-17
1977,location 184,0,severity_type 2,resource_type 2,2,2,2,2,2,1.0,1,1,2025-11-29
18467,location 548,1,severity_type 1,resource_type 8,1,1,1,1,1,1.0,1,1,2025-06-08
6443,location 995,1,severity_type 1,resource_type 8,2,2,5,5,48,9.6,40,1,2025-02-25
8512,location 1058,1,severity_type 1,resource_type 8,1,1,2,2,5,2.5,3,2,2025-12-18
16490,location 133,0,severity_type 1,resource_type 2,3,3,3,3,5,1.6666666666666667,2,1,2025-11-30
2594,location 1098,2,severity_type 1,resource_type 8,1,1,1,1,1,1.0,1,1,2025-01-19
15555,location 1010,0,severity_type 2,resource_type 8,1,1,2,2,11,5.5,8,3,2025-11-26
12013,location 484,0,severity_type 2,resource_type 2,2,2,5,5,9,1.8,2,1,2025-12-12
7575,location 963,0,severity_type 1,resource_type 8,1,1,2,2,5,2.5,3,2,2025-10-30
4425,location 126,0,severity_type 2,resource_type 2,3,3,10,10,30,3.0,6,1,2025-04-04
11319,location 643,0,severity_type 4,resource_type 2,1,1,1,1,1,1.0,1,1,2025-08-19
3375,location 100,0,severity_type 2,resource_type 2,2,2,4,4,15,3.75,5,2,2025-07-16
8907,location 505,0,severity_type 2,resource_type 2,2,2,6,6,275,45.833333333333336,145,2,2025-08-15
8021,location 619,2,severity_type 1,resource_type 8,1,1,7,7,1155,165.0,588,1,2025-08-14
9586,location 890,0,severity_type 4,resource_type 8,1,1,1,1,1,1.0,1,1,2025-08-22
14831,location 504,0,severity_type 2,resource_type 2,2,2,2,2,6,3.0,4,2,2025-07-07
15659,location 477,0,severity_type 2,resource_type 2,2,2,5,5,151,30.2,74,1,2025-09-10
10953,location 504,0,severity_type 2,resource_type 2,2,2,2,2,2,1.0,1,1,2025-07-12
12528,location 627,0,severity_type 2,resource_type 7,2,2,2,2,3,1.5,2,1,2025-01-07
4979,location 1110,1,severity_type 1,resource_type 8,2,2,1,1,1,1.0,1,1,2025-01-13
8917,location 808,0,severity_type 1,resource_type 8,2,2,2,2,6,3.0,4,2,2025-12-16
17156,location 1042,0,severity_type 2,resource_type 8,1,1,2,2,52,26.0,28,24,2025-11-28
12643,location 365,0,severity_type 4,resource_type 2,1,1,6,6,6,1.0,1,1,2025-08-02
4442,location 491,0,severity_type 2,resource_type 2,1,1,1,1,1,1.0,1,1,2025-03-05
11227,location 506,0,severity_type 2,resource_type 2,2,2,2,2,5,2.5,3,2,2025-10-13
7800,location 290,0,severity_type 2,resource_type 2,2,2,2,2,5,2.5,3,2,2025-02-22
112,location 963,0,severity_type 2,resource_type 8,1,1,1,1,1,1.0,1,1,2025-05-18
6734,location 666,1,severity_type 1,resource_type 8,1,1,1,1,1,1.0,1,1,2025-05-01
16755,location 475,0,severity_type 2,resource_type 2,2,2,2,2,6,3.0,3,3,2025-01-05
11631,location 878,0,severity_type 2,resource_type 8,1,1,2,2,6,3.0,3,3,2025-10-22
18126,location 1061,1,severity_type 2,resource_type 8,1,1,2,2,9,4.5,6,3,2025-07-06
12385,location 1100,2,severity_type 1,resource_type 8,2,2,4,4,57,14.25,49,2,2025-04-26
16345,location 613,1,severity_type 1,resource_type 8,3,3,5,5,26,5.2,20,1,2025-07-05
10249,location 810,2,severity_type 1,resource_type 8,3,3,6,6,27,4.5,14,1,2025-01-01
6810,location 255,0,severity_type 2,resource_type 2,2,2,5,5,5,1.0,1,1,2025-06-09
1355,location 494,0,severity_type 2,resource_type 2,2,2,6,6,370,61.66666666666666,114,1,2025-07-09
1048,location 996,1,severity_type 2,resource_type 8,1,1,2,2,3,1.5,2,1,2025-05-04
323,location 763,1,severity_type 2,resource_type 8,1,1,2,2,12,6.0,9,3,2025-10-31
11802,location 480,0,severity_type 2,resource_type 2,2,2,4,4,110,27.5,30,25,2025-04-02
17016,location 891,0,severity_type 2,resource_type 8,1,1,2,2,4,2.0,2,2,2025-02-20
3731,location 795,0,severity_type 2,resource_type 8,1,1,3,3,193,64.33333333333333,135,1,2025-07-12
14354,location 446,1,severity_type 2,resource_type 2,2,2,4,4,4,1.0,1,1,2025-11-20
13672,location 1095,1,severity_type 1,resource_type 8,2,2,3,3,5,1.6666666666666667,2,1,2025-05-17
6547,location 834,2,severity_type 1,resource_type 8,2,2,3,3,44,14.666666666666666,36,2,2025-01-18
2695,location 909,0,severity_type 2,resource_type 8,2,2,2,2,6,3.0,4,2,2025-12-21
16033,location 338,1,severity_type 1,resource_type 2,2,2,3,3,4,1.3333333333333333,2,1,2025-06-12
4305,location 91,0,severity_type 2,resource_type 2,2,2,6,6,373,62.16666666666666,234,1,2025-03-05
9177,location 126,0,severity_type 2,resource_type 2,2,2,6,6,50,8.333333333333334,12,5,2025-08-13
178,location 939,0,severity_type 1,resource_type 8,1,1,1,1,1,1.0,1,1,2025-04-27
14884,location 13,1,severity_type 1,resource_type 6,2,2,2,2,6,3.0,4,2,2025-12-09
4126,location 653,2,severity_type 2,resource_type 8,1,1,3,3,72,24.0,47,5,2025-04-18
13373,location 760,1,severity_type 1,resource_type 8,1,1,1,1,3,3.0,3,3,2025-07-20
16815,location 459,0,severity_type 1,resource_type 2,3,3,4,4,4,1.0,1,1,2025-07-18
3917,location 661,0,severity_type 2,resource_type 8,1,1,1,1,1,1.0,1,1,2025-03-30
1405,location 126,0,severity_type 2,resource_type 2,2,2,7,7,31,4.428571428571429,8,1,2025-07-02
7558,location 684,2,severity_type 1,resource_type 8,2,2,2,2,96,48.0,59,37,2025-02-09
5628,location 369,0,severity_type 4,resource_type 2,1,1,4,4,6,1.5,2,1,2025-08-23
727,location 118,0,severity_type 2,resource_type 2,2,2,2,2,45,22.5,23,22,2025-10-04
4218,location 618,1,severity_type 1,resource_type 7,2,2,3,3,3,1.0,1,1,2025-12-13
206,location 805,0,severity_type 1,resource_type 8,1,1,2,2,3,1.5,2,1,2025-04-29
8148,location 1,1,severity_type 1,resource_type 8,2,2,5,5,26,5.2,16,1,2025-04-15
4650,location 95,0,severity_type 2,resource_type 2,2,2,4,4,8,2.0,2,2,2025-07-20
12671,location 931,0,severity_type 2,resource_type 8,1,1,1,1,1,1.0,1,1,2025-09-10
10931,location 763,1,severity_type 1,resource_type 8,2,2,2,2,9,4.5,8,1,2025-12-29
3073,location 1121,1,severity_type 1,resource_type 2,1,1,2,2,2,1.0,1,1,2025-01-10
6076,location 613,2,severity_type 1,resource_type 8,2,2,3,3,22,7.333333333333333,16,1,2025-03-28
8407,location 153,0,severity_type 4,resource_type 2,1,1,1,1,1,1.0,1,1,2025-04-06
9344,location 942,0,severity_type 4,resource_type 7,1,1,2,2,4,2.0,2,2,2025-04-04
6886,location 562,0,severity_type 2,resource_type 8,1,1,1,1,6,6.0,6,6,2025-06-19
14423,location 704,2,severity_type 1,resource_type 8,2,2,3,3,50,16.666666666666668,32,1,2025-11-15
17880,location 521,0,severity_type 2,resource_type 2,2,2,2,2,22,11.0,11,11,2025-01-12
4384,location 118,1,severity_type 2,resource_type 2,2,2,2,2,2,1.0,1,1,2025-10-25
12294,location 641,2,severity_type 1,resource_type 2,2,2,4,4,56,14.0,19,8,2025-08-14
2038,location 324,0,severity_type 2,resource_type 2,2,2,9,9,9,1.0,1,1,2025-08-13
5291,location 803,0,severity_type 2,resource_type 8,1,1,1,1,3,3.0,3,3,2025-09-05
4263,location 966,0,severity_type 2,resource_type 8,1,1,2,2,2,1.0,1,1,2025-02-12
4731,location 834,0,severity_type 1,resource_type 8,2,2,2,2,12,6.0,6,6,2025-09-30
6211,location 1100,2,severity_type 1,resource_type 8,2,2,4,4,63,15.75,36,1,2025-04-01
7717,location 471,0,severity_type 2,resource_type 2,2,2,6,6,12,2.0,3,1,2025-07-08
3221,location 5,0,severity_type 4,resource_type 7,1,1,1,1,2,2.0,2,2,2025-09-05
1455,location 734,0,severity_type 1,resource_type 8,3,3,4,4,18,4.5,8,2,2025-08-09
14433,location 1007,1,severity_type 1,resource_type 8,2,2,2,2,58,29.0,51,7,2025-04-28
7153,location 638,0,severity_type 1,resource_type 2,2,2,4,4,41,10.25,13,7,2025-05-25
3611,location 995,2,severity_type 1,resource_type 8,2,2,3,3,19,6.333333333333333,12,1,2025-06-23
15751,location 964,0,severity_type 2,resource_type 8,1,1,2,2,4,2.0,2,2,2025-01-16
16740,location 584,0,severity_type 1,resource_type 8,1,1,2,2,14,7.0,7,7,2025-09-23
5556,location 821,1,severity_type 1,resource_type 8,2,2,4,4,16,4.0,7,1,2025-02-06
1412,location 300,1,severity_type 2,resource_type 2,2,2,4,4,4,1.0,1,1,2025-06-17
11606,location 853,1,severity_type 1,resource_type 8,1,1,2,2,3,1.5,2,1,2025-08-28
5308,location 522,0,severity_type 2,resource_type 2,2,2,2,2,6,3.0,3,3,2025-01-30
15272,location 1051,0,severity_type 1,resource_type 2,1,1,2,2,2,1.0,1,1,2025-12-30
1899,location 1115,0,severity_type 1,resource_type 8,2,2,3,3,29,9.666666666666666,14,1,2025-05-18
1555,location 1063,0,severity_type 1,resource_type 8,1,1,2,2,6,3.0,3,3,2025-01-06
6641,location 373,0,severity_type 2,resource_type 2,2,2,4,4,139,34.75,50,23,2025-08-29
12804,location 104,0,severity_type 1,resource_type 2,1,1,2,2,2,1.0,1,1,2025-07-23
14088,location 836,0,severity_type 2,resource_type 8,1,1,1,1,1,1.0,1,1,2025-08-22
17220,location 646,2,severity_type 1,resource_type 8,2,2,4,4,10,2.5,3,2,2025-10-02
12907,location 300,1,severity_type 2,resource_type 2,2,2,2,2,2,1.0,1,1,2025-06-23
17741,location 614,0,severity_type 2,resource_type 8,1,1,1,1,1,1.0,1,1,2025-10-29
1120,location 1115,0,severity_type 1,resource_type 8,1,1,2,2,8,4.0,4,4,2025-05-16
1425,location 944,0,severity_type 2,resource_type 8,1,1,1,1,1,1.0,1,1,2025-07-18
902,location 763,1,severity_type 2,resource_type 8,1,1,2,2,5,2.5,4,1,2025-02-27
6093,location 812,0,severity_type 2,resource_type 8,1,1,2,2,28,14.0,17,11,2025-08-15
3742,location 960,1,severity_type 1,resource_type 6,6,6,9,9,42,4.666666666666667,15,1,2025-04-06
3527,location 288,1,severity_type 2,resource_type 2,2,2,2,2,2,1.0,1,1,2025-09-12
6470,location 892,0,severity_type 2,resource_type 2,3,3,4,4,10,2.5,3,1,2025-10-20
1248,location 648,2,severity_type 1,resource_type 7,4,4,5,5,11,2.2,6,1,2025-11-10
4122,location 565,2,severity_type 1,resource_type 8,2,2,5,5,26,5.2,13,1,2025-12-06
17824,location 495,0,severity_type 2,resource_type 2,2,2,2,2,26,13.0,17,9,2025-02-14
11940,location 311,1,severity_type 4,resource_type 2,1,1,2,2,3,1.5,2,1,2025-02-20
8069,location 500,0,severity_type 2,resource_type 2,2,2,4,4,8,2.0,3,1,2025-12-05
10782,location 727,0,severity_type 1,resource_type 8,1,1,1,1,4,4.0,4,4,2025-05-20
17733,location 239,1,severity_type 1,resource_type 2,2,2,3,3,5,1.6666666666666667,2,1,2025-01-10
3612,location 488,0,severity_type 2,resource_type 2,2,2,2,2,53,26.5,33,20,2025-04-15
4147,location 704,0,severity_type 2,resource_type 8,1,1,2,2,13,6.5,8,5,2025-11-02
1351,location 103,0,severity_type 2,resource_type 2,2,2,12,12,29,2.4166666666666665,8,1,2025-05-10
11657,location 184,0,severity_type 1,resource_type 2,3,3,3,3,3,1.0,1,1,2025-01-29
9091,location 821,0,severity_type 2,resource_type 8,1,1,3,3,49,16.333333333333332,42,2,2025-09-21
1215,location 547,0,severity_type 1,resource_type 2,1,1,2,2,6,3.0,3,3,2025-03-13
14496,location 161,0,severity_type 2,resource_type 2,2,2,2,2,9,4.5,6,3,2025-05-09
12951,location 830,2,severity_type 1,resource_type 8,1,1,4,4,20,5.0,9,1,2025-01-02
5385,location 244,0,severity_type 2,resource_type 2,2,2,2,2,65,32.5,33,32,2025-08-08
15162,location 1045,1,severity_type 1,resource_type 2,1,1,2,2,2,1.0,1,1,2025-06-12
8159,location 1017,1,severity_type 1,resource_type 8,1,1,2,2,22,11.0,12,10,2025-11-13
2097,location 745,2,severity_type 1,resource_type 6,3,3,4,4,23,5.75,10,2,2025-05-03
2235,location 584,0,severity_type 1,resource_type 8,1,1,1,1,5,5.0,5,5,2025-03-16
11778,location 1107,2,severity_type 1,resource_type 8,2,2,6,6,104,17.333333333333332,58,1,2025-03-02
4281,location 478,0,severity_type 2,resource_type 2,2,2,2,2,2,1.0,1,1,2025-03-15
12950,location 826,0,severity_type 2,resource_type 8,1,1,2,2,2,1.0,1,1,2025-06-14
12763,location 124,0,severity_type 2,resource_type 2,2,2,6,6,10,1.6666666666666667,2,1,2025-02-01
12047,location 324,1,severity_type 2,resource_type 2,2,2,5,5,9,1.8,2,1,2025-05-27
9331,location 165,0,severity_type 1,resource_type 2,3,3,4,4,4,1.0,1,1,2025-11-08
11299,location 584,0,severity_type 2,resource_type 8,1,1,2,2,4,2.0,2,2,2025-10-08
4905,location 126,0,severity_type 2,resource_type 2,2,2,7,7,22,3.142857142857143,5,1,2025-08-21
13854,location 367,0,severity_type 1,resource_type 2,1,1,2,2,2,1.0,1,1,2025-11-22
2493,location 444,0,severity_type 2,resource_type 2,2,2,4,4,4,1.0,1,1,2025-10-12
10609,location 714,0,severity_type 1,resource_type 8,2,2,4,4,13,3.25,9,1,2025-08-27
6455,location 1112,0,severity_type 1,resource_type 8,1,1,2,2,4,2.0,2,2,2025-11-12
256,location 1033,0,severity_type 4,resource_type 8,1,1,1,1,2,2.0,2,2,2025-02-15
6253,location 1007,0,severity_type 2,resource_type 8,1,1,2,2,12,6.0,6,6,2025-10-26
6311,location 705,2,severity_type 1,resource_type 8,1,1,2,2,12,6.0,6,6,2025-04-18
5258,location 476,0,severity_type 2,resource_type 2,2,2,10,10,106,10.6,40,1,2025-09-25
16223,location 226,0,severity_type 2,resource_type 2,2,2,6,6,16,2.6666666666666665,3,2,2025-11-30
15045,location 1099,1,severity_type 1,resource_type 8,1,1,2,2,7,3.5,4,3,2025-07-01
16894,location 644,1,severity_type 1,resource_type 2,2,2,3,3,4,1.3333333333333333,2,1,2025-02-02
4353,location 150,0,severity_type 2,resource_type 2,2,2,6,6,9,1.5,3,1,2025-05-16
8631,location 489,0,severity_type 2,resource_type 2,2,2,3,3,55,18.33333333333333,27,8,2025-05-29
2450,location 894,0,severity_type 1,resource_type 2,3,3,6,6,34,5.666666666666667,8,2,2025-12-08
7468,location 754,1,severity_type 1,resource_type 8,1,1,4,4,4,1.0,1,1,2025-12-11
10362,location 251,0,severity_type 4,resource_type 2,1,1,1,1,1,1.0,1,1,2025-07-27
7399,location 159,1,severity_type 2,resource_type 2,2,2,2,2,6,3.0,3,3,2025-12-13
16109,location 358,0,severity_type 4,resource_type 2,1,1,4,4,4,1.0,1,1,2025-06-09
9510,location 845,1,severity_type 2,resource_type 8,1,1,2,2,12,6.0,6,6,2025-05-31
10861,location 141,0,severity_type 4,resource_type 2,1,1,6,6,10,1.6666666666666667,3,1,2025-11-02
10666,location 1018,0,severity_type 1,resource_type 8,2,2,4,4,14,3.5,5,2,2025-09-01
16993,location 734,0,severity_type 1,resource_type 2,2,2,2,2,26,13.0,22,4,2025-07-10
83,location 149,0,severity_type 2,resource_type 2,2,2,3,3,6,2.0,3,1,2025-06-16
7045,location 524,0,severity_type 2,resource_type 2,2,2,3,3,3,1.0,1,1,2025-09-15
9434,location 126,0,severity_type 2,resource_type 2,2,2,8,8,40,5.0,8,1,2025-10-03
6235,location 638,0,severity_type 1,resource_type 2,2,2,6,6,410,68.33333333333333,157,4,2025-06-29
15361,location 485,0,severity_type 2,resource_type 2,2,2,4,4,34,8.5,19,1,2025-01-12
3981,location 404,1,severity_type 1,resource_type 2,1,1,2,2,2,1.0,1,1,2025-02-07
3662,location 272,0,severity_type 2,resource_type 2,2,2,3,3,3,1.0,1,1,2025-02-22
16614,location 778,0,severity_type 2,resource_type 8,1,1,2,2,3,1.5,2,1,2025-06-18
10376,location 1107,2,severity_type 1,resource_type 8,2,2,4,4,95,23.75,66,6,2025-08-13
3271,location 976,1,severity_type 2,resource_type 8,1,1,3,3,12,4.0,8,2,2025-10-21
2975,location 978,0,severity_type 1,resource_type 8,2,2,1,1,1,1.0,1,1,2025-03-26
75,location 481,0,severity_type 2,resource_type 2,2,2,4,4,89,22.25,24,20,2025-10-15
2341,location 549,1,severity_type 1,resource_type 2,1,1,1,1,1,1.0,1,1,2025-09-01
8385,location 894,1,severity_type 2,resource_type 2,3,3,3,3,3,1.0,1,1,2025-01-19
8929,location 834,0,severity_type 1,resource_type 8,2,2,2,2,30,15.0,18,12,2025-05-09
1499,location 398,0,severity_type 4,resource_type 2,1,1,4,4,4,1.0,1,1,2025-04-21
12154,location 500,0,severity_type 2,resource_type 2,2,2,6,6,12,2.0,3,1,2025-11-20
16805,location 1105,0,severity_type 1,resource_type 8,1,1,2,2,3,1.5,2,1,2025-12-03
2637,location 950,0,severity_type 1,resource_type 8,1,1,2,2,2,1.0,1,1,2025-10-27
18394,location 595,1,severity_type 1,resource_type 2,1,1,2,2,2,1.0,1,1,2025-07-12
11670,location 995,2,severity_type 1,resource_type 8,2,2,4,4,16,4.0,6,2,2025-06-29
17860,location 1112,0,severity_type 1,resource_type 8,1,1,1,1,1,1.0,1,1,2025-04-24
12290,location 116,0,severity_type 2,resource_type 2,2,2,2,2,10,5.0,7,3,2025-10-10
15957,location 485,0,severity_type 2,resource_type 2,2,2,2,2,4,2.0,2,2,2025-02-01
355,location 846,0,severity_type 1,resource_type 8,2,2,2,2,16,8.0,14,2,2025-04-09
11566,location 484,0,severity_type 2,resource_type 2,2,2,8,8,15,1.875,3,1,2025-02-19
7797,location 1062,1,severity_type 2,resource_type 8,1,1,2,2,2,1.0,1,1,2025-06-30
12906,location 337,1,severity_type 2,resource_type 2,2,2,2,2,3,1.5,2,1,2025-04-20
17511,location 9,0,severity_type 2,resource_type 8,1,1,1,1,4,4.0,4,4,2025-03-14
14447,location 1109,0,severity_type 2,resource_type 8,1,1,1,1,1,1.0,1,1,2025-05-18
9247,location 181,0,severity_type 2,resource_type 2,2,2,4,4,6,1.5,2,1,2025-11-11
10280,location 388,1,severity_type 1,resource_type 2,3,3,8,8,10,1.25,3,1,2025-07-23
11978,location 381,0,severity_type 2,resource_type 2,2,2,2,2,6,3.0,3,3,2025-10-28
18054,location 296,1,severity_type 2,resource_type 2,2,2,5,5,8,1.6,2,1,2025-11-30
14034,location 707,0,severity_type 2,resource_type 9,2,2,4,4,11,2.75,8,1,2025-11-26
17160,location 124,0,severity_type 2,resource_type 2,2,2,6,6,8,1.3333333333333333,2,1,2025-05-09
17058,location 9,0,severity_type 1,resource_type 8,2,2,2,2,8,4.0,7,1,2025-11-17
8421,location 270,0,severity_type 2,resource_type 2,2,2,4,4,6,1.5,3,1,2025-11-28
8634,location 467,0,severity_type 2,resource_type 2,2,2,2,2,7,3.5,5,2,2025-12-17
3318,location 270,0,severity_type 2,resource_type 2,2,2,2,2,2,1.0,1,1,2025-05-09
18379,location 691,0,severity_type 2,resource_type 7,3,3,4,4,26,6.5,12,1,2025-03-25
2159,location 693,0,severity_type 1,resource_type 8,1,1,2,2,2,1.0,1,1,2025-08-02
16228,location 363,0,severity_type 2,resource_type 2,2,2,3,3,7,2.333333333333333,5,1,2025-12-07
14181,location 645,0,severity_type 1,resource_type 2,2,2,2,2,2,1.0,1,1,2025-11-25
5436,location 763,0,severity_type 1,resource_type 8,2,2,4,4,15,3.75,8,1,2025-07-28
17152,location 818,1,severity_type 1,resource_type 8,1,1,2,2,2,1.0,1,1,2025-02-24
17566,location 892,0,severity_type 1,resource_type 2,3,3,5,5,8,1.6,2,1,2025-06-04
1463,location 188,0,severity_type 1,resource_type 2,3,3,4,4,4,1.0,1,1,2025-09-18
11487,location 92,0,severity_type 2,resource_type 2,2,2,4,4,10,2.5,3,2,2025-07-24
3076,location 380,0,severity_type 2,resource_type 2,2,2,2,2,22,11.0,14,8,2025-05-07
16229,location 738,1,severity_type 1,resource_type 8,1,1,2,2,2,1.0,1,1,2025-05-06
2229,location 166,0,severity_type 4,resource_type 2,1,1,3,3,3,1.0,1,1,2025-01-22
9007,location 1107,1,severity_type 1,resource_type 8,2,2,4,4,18,4.5,6,3,2025-04-16
3059,location 200,0,severity_type 1,resource_type 2,2,2,3,3,4,1.3333333333333333,2,1,2025-09-02
10976,location 479,0,severity_type 4,resource_type 2,1,1,1,1,1,1.0,1,1,2025-03-30
3129,location 1067,1,severity_type 1,resource_type 8,1,1,2,2,16,8.0,8,8,2025-12-29
7955,location 707,1,severity_type 1,resource_type 9,2,2,4,4,6,1.5,2,1,2025-01-31
11083,location 149,0,severity_type 2,resource_type 2,2,2,8,8,18,2.25,4,1,2025-08-03
18317,location 172,0,severity_type 4,resource_type 2,1,1,3,3,3,1.0,1,1,2025-07-01
17892,location 228,1,severity_type 2,resource_type 2,2,2,6,6,6,1.0,1,1,2025-11-01
16527,location 122,0,severity_type 2,resource_type 2,2,2,6,6,30,5.0,8,3,2025-11-21
12631,location 47,0,severity_type 3,resource_type 2,2,2,2,2,9,4.5,5,4,2025-07-18
4582,location 802,0,severity_type 1,resource_type 4,6,6,10,10,20,2.0,5,1,2025-08-19
8086,location 292,1,severity_type 2,resource_type 2,2,2,4,4,10,2.5,4,1,2025-09-13
18248,location 475,0,severity_type 2,resource_type 2,2,2,6,6,46,7.666666666666667,21,1,2025-07-10
16554,location 990,1,severity_type 1,resource_type 8,1,1,1,1,1,1.0,1,1,2025-03-09
8167,location 325,1,severity_type 2,resource_type 2,2,2,4,4,20,5.0,5,5,2025-06-06
2012,location 477,0,severity_type 2,resource_type 2,1,1,2,2,4,2.0,2,2,2025-03-30
858,location 1083,0,severity_type 1,resource_type 8,1,1,1,1,2,2.0,2,2,2025-06-19
2531,location 1088,0,severity_type 3,resource_type 2,1,1,1,1,1,1.0,1,1,2025-08-13
17923,location 865,2,severity_type 1,resource_type 8,1,1,8,8,22,2.75,6,1,2025-03-18
5426,location 16,1,severity_type 4,resource_type 2,1,1,2,2,2,1.0,1,1,2025-04-02
8975,location 894,0,severity_type 1,resource_type 2,3,3,6,6,31,5.166666666666667,7,2,2025-10-28
4030,location 186,0,severity_type 1,resource_type 2,2,2,4,4,5,1.25,2,1,2025-05-18
437,location 655,0,severity_type 1,resource_type 8,1,1,2,2,2,1.0,1,1,2025-03-14
6766,location 726,2,severity_type 1,resource_type 8,2,2,4,4,13,3.25,5,2,2025-09-18
3097,location 821,2,severity_type 1,resource_type 8,2,2,1,1,5,5.0,5,5,2025-09-19
10329,location 1019,0,severity_type 1,resource_type 8,2,2,3,3,19,6.333333333333333,9,1,2025-10-29
1378,location 707,0,severity_type 2,resource_type 8,1,1,2,2,10,5.0,7,3,2025-10-05
1517,location 426,0,severity_type 2,resource_type 2,2,2,3,3,7,2.333333333333333,4,1,2025-12-29
5430,location 124,0,severity_type 1,resource_type 8,4,4,9,9,22,2.4444444444444446,5,1,2025-07-29
8687,location 459,0,severity_type 2,resource_type 2,2,2,2,2,4,2.0,2,2,2025-04-15
13000,location 793,0,severity_type 2,resource_type 8,1,1,2,2,44,22.0,26,18,2025-11-11
5862,location 491,0,severity_type 2,resource_type 2,2,2,4,4,8,2.0,3,1,2025-04-07
5982,location 806,0,severity_type 1,resource_type 2,4,4,4,4,15,3.75,12,1,2025-04-17
6683,location 120,0,severity_type 4,resource_type 2,1,1,2,2,2,1.0,1,1,2025-10-30
6518,location 260,0,severity_type 1,resource_type 2,3,3,4,4,4,1.0,1,1,2025-11-18
12191,location 714,1,severity_type 1,resource_type 6,1,1,1,1,1,1.0,1,1,2025-05-04
12877,location 881,1,severity_type 1,resource_type 8,2,2,3,3,10,3.333333333333333,4,3,2025-09-24
6384,location 1088,1,severity_type 1,resource_type 6,1,1,2,2,2,1.0,1,1,2025-12-03
850,location 704,0,severity_type 1,resource_type 8,2,2,3,3,30,10.0,17,1,2025-10-19
12827,location 286,1,severity_type 2,resource_type 2,2,2,2,2,3,1.5,2,1,2025-01-02
7190,location 468,0,severity_type 2,resource_type 2,2,2,2,2,14,7.0,7,7,2025-08-31
5156,location 977,0,severity_type 5,resource_type 9,1,1,2,2,8,4.0,4,4,2025-03-04
2506,location 846,1,severity_type 2,resource_type 8,1,1,2,2,7,3.5,4,3,2025-11-05
15746,location 152,0,severity_type 1,resource_type 2,3,3,3,3,3,1.0,1,1,2025-01-25
3804,location 193,0,severity_type 2,resource_type 2,2,2,6,6,28,4.666666666666667,10,1,2025-12-29
4171,location 466,0,severity_type 2,resource_type 2,2,2,2,2,39,19.5,20,19,2025-03-06
14659,location 744,0,severity_type 1,resource_type 8,2,2,3,3,8,2.6666666666666665,4,1,2025-06-03
16958,location 369,1,severity_type 2,resource_type 2,2,2,8,8,12,1.5,2,1,2025-03-27
2352,location 476,0,severity_type 1,resource_type 8,1,1,1,1,1,1.0,1,1,2025-10-25
4324,location 810,0,severity_type 1,resource_type 8,2,2,4,4,100,25.0,66,1,2025-05-24
7477,location 962,2,severity_type 1,resource_type 8,2,2,4,4,35,8.75,13,4,2025-09-29
10981,location 1026,0,severity_type 1,resource_type 2,1,1,2,2,2,1.0,1,1,2025-01-25
11286,location 1008,0,severity_type 2,resource_type 8,1,1,1,1,7,7.0,7,7,2025-06-15
5720,location 906,0,severity_type 4,resource_type 2,1,1,1,1,1,1.0,1,1,2025-11-29
11659,location 1075,1,severity_type 2,resource_type 8,1,1,2,2,22,11.0,14,8,2025-12-05
6107,location 311,0,severity_type 4,resource_type 2,1,1,1,1,1,1.0,1,1,2025-03-18
1395,location 963,0,severity_type 1,resource_type 8,1,1,2,2,16,8.0,9,7,2025-05-24
18472,location 413,1,severity_type 2,resource_type 2,2,2,5,5,5,1.0,1,1,2025-05-30
14230,location 995,1,severity_type 1,resource_type 8,2,2,4,4,10,2.5,5,1,2025-07-26
406,location 13,2,severity_type 1,resource_type 2,6,6,7,7,11,1.5714285714285714,4,1,2025-07-16
5726,location 1046,2,severity_type 1,resource_type 6,3,3,5,5,12,2.4,4,1,2025-02-08
12338,location 684,2,severity_type 1,resource_type 8,2,2,4,4,165,41.25,100,2,2025-10-06
7414,location 640,1,severity_type 1,resource_type 2,1,1,1,1,2,2.0,2,2,2025-03-24
6070,location 744,0,severity_type 2,resource_type 8,2,2,1,1,1,1.0,1,1,2025-04-25
5079,location 763,1,severity_type 2,resource_type 8,1,1,3,3,37,12.333333333333334,32,2,2025-11-03
5193,location 798,0,severity_type 1,resource_type 8,2,2,2,2,22,11.0,18,4,2025-09-09
4924,location 95,0,severity_type 2,resource_type 2,2,2,4,4,5,1.25,2,1,2025-05-25
14396,location 242,0,severity_type 2,resource_type 2,2,2,2,2,22,11.0,12,10,2025-11-30
14946,location 839,1,severity_type 1,resource_type 8,1,1,1,1,2,2.0,2,2,2025-05-24
15124,location 1107,1,severity_type 2,resource_type 8,1,1,2,2,5,2.5,4,1,2025-07-26
11607,location 582,0,severity_type 1,resource_type 2,1,1,2,2,3,1.5,2,1,2025-03-31
3442,location 809,0,severity_type 1,resource_type 8,2,2,2,2,5,2.5,3,2,2025-03-08
7612,location 496,0,severity_type 2,resource_type 2,2,2,7,7,200,28.571428571428573,47,5,2025-06-29
9712,location 269,0,severity_type 2,resource_type 2,2,2,3,3,4,1.3333333333333333,2,1,2025-07-25
7218,location 369,1,severity_type 2,resource_type 2,1,1,4,4,6,1.5,2,1,2025-10-22
4629,location 1018,0,severity_type 1,resource_type 8,2,2,2,2,3,1.5,2,1,2025-05-23
14081,location 427,0,severity_type 2,resource_type 2,2,2,4,4,13,3.25,6,1,2025-11-23
14494,location 987,0,severity_type 1,resource_type 2,1,1,2,2,2,1.0,1,1,2025-08-10
6545,location 802,0,severity_type 1,resource_type 10,3,3,3,3,3,1.0,1,1,2025-01-26
17583,location 479,0,severity_type 2,resource_type 2,2,2,4,4,18,4.5,8,2,2025-09-27
14829,location 122,0,severity_type 2,resource_type 2,2,2,8,8,39,4.875,12,1,2025-07-29
18314,location 1067,1,severity_type 1,resource_type 8,1,1,2,2,5,2.5,3,2,2025-05-23
1203,location 472,0,severity_type 1,resource_type 8,3,3,11,11,19,1.7272727272727273,4,1,2025-06-20
3713,location 972,1,severity_type 1,resource_type 8,1,1,2,2,2,1.0,1,1,2025-04-21
9926,location 91,0,severity_type 2,resource_type 2,2,2,2,2,143,71.5,99,44,2025-08-13
7665,location 1063,0,severity_type 4,resource_type 8,1,1,1,1,3,3.0,3,3,2025-07-26
16788,location 141,0,severity_type 2,resource_type 2,2,2,2,2,4,2.0,2,2,2025-06-13
1817,location 466,0,severity_type 2,resource_type 2,2,2,2,2,4,2.0,2,2,2025-04-15
8763,location 948,1,severity_type 1,resource_type 8,3,3,5,5,8,1.6,3,1,2025-05-26
16357,location 155,0,severity_type 2,resource_type 2,2,2,2,2,13,6.5,8,5,2025-07-01
2892,location 120,1,severity_type 2,resource_type 2,2,2,2,2,2,1.0,1,1,2025-06-22
18044,location 600,0,severity_type 2,resource_type 8,1,1,1,1,34,34.0,34,34,2025-04-23
18357,location 707,0,severity_type 2,resource_type 8,2,2,3,3,5,1.6666666666666667,2,1,2025-08-01
9188,location 644,0,severity_type 1,resource_type 2,2,2,2,2,542,271.0,271,271,2025-03-24
11325,location 649,1,severity_type 1,resource_type 8,1,1,1,1,2,2.0,2,2,2025-07-02
17258,location 445,0,severity_type 2,resource_type 2,2,2,3,3,6,2.0,3,1,2025-02-14
11297,location 603,0,severity_type 1,resource_type 8,1,1,4,4,13,3.25,6,1,2025-06-22
9818,location 189,0,severity_type 4,resource_type 2,1,1,3,3,3,1.0,1,1,2025-10-14
16781,location 1014,1,severity_type 1,resource_type 6,2,2,3,3,7,2.333333333333333,3,2,2025-10-26
12318,location 1000,0,severity_type 2,resource_type 8,1,1,3,3,3,1.0,1,1,2025-09-11
3331,location 100,0,severity_type 2,resource_type 2,2,2,4,4,7,1.75,3,1,2025-09-30
5269,location 124,0,severity_type 2,resource_type 2,2,2,6,6,21,3.5,5,2,2025-01-25
755,location 122,0,severity_type 2,resource_type 2,2,2,6,6,23,3.8333333333333335,8,1,2025-05-05
1309,location 1117,1,severity_type 1,resource_type 8,1,1,2,2,2,1.0,1,1,2025-08-27
13229,location 1033,1,severity_type 1,resource_type 8,1,1,2,2,5,2.5,3,2,2025-10-20
8916,location 309,1,severity_type 2,resource_type 2,2,2,2,2,2,1.0,1,1,2025-08-01
4279,location 1018,0,severity_type 1,resource_type 8,2,2,2,2,12,6.0,7,5,2025-11-08
16931,location 7,2,severity_type 1,resource_type 8,1,1,5,5,164,32.8,82,1,2025-04-10
12973,location 270,0,severity_type 2,resource_type 2,2,2,3,3,3,1.0,1,1,2025-02-26
16533,location 684,0,severity_type 1,resource_type 8,2,2,3,3,5,1.6666666666666667,2,1,2025-02-01
8040,location 675,1,severity_type 1,resource_type 8,1,1,1,1,1,1.0,1,1,2025-08-01
12444,location 314,0,severity_type 2,resource_type 2,2,2,2,2,6,3.0,3,3,2025-08-31
3800,location 600,0,severity_type 2,resource_type 8,1,1,2,2,32,16.0,16,16,2025-04-15
4727,location 418,1,severity_type 2,resource_type 2,2,2,2,2,4,2.0,2,2,2025-10-14
16347,location 831,0,severity_type 2,resource_type 8,1,1,1,1,1,1.0,1,1,2025-09-27
4239,location 972,2,severity_type 1,resource_type 8,1,1,4,4,46,11.5,38,1,2025-05-12
6383,location 798,2,severity_type 2,resource_type 8,1,1,2,2,113,56.5,98,15,2025-03-29
18256,location 821,0,severity_type 2,resource_type 8,1,1,3,3,17,5.666666666666667,11,2,2025-09-28
10477,location 1022,1,severity_type 1,resource_type 8,1,1,1,1,1,1.0,1,1,2025-09-03
16798,location 450,0,severity_type 2,resource_type 2,2,2,5,5,10,2.0,4,1,2025-03-04
8214,location 221,1,severity_type 1,resource_type 8,4,4,9,9,13,1.4444444444444444,2,1,2025-04-04
15329,location 957,0,severity_type 1,resource_type 2,2,2,2,2,5,2.5,3,2,2025-06-27
9207,location 447,0,severity_type 2,resource_type 2,2,2,4,4,8,2.0,2,2,2025-07-06
543,location 798,2,severity_type 2,resource_type 8,1,1,2,2,18,9.0,10,8,2025-03-02
5807,location 135,0,severity_type 2,resource_type 2,2,2,4,4,54,13.5,25,2,2025-12-13
14159,location 300,0,severity_type 4,resource_type 2,1,1,2,2,2,1.0,1,1,2025-05-22
4208,location 466,0,severity_type 2,resource_type 2,2,2,2,2,18,9.0,11,7,2025-05-20
2908,location 468,0,severity_type 2,resource_type 2,2,2,2,2,24,12.0,13,11,2025-01-23
11899,location 1034,0,severity_type 1,resource_type 8,1,1,2,2,9,4.5,5,4,2025-11-16
16061,location 302,0,severity_type 1,resource_type 2,3,3,4,4,4,1.0,1,1,2025-03-27
8416,location 505,0,severity_type 2,resource_type 2,2,2,6,6,202,33.666666666666664,83,3,2025-12-27
12911,location 244,0,severity_type 2,resource_type 2,2,2,2,2,35,17.5,18,17,2025-07-01
8773,location 641,1,severity_type 1,resource_type 2,2,2,4,4,23,5.75,8,3,2025-11-16
2151,location 305,0,severity_type 2,resource_type 2,2,2,3,3,3,1.0,1,1,2025-03-07
5674,location 570,0,severity_type 1,resource_type 2,1,1,1,1,1,1.0,1,1,2025-03-02
16412,location 242,0,severity_type 2,resource_type 2,2,2,6,6,217,36.16666666666666,60,18,2025-10-20
2266,location 704,1,severity_type 1,resource_type 2,3,3,8,8,88,11.0,42,1,2025-10-27
17214,location 93,0,severity_type 2,resource_type 2,2,2,2,2,8,4.0,4,4,2025-07-18
5365,location 128,0,severity_type 2,resource_type 2,2,2,5,5,6,1.2,2,1,2025-01-12
7419,location 494,0,severity_type 2,resource_type 2,2,2,6,6,346,57.66666666666666,109,1,2025-12-11
12608,location 429,1,severity_type 1,resource_type 8,1,1,2,2,2,1.0,1,1,2025-05-24
15906,location 637,0,severity_type 1,resource_type 2,1,1,2,2,8,4.0,6,2,2025-12-08
8479,location 522,0,severity_type 2,resource_type 2,2,2,4,4,6,1.5,2,1,2025-11-14
12787,location 283,1,severity_type 2,resource_type 2,2,2,2,2,6,3.0,5,1,2025-11-07
3794,location 1047,0,severity_type 1,resource_type 8,1,1,2,2,2,1.0,1,1,2025-09-09
9321,location 480,0,severity_type 2,resource_type 2,2,2,4,4,130,32.5,33,32,2025-09-03
17461,location 745,1,severity_type 1,resource_type 8,2,2,2,2,3,1.5,2,1,2025-07-14
6091,location 476,0,severity_type 2,resource_type 2,2,2,6,6,179,29.83333333333333,55,1,2025-01-10
17352,location 897,0,severity_type 2,resource_type 2,2,2,2,2,2,1.0,1,1,2025-05-22
1241,location 846,2,severity_type 2,resource_type 8,1,1,2,2,13,6.5,8,5,2025-09-24
17614,location 738,2,severity_type 1,resource_type 1,4,4,7,7,36,5.142857142857143,8,2,2025-10-24
7786,location 382,0,severity_type 2,resource_type 2,2,2,2,2,3,1.5,2,1,2025-07-24
16593,location 1024,0,severity_type 1,resource_type 8,1,1,2,2,24,12.0,18,6,2025-09-16
10497,location 724,1,severity_type 1,resource_type 8,1,1,2,2,4,2.0,2,2,2025-01-08
16678,location 204,0,severity_type 1,resource_type 2,3,3,4,4,6,1.5,2,1,2025-06-20
9176,location 756,0,severity_type 4,resource_type 8,1,1,1,1,2,2.0,2,2,2025-07-05
18332,location 477,0,severity_type 2,resource_type 2,2,2,6,6,46,7.666666666666667,10,4,2025-11-22
13600,location 1106,0,severity_type 1,resource_type 8,1,1,3,3,60,20.0,35,2,2025-04-24
17467,location 339,0,severity_type 2,resource_type 2,2,2,4,4,4,1.0,1,1,2025-03-25
11130,location 1026,0,severity_type 1,resource_type 8,2,2,3,3,8,2.6666666666666665,4,2,2025-05-09
132,location 1042,0,severity_type 2,resource_type 8,1,1,2,2,20,10.0,14,6,2025-03-04
17348,location 692,1,severity_type 1,resource_type 8,1,1,2,2,38,19.0,23,15,2025-07-23
9292,location 181,0,severity_type 4,resource_type 2,1,1,1,1,1,1.0,1,1,2025-08-23
13105,location 846,2,severity_type 2,resource_type 8,1,1,2,2,50,25.0,26,24,2025-10-20
845,location 995,2,severity_type 1,resource_type 8,2,2,5,5,95,19.0,55,2,2025-12-21
7231,location 72,0,severity_type 2,resource_type 8,1,1,1,1,1,1.0,1,1,2025-01-27
3802,location 409,1,severity_type 2,resource_type 2,2,2,6,6,13,2.1666666666666665,3,1,2025-04-01
7442,location 268,0,severity_type 2,resource_type 2,2,2,6,6,6,1.0,1,1,2025-04-20
3496,location 481,1,severity_type 2,resource_type 2,2,2,7,7,89,12.714285714285714,23,1,2025-04-02
14382,location 763,2,severity_type 2,resource_type 8,1,1,2,2,14,7.0,10,4,2025-10-29
2816,location 469,0,severity_type 2,resource_type 2,2,2,3,3,104,34.666666666666664,58,2,2025-02-20
5153,location 475,0,severity_type 2,resource_type 2,2,2,2,2,24,12.0,16,8,2025-01-11
12218,location 266,0,severity_type 2,resource_type 2,2,2,6,6,9,1.5,2,1,2025-11-11
2580,location 1026,0,severity_type 4,resource_type 7,1,1,2,2,2,1.0,1,1,2025-12-17
7135,location 474,0,severity_type 1,resource_type 2,3,3,7,7,12,1.7142857142857142,3,1,2025-03-24
12741,location 13,1,severity_type 4,resource_type 4,2,2,2,2,2,1.0,1,1,2025-05-02
17713,location 744,1,severity_type 1,resource_type 2,4,4,7,7,9,1.2857142857142858,3,1,2025-07-03
14591,location 760,0,severity_type 2,resource_type 8,1,1,1,1,8,8.0,8,8,2025-07-11
10190,location 466,0,severity_type 2,resource_type 2,2,2,2,2,12,6.0,6,6,2025-12-28
12860,location 22,1,severity_type 1,resource_type 8,1,1,2,2,3,1.5,2,1,2025-05-28
18313,location 821,1,severity_type 1,resource_type 8,3,3,5,5,86,17.2,27,2,2025-01-05
17323,location 745,1,severity_type 1,resource_type 7,3,3,3,3,3,1.0,1,1,2025-06-04
787,location 897,2,severity_type 1,resource_type 2,4,4,6,6,6,1.0,1,1,2025-07-23
3216,location 793,0,severity_type 1,resource_type 8,1,1,2,2,48,24.0,30,18,2025-07-08
14340,location 355,0,severity_type 4,resource_type 2,1,1,1,1,1,1.0,1,1,2025-07-06
18019,location 834,0,severity_type 2,resource_type 8,1,1,2,2,84,42.0,63,21,2025-12-03
11291,location 1026,2,severity_type 1,resource_type 8,2,2,3,3,17,5.666666666666667,10,2,2025-10-22
3064,location 102,0,severity_type 1,resource_type 2,3,3,6,6,6,1.0,1,1,2025-04-02
6619,location 124,0,severity_type 2,resource_type 2,2,2,8,8,25,3.125,6,1,2025-05-10
26,location 238,0,severity_type 4,resource_type 2,1,1,1,1,1,1.0,1,1,2025-09-01
4970,location 794,0,severity_type 1,resource_type 8,2,2,2,2,14,7.0,7,7,2025-05-30
14999,location 157,0,severity_type 2,resource_type 2,2,2,2,2,16,8.0,8,8,2025-06-06
1947,location 1100,2,severity_type 1,resource_type 8,2,2,7,7,174,24.857142857142858,55,3,2025-03-03
14686,location 30,2,severity_type 1,resource_type 8,3,3,5,5,22,4.4,9,2,2025-04-03
16203,location 699,0,severity_type 2,resource_type 8,1,1,1,1,1,1.0,1,1,2025-09-28
1103,location 896,0,severity_type 2,resource_type 2,3,3,4,4,6,1.5,2,1,2025-11-04
11404,location 1042,2,severity_type 2,resource_type 8,1,1,2,2,60,30.0,34,26,2025-10-14
12266,location 734,1,severity_type 1,resource_type 2,3,3,3,3,13,4.333333333333333,7,1,2025-04-23
1770,location 1063,1,severity_type 1,resource_type 8,1,1,1,1,1,1.0,1,1,2025-02-19
8425,location 1051,0,severity_type 2,resource_type 8,1,1,1,1,3,3.0,3,3,2025-02-28
18397,location 603,0,severity_type 2,resource_type 8,1,1,1,1,1,1.0,1,1,2025-05-24
17437,location 122,0,severity_type 2,resource_type 2,2,2,10,10,30,3.0,9,1,2025-07-08
327,location 488,0,severity_type 2,resource_type 2,2,2,2,2,42,21.0,22,20,2025-11-22
12649,location 434,1,severity_type 2,resource_type 2,2,2,13,13,16,1.2307692307692308,2,1,2025-11-25
15097,location 837,1,severity_type 2,resource_type 8,2,2,2,2,2,1.0,1,1,2025-01-01
17506,location 875,1,severity_type 1,resource_type 8,1,1,1,1,2,2.0,2,2,2025-09-16
7070,location 925,0,severity_type 1,resource_type 8,1,1,5,5,169,33.8,104,1,2025-04-20
7087,location 74,0,severity_type 2,resource_type 8,2,2,3,3,4,1.3333333333333333,2,1,2025-03-14
8216,location 181,0,severity_type 4,resource_type 2,1,1,1,1,1,1.0,1,1,2025-07-22
4350,location 704,0,severity_type 2,resource_type 8,1,1,2,2,3,1.5,2,1,2025-01-13
16206,location 738,1,severity_type 1,resource_type 8,1,1,2,2,6,3.0,3,3,2025-05-02
14908,location 600,0,severity_type 1,resource_type 8,2,2,3,3,8,2.6666666666666665,5,1,2025-07-21
8805,location 153,1,severity_type 2,resource_type 2,2,2,2,2,3,1.5,2,1,2025-04-10
5803,location 763,2,severity_type 2,resource_type 8,1,1,3,3,52,17.333333333333332,34,2,2025-08-05
7568,location 1042,0,severity_type 1,resource_type 8,2,2,2,2,70,35.0,50,20,2025-06-17
8202,location 1049,1,severity_type 1,resource_type 8,1,1,4,4,8,2.0,4,1,2025-10-19
18027,location 242,0,severity_type 2,resource_type 2,2,2,6,6,92,15.333333333333334,18,12,2025-03-08
4084,location 1024,0,severity_type 1,resource_type 8,1,1,2,2,26,13.0,21,5,2025-01-21
13745,location 897,1,severity_type 1,resource_type 2,4,4,7,7,12,1.7142857142857142,3,1,2025-07-13
9245,location 1072,0,severity_type 1,resource_type 8,1,1,2,2,4,2.0,2,2,2025-04-04
248,location 122,0,severity_type 2,resource_type 2,2,2,6,6,26,4.333333333333333,7,3,2025-09-15
16080,location 326,0,severity_type 4,resource_type 2,1,1,1,1,1,1.0,1,1,2025-02-04
15768,location 944,0,severity_type 1,resource_type 8,1,1,2,2,4,2.0,3,1,2025-07-29
1312,location 505,0,severity_type 2,resource_type 2,2,2,5,5,304,60.8,158,2,2025-12-28
5277,location 414,1,severity_type 2,resource_type 2,2,2,4,4,5,1.25,2,1,2025-02-03
15091,location 460,1,severity_type 2,resource_type 2,2,2,6,6,14,2.333333333333333,3,2,2025-04-21
12716,location 460,1,severity_type 2,resource_type 2,2,2,6,6,30,5.0,13,1,2025-11-05
8348,location 756,0,severity_type 1,resource_type 8,1,1,2,2,3,1.5,2,1,2025-07-14
204,location 505,0,severity_type 2,resource_type 2,2,2,6,6,220,36.66666666666666,91,3,2025-03-05
13791,location 518,0,severity_type 2,resource_type 2,2,2,9,9,91,10.11111111111111,39,1,2025-03-19
10990,location 834,2,severity_type 1,resource_type 2,2,2,3,3,16,5.333333333333333,8,1,2025-10-07
5637,location 798,2,severity_type 2,resource_type 8,1,1,2,2,23,11.5,16,7,2025-11-11
15068,location 478,0,severity_type 2,resource_type 2,2,2,4,4,4,1.0,1,1,2025-05-12
486,location 821,0,severity_type 1,resource_type 8,2,2,4,4,22,5.5,7,4,2025-06-22
12348,location 471,0,severity_type 2,resource_type 2,1,1,1,1,2,2.0,2,2,2025-10-13
13992,location 298,1,severity_type 2,resource_type 2,2,2,5,5,66,13.2,23,2,2025-03-06
13389,location 33,0,severity_type 1,resource_type 2,1,1,1,1,1,1.0,1,1,2025-03-17
13764,location 126,0,severity_type 2,resource_type 2,2,2,8,8,22,2.75,5,1,2025-10-10
12513,location 972,1,severity_type 4,resource_type 8,3,3,4,4,10,2.5,4,1,2025-03-10
13333,location 735,0,severity_type 2,resource_type 8,1,1,2,2,2,1.0,1,1,2025-10-09
9705,location 126,0,severity_type 2,resource_type 2,2,2,7,7,22,3.142857142857143,5,1,2025-07-01
9798,location 734,0,severity_type 1,resource_type 8,2,2,5,5,12,2.4,6,1,2025-12-28
8038,location 76,1,severity_type 1,resource_type 8,1,1,2,2,2,1.0,1,1,2025-01-13
6650,location 318,0,severity_type 2,resource_type 2,2,2,2,2,7,3.5,4,3,2025-12-12
3533,location 902,0,severity_type 1,resource_type 6,4,4,7,7,9,1.2857142857142858,2,1,2025-03-24
7781,location 893,2,severity_type 1,resource_type 2,3,3,6,6,15,2.5,3,1,2025-01-13
4151,location 1008,0,severity_type 2,resource_type 8,1,1,1,1,2,2.0,2,2,2025-09-22
731,location 118,0,severity_type 1,resource_type 2,3,3,6,6,30,5.0,13,1,2025-07-14
15330,location 782,0,severity_type 1,resource_type 8,1,1,2,2,6,3.0,4,2,2025-11-02
13274,location 957,0,severity_type 1,resource_type 8,1,1,4,4,28,7.0,13,1,2025-02-09
12411,location 1095,1,severity_type 4,resource_type 7,1,1,2,2,4,2.0,3,1,2025-01-30
13338,location 856,1,severity_type 2,resource_type 7,2,2,3,3,4,1.3333333333333333,2,1,2025-07-27
2735,location 760,0,severity_type 1,resource_type 2,2,2,2,2,3,1.5,2,1,2025-11-18
263,location 1107,2,severity_type 1,resource_type 8,3,3,5,5,71,14.2,42,1,2025-05-29
12228,location 808,0,severity_type 1,resource_type 8,2,2,2,2,17,8.5,13,4,2025-10-19
1479,location 602,0,severity_type 2,resource_type 8,1,1,2,2,5,2.5,3,2,2025-11-27
7323,location 135,0,severity_type 2,resource_type 2,2,2,2,2,28,14.0,14,14,2025-11-14
4670,location 1063,0,severity_type 1,resource_type 8,1,1,2,2,19,9.5,18,1,2025-07-05
583,location 639,1,severity_type 1,resource_type 2,1,1,1,1,1,1.0,1,1,2025-09-12
3978,location 836,0,severity_type 2,resource_type 8,1,1,1,1,2,2.0,2,2,2025-07-11
16563,location 885,0,severity_type 2,resource_type 8,1,1,2,2,4,2.0,3,1,2025-09-04
8559,location 846,1,severity_type 2,resource_type 8,1,1,2,2,10,5.0,8,2,2025-07-26
15847,location 439,0,severity_type 1,resource_type 2,1,1,1,1,1,1.0,1,1,2025-07-11
7331,location 584,0,severity_type 1,resource_type 8,1,1,2,2,7,3.5,5,2,2025-06-09
3098,location 793,0,severity_type 1,resource_type 8,1,1,2,2,75,37.5,48,27,2025-08-27
8188,location 371,0,severity_type 2,resource_type 2,2,2,4,4,45,11.25,16,8,2025-10-02
3243,location 696,1,severity_type 1,resource_type 8,1,1,2,2,5,2.5,3,2,2025-12-02
13261,location 198,0,severity_type 4,resource_type 2,1,1,1,1,1,1.0,1,1,2025-08-12
15982,location 485,0,severity_type 2,resource_type 2,2,2,2,2,31,15.5,17,14,2025-02-06
14611,location 777,2,severity_type 2,resource_type 8,1,1,2,2,15,7.5,8,7,2025-08-03
5018,location 627,1,severity_type 2,resource_type 7,3,3,4,4,9,2.25,4,1,2025-04-26
1937,location 128,0,severity_type 2,resource_type 2,2,2,3,3,4,1.3333333333333333,2,1,2025-01-10
3992,location 378,0,severity_type 1,resource_type 2,3,3,5,5,9,1.8,3,1,2025-01-27
9155,location 808,0,severity_type 1,resource_type 8,2,2,4,4,9,2.25,4,1,2025-08-04
12913,location 897,0,severity_type 1,resource_type 2,4,4,4,4,7,1.75,2,1,2025-12-11
9733,location 1075,2,severity_type 1,resource_type 2,3,3,4,4,13,3.25,6,1,2025-07-04
12803,location 846,1,severity_type 1,resource_type 8,2,2,3,3,14,4.666666666666667,12,1,2025-06-12
18480,location 485,0,severity_type 2,resource_type 2,2,2,4,4,30,7.5,15,1,2025-02-02
873,location 655,1,severity_type 1,resource_type 8,3,3,4,4,14,3.5,8,1,2025-09-04
11392,location 270,0,severity_type 2,resource_type 2,2,2,6,6,29,4.833333333333333,13,1,2025-01-21
3455,location 662,1,severity_type 1,resource_type 8,1,1,2,2,8,4.0,5,3,2025-11-04
13953,location 92,0,severity_type 2,resource_type 2,2,2,8,8,558,69.75,283,1,2025-10-25
11600,location 651,1,severity_type 1,resource_type 8,1,1,1,1,1,1.0,1,1,2025-12-28
15146,location 806,0,severity_type 4,resource_type 7,1,1,1,1,4,4.0,4,4,2025-04-14
6548,location 17,0,severity_type 2,resource_type 8,1,1,1,1,1,1.0,1,1,2025-03-01
17857,location 504,0,severity_type 1,resource_type 2,3,3,11,11,67,6.090909090909091,20,1,2025-04-20
6052,location 193,0,severity_type 2,resource_type 2,2,2,4,4,29,7.25,11,4,2025-10-19
5795,location 244,0,severity_type 2,resource_type 2,2,2,2,2,55,27.5,34,21,2025-03-21
4354,location 480,0,severity_type 2,resource_type 2,2,2,5,5,29,5.8,8,1,2025-11-20
6286,location 325,0,severity_type 1,resource_type 2,1,1,2,2,2,1.0,1,1,2025-02-26
15971,location 126,0,severity_type 2,resource_type 2,2,2,6,6,14,2.333333333333333,4,1,2025-01-18
7145,location 466,0,severity_type 2,resource_type 2,2,2,4,4,28,7.0,14,2,2025-03-22
11716,location 311,0,severity_type 2,resource_type 2,2,2,2,2,5,2.5,3,2,2025-10-03
409,location 808,0,severity_type 1,resource_type 8,2,2,2,2,5,2.5,3,2,2025-08-08
3208,location 797,1,severity_type 1,resource_type 8,1,1,2,2,2,1.0,1,1,2025-05-10
17444,location 348,0,severity_type 4,resource_type 2,1,1,2,2,2,1.0,1,1,2025-08-28
17446,location 4,1,severity_type 1,resource_type 8,1,1,2,2,2,1.0,1,1,2025-08-25
18222,location 613,2,severity_type 1,resource_type 8,2,2,2,2,22,11.0,12,10,2025-07-22
11707,location 641,1,severity_type 1,resource_type 2,2,2,4,4,32,8.0,11,5,2025-07-07
11580,location 948,0,severity_type 1,resource_type 8,2,2,3,3,6,2.0,2,2,2025-02-07
8615,location 474,0,severity_type 2,resource_type 2,2,2,6,6,20,3.333333333333333,5,2,2025-04-05
7818,location 1010,0,severity_type 1,resource_type 8,1,1,2,2,3,1.5,2,1,2025-07-12
8617,location 821,0,severity_type 1,resource_type 8,2,2,6,6,57,9.5,25,1,2025-02-19
15903,location 465,0,severity_type 2,resource_type 2,2,2,4,4,14,3.5,6,1,2025-06-23
17094,location 334,0,severity_type 4,resource_type 2,1,1,2,2,2,1.0,1,1,2025-02-12
11690,location 696,1,severity_type 1,resource_type 8,1,1,3,3,42,14.0,37,1,2025-10-15
975,location 836,0,severity_type 2,resource_type 8,1,1,2,2,5,2.5,4,1,2025-02-07
14266,location 320,0,severity_type 1,resource_type 2,2,2,3,3,3,1.0,1,1,2025-02-03
1579,location 793,0,severity_type 1,resource_type 8,1,1,3,3,310,103.33333333333331,172,4,2025-08-21
5601,location 318,0,severity_type 1,resource_type 2,3,3,4,4,8,2.0,3,1,2025-03-22
4700,location 962,2,severity_type 2,resource_type 8,1,1,2,2,8,4.0,4,4,2025-05-09
818,location 821,0,severity_type 2,resource_type 8,1,1,3,3,6,2.0,2,2,2025-04-25
8241,location 163,1,severity_type 1,resource_type 2,1,1,2,2,2,1.0,1,1,2025-03-21
13065,location 1018,0,severity_type 1,resource_type 8,2,2,2,2,16,8.0,10,6,2025-10-06
8858,location 1058,1,severity_type 1,resource_type 8,1,1,2,2,2,1.0,1,1,2025-09-10
7831,location 921,1,severity_type 1,resource_type 8,2,2,4,4,23,5.75,20,1,2025-03-29
8574,location 378,0,severity_type 4,resource_type 2,1,1,1,1,4,4.0,4,4,2025-09-08
14226,location 466,0,severity_type 2,resource_type 2,2,2,2,2,38,19.0,24,14,2025-09-18
8013,location 479,0,severity_type 2,resource_type 2,2,2,2,2,16,8.0,10,6,2025-07-16
4371,location 298,1,severity_type 2,resource_type 2,2,2,3,3,3,1.0,1,1,2025-07-31
17637,location 547,1,severity_type 1,resource_type 2,1,1,1,1,1,1.0,1,1,2025-12-08
14845,location 106,0,severity_type 1,resource_type 2,2,2,2,2,2,1.0,1,1,2025-06-15
6592,location 89,0,severity_type 2,resource_type 2,2,2,3,3,3,1.0,1,1,2025-05-21
10322,location 124,0,severity_type 2,resource_type 2,2,2,5,5,8,1.6,3,1,2025-07-16
8284,location 763,1,severity_type 2,resource_type 8,1,1,2,2,29,14.5,26,3,2025-11-02
1373,location 962,2,severity_type 1,resource_type 8,2,2,4,4,36,9.0,16,2,2025-09-16
3481,location 806,0,severity_type 1,resource_type 8,1,1,1,1,1,1.0,1,1,2025-01-28
6982,location 1112,0,severity_type 4,resource_type 8,1,1,1,1,1,1.0,1,1,2025-06-17
9417,location 518,0,severity_type 2,resource_type 2,2,2,6,6,32,5.333333333333333,13,1,2025-09-28
8471,location 196,0,severity_type 2,resource_type 2,2,2,2,2,2,1.0,1,1,2025-03-23
11061,location 1024,0,severity_type 1,resource_type 8,1,1,2,2,6,3.0,4,2,2025-12-27
2899,location 494,0,severity_type 2,resource_type 2,2,2,6,6,271,45.16666666666666,93,1,2025-10-22
12697,location 708,0,severity_type 1,resource_type 8,1,1,2,2,3,1.5,2,1,2025-11-06
221,location 704,0,severity_type 1,resource_type 8,2,2,5,5,32,6.4,20,1,2025-01-30
10235,location 190,0,severity_type 1,resource_type 8,3,3,8,8,10,1.25,2,1,2025-07-31
403,location 899,0,severity_type 1,resource_type 2,3,3,5,5,25,5.0,6,4,2025-07-12
7966,location 177,1,severity_type 2,resource_type 2,2,2,4,4,4,1.0,1,1,2025-08-17
15118,location 603,1,severity_type 1,resource_type 8,1,1,2,2,4,2.0,2,2,2025-11-07
12635,location 925,0,severity_type 1,resource_type 8,1,1,1,1,11,11.0,11,11,2025-05-09
247,location 845,2,severity_type 2,resource_type 8,1,1,2,2,8,4.0,4,4,2025-07-14
1855,location 662,1,severity_type 1,resource_type 8,1,1,4,4,42,10.5,19,2,2025-09-06
1094,location 448,0,severity_type 2,resource_type 2,2,2,2,2,7,3.5,4,3,2025-10-02
4853,location 851,0,severity_type 2,resource_type 8,1,1,1,1,6,6.0,6,6,2025-10-09
13957,location 603,0,severity_type 1,resource_type 2,2,2,7,7,27,3.857142857142857,10,1,2025-05-03
17250,location 1097,0,severity_type 1,resource_type 8,1,1,1,1,3,3.0,3,3,2025-12-31
350,location 1024,0,severity_type 1,resource_type 8,1,1,2,2,5,2.5,3,2,2025-01-04
10024,location 91,0,severity_type 2,resource_type 2,2,2,2,2,346,173.0,235,111,2025-06-29
13875,location 460,0,severity_type 4,resource_type 2,1,1,2,2,4,2.0,2,2,2025-08-11
1576,location 95,0,severity_type 2,resource_type 2,2,2,4,4,34,8.5,10,8,2025-01-23
12276,location 1008,1,severity_type 2,resource_type 8,1,1,5,5,18,3.6,8,1,2025-06-14
4846,location 849,0,severity_type 1,resource_type 8,1,1,1,1,1,1.0,1,1,2025-08-06
12179,location 700,1,severity_type 1,resource_type 8,1,1,2,2,4,2.0,2,2,2025-08-10
4118,location 1075,2,severity_type 2,resource_type 8,1,1,2,2,19,9.5,10,9,2025-02-13
5854,location 124,0,severity_type 2,resource_type 2,2,2,6,6,26,4.333333333333333,6,3,2025-04-12
17399,location 479,0,severity_type 2,resource_type 2,2,2,4,4,71,17.75,34,2,2025-03-31
2135,location 867,2,severity_type 1,resource_type 8,1,1,5,5,25,5.0,19,1,2025-08-22
6312,location 488,0,severity_type 2,resource_type 2,2,2,2,2,29,14.5,17,12,2025-05-01
8578,location 169,1,severity_type 2,resource_type 2,2,2,2,2,4,2.0,2,2,2025-07-28
1223,location 314,1,severity_type 2,resource_type 8,3,3,4,4,4,1.0,1,1,2025-09-24
8168,location 1102,0,severity_type 1,resource_type 8,1,1,2,2,4,2.0,2,2,2025-10-19
10333,location 740,0,severity_type 1,resource_type 2,1,1,2,2,2,1.0,1,1,2025-03-09
8970,location 89,1,severity_type 2,resource_type 2,2,2,3,3,3,1.0,1,1,2025-11-26
17485,location 282,0,severity_type 1,resource_type 2,2,2,3,3,3,1.0,1,1,2025-03-02
7425,location 124,0,severity_type 2,resource_type 2,2,2,6,6,18,3.0,5,2,2025-01-08
11660,location 615,0,severity_type 2,resource_type 8,1,1,1,1,1,1.0,1,1,2025-01-17
9853,location 1025,0,severity_type 1,resource_type 8,1,1,2,2,10,5.0,5,5,2025-03-15
290,location 892,2,severity_type 1,resource_type 2,3,3,6,6,31,5.166666666666667,8,2,2025-11-15
906,location 1120,0,severity_type 1,resource_type 8,1,1,2,2,15,7.5,9,6,2025-03-17
3022,location 497,0,severity_type 2,resource_type 2,2,2,17,17,930,54.70588235294117,162,1,2025-09-11
4873,location 378,0,severity_type 2,resource_type 2,2,2,3,3,7,2.333333333333333,3,1,2025-06-02
11414,location 380,0,severity_type 2,resource_type 2,2,2,2,2,28,14.0,14,14,2025-01-15
90,location 1111,1,severity_type 1,resource_type 8,1,1,1,1,1,1.0,1,1,2025-06-12
5673,location 798,0,severity_type 1,resource_type 8,2,2,2,2,52,26.0,30,22,2025-01-11
1090,location 246,1,severity_type 2,resource_type 2,2,2,2,2,2,1.0,1,1,2025-06-23
18462,location 15,0,severity_type 1,resource_type 8,1,1,2,2,3,1.5,2,1,2025-07-23
4931,location 441,1,severity_type 4,resource_type 2,1,1,1,1,1,1.0,1,1,2025-07-10
17334,location 124,0,severity_type 2,resource_type 2,2,2,6,6,25,4.166666666666667,6,2,2025-04-14
17559,location 353,1,severity_type 1,resource_type 2,3,3,5,5,5,1.0,1,1,2025-10-07
16611,location 1049,0,severity_type 1,resource_type 8,1,1,4,4,9,2.25,3,2,2025-08-06
10874,location 995,2,severity_type 1,resource_type 8,2,2,6,6,51,8.5,35,1,2025-04-03
17495,location 995,2,severity_type 1,resource_type 8,2,2,8,8,475,59.375,237,2,2025-06-08
2815,location 459,0,severity_type 2,resource_type 2,2,2,3,3,7,2.333333333333333,3,1,2025-02-09
9685,location 600,2,severity_type 1,resource_type 2,3,3,6,6,64,10.666666666666666,34,1,2025-12-04
954,location 618,0,severity_type 1,resource_type 7,2,2,3,3,3,1.0,1,1,2025-10-02
13786,location 615,0,severity_type 1,resource_type 2,2,2,6,6,48,8.0,18,3,2025-04-16
18503,location 123,0,severity_type 2,resource_type 2,2,2,10,10,26,2.6,7,1,2025-09-04
6330,location 460,1,severity_type 2,resource_type 2,2,2,4,4,20,5.0,10,1,2025-09-05
14703,location 693,1,severity_type 1,resource_type 8,1,1,4,4,4,1.0,1,1,2025-08-11
9454,location 157,0,severity_type 2,resource_type 2,2,2,2,2,14,7.0,8,6,2025-01-20
2947,location 505,0,severity_type 2,resource_type 2,2,2,6,6,143,23.83333333333333,48,1,2025-11-17
17662,location 322,1,severity_type 2,resource_type 2,2,2,2,2,3,1.5,2,1,2025-12-15
9736,location 950,0,severity_type 1,resource_type 8,1,1,1,1,1,1.0,1,1,2025-12-22
5728,location 734,0,severity_type 1,resource_type 8,2,2,4,4,27,6.75,16,1,2025-12-24
5063,location 826,1,severity_type 4,resource_type 2,3,3,5,5,12,2.4,5,1,2025-12-06
6113,location 805,0,severity_type 1,resource_type 2,2,2,6,6,6,1.0,1,1,2025-09-27
11961,location 734,0,severity_type 1,resource_type 1,5,5,12,12,93,7.75,23,1,2025-01-21
11270,location 416,0,severity_type 2,resource_type 2,2,2,2,2,9,4.5,7,2,2025-06-19
17431,location 655,0,severity_type 1,resource_type 8,1,1,1,1,1,1.0,1,1,2025-03-31
7076,location 1026,0,severity_type 1,resource_type 6,2,2,3,3,5,1.6666666666666667,2,1,2025-03-22
17504,location 311,0,severity_type 1,resource_type 2,3,3,5,5,9,1.8,3,1,2025-10-31
14676,location 735,0,severity_type 1,resource_type 8,1,1,2,2,3,1.5,2,1,2025-10-24
8633,location 774,2,severity_type 2,resource_type 8,1,1,2,2,76,38.0,52,24,2025-07-10
9195,location 899,1,severity_type 1,resource_type 2,2,2,2,2,2,1.0,1,1,2025-09-26
14787,location 932,0,severity_type 2,resource_type 8,1,1,1,1,1,1.0,1,1,2025-02-17
12063,location 9,0,severity_type 2,resource_type 8,1,1,1,1,3,3.0,3,3,2025-03-23
1513,location 613,2,severity_type 1,resource_type 8,3,3,3,3,35,11.666666666666666,26,2,2025-11-11
12264,location 942,0,severity_type 1,resource_type 6,2,2,3,3,5,1.6666666666666667,2,1,2025-06-14
1116,location 470,0,severity_type 1,resource_type 2,2,2,5,5,20,4.0,4,4,2025-07-19
14330,location 256,0,severity_type 2,resource_type 2,2,2,2,2,6,3.0,3,3,2025-06-18
3175,location 400,0,severity_type 2,resource_type 2,2,2,3,3,6,2.0,3,1,2025-03-15
15283,location 950,1,severity_type 1,resource_type 8,1,1,3,3,7,2.333333333333333,3,1,2025-10-29
5010,location 520,0,severity_type 2,resource_type 2,2,2,4,4,36,9.0,16,2,2025-10-04
12502,location 995,2,severity_type 1,resource_type 8,2,2,4,4,19,4.75,6,3,2025-09-07
11258,location 380,0,severity_type 2,resource_type 2,2,2,2,2,22,11.0,12,10,2025-05-09
17996,location 814,0,severity_type 2,resource_type 8,1,1,1,1,3,3.0,3,3,2025-08-23
8926,location 600,0,severity_type 2,resource_type 8,1,1,2,2,38,19.0,26,12,2025-12-14
7454,location 210,0,severity_type 2,resource_type 2,2,2,2,2,6,3.0,3,3,2025-08-26
11190,location 459,0,severity_type 2,resource_type 2,2,2,4,4,10,2.5,4,1,2025-06-30
12903,location 472,0,severity_type 1,resource_type 2,4,4,12,12,24,2.0,5,1,2025-04-09
16050,location 472,0,severity_type 2,resource_type 2,2,2,4,4,4,1.0,1,1,2025-07-10
11373,location 175,1,severity_type 2,resource_type 2,2,2,5,5,5,1.0,1,1,2025-05-16
12112,location 1019,0,severity_type 2,resource_type 8,1,1,1,1,6,6.0,6,6,2025-08-12
10774,location 89,1,severity_type 2,resource_type 2,2,2,4,4,4,1.0,1,1,2025-01-17
8879,location 155,0,severity_type 2,resource_type 2,2,2,2,2,29,14.5,15,14,2025-03-11
3167,location 856,1,severity_type 1,resource_type 8,2,2,4,4,4,1.0,1,1,2025-10-15
8294,location 1107,0,severity_type 1,resource_type 8,2,2,2,2,3,1.5,2,1,2025-05-19
2546,location 901,0,severity_type 1,resource_type 2,1,1,1,1,1,1.0,1,1,2025-06-08
12953,location 704,0,severity_type 2,resource_type 8,1,1,2,2,9,4.5,5,4,2025-07-18
11844,location 503,0,severity_type 1,resource_type 2,2,2,3,3,3,1.0,1,1,2025-06-09
10729,location 976,2,severity_type 2,resource_type 8,1,1,2,2,14,7.0,10,4,2025-10-04
4946,location 215,1,severity_type 1,resource_type 2,1,1,2,2,2,1.0,1,1,2025-03-31
16620,location 744,1,severity_type 1,resource_type 8,1,1,2,2,3,1.5,2,1,2025-10-04
13537,location 938,0,severity_type 1,resource_type 8,1,1,2,2,4,2.0,2,2,2025-03-18
6168,location 924,0,severity_type 1,resource_type 6,3,3,4,4,4,1.0,1,1,2025-05-16
14026,location 172,1,severity_type 2,resource_type 2,2,2,4,4,4,1.0,1,1,2025-08-03
10698,location 607,0,severity_type 1,resource_type 4,3,3,3,3,9,3.0,6,1,2025-11-20
5378,location 292,0,severity_type 4,resource_type 2,1,1,1,1,1,1.0,1,1,2025-03-26
5,location 460,0,severity_type 2,resource_type 2,2,2,2,2,17,8.5,11,6,2025-08-03
14891,location 541,1,severity_type 1,resource_type 2,2,2,2,2,2,1.0,1,1,2025-01-24
6981,location 86,2,severity_type 1,resource_type 5,3,3,3,3,4,1.3333333333333333,2,1,2025-01-28
1724,location 534,0,severity_type 5,resource_type 3,1,1,2,2,4,2.0,2,2,2025-10-08
1657,location 496,0,severity_type 2,resource_type 2,2,2,10,10,366,36.6,113,1,2025-09-20
8582,location 807,1,severity_type 4,resource_type 8,1,1,1,1,1,1.0,1,1,2025-05-18
1540,location 1084,1,severity_type 1,resource_type 8,1,1,3,3,4,1.3333333333333333,2,1,2025-08-16
5901,location 1054,0,severity_type 1,resource_type 2,1,1,2,2,2,1.0,1,1,2025-05-19
4475,location 365,1,severity_type 2,resource_type 2,2,2,4,4,4,1.0,1,1,2025-04-12
3258,location 989,2,severity_type 1,resource_type 8,1,1,2,2,12,6.0,6,6,2025-06-07
12926,location 648,2,severity_type 1,resource_type 8,3,3,8,8,38,4.75,20,1,2025-04-24
10488,location 124,0,severity_type 2,resource_type 2,2,2,6,6,20,3.333333333333333,5,2,2025-10-25
2398,location 126,0,severity_type 2,resource_type 2,2,2,6,6,19,3.1666666666666665,5,1,2025-05-31
13671,location 529,0,severity_type 2,resource_type 2,2,2,2,2,2,1.0,1,1,2025-04-28
7870,location 298,0,severity_type 2,resource_type 2,2,2,2,2,3,1.5,2,1,2025-07-15
17269,location 734,2,severity_type 1,resource_type 8,2,2,4,4,25,6.25,15,1,2025-10-04
4399,location 95,0,severity_type 2,resource_type 2,2,2,8,8,56,7.0,12,2,2025-04-10
5000,location 7,0,severity_type 1,resource_type 8,1,1,4,4,28,7.0,12,3,2025-12-09
15637,location 493,0,severity_type 2,resource_type 2,2,2,2,2,2,1.0,1,1,2025-06-19
3190,location 929,0,severity_type 1,resource_type 2,1,1,1,1,2,2.0,2,2,2025-08-30
4335,location 917,1,severity_type 1,resource_type 8,1,1,1,1,2,2.0,2,2,2025-12-16
18231,location 90,0,severity_type 2,resource_type 2,2,2,4,4,4,1.0,1,1,2025-06-07
15934,location 803,0,severity_type 1,resource_type 8,1,1,3,3,12,4.0,8,1,2025-03-14
14497,location 280,0,severity_type 2,resource_type 2,1,1,1,1,1,1.0,1,1,2025-09-30
1352,location 618,1,severity_type 1,resource_type 8,4,4,2,2,4,2.0,3,1,2025-01-03
17013,location 466,0,severity_type 2,resource_type 2,2,2,2,2,9,4.5,5,4,2025-06-17
6556,location 471,0,severity_type 2,resource_type 2,2,2,4,4,183,45.75,116,1,2025-12-24
7683,location 501,0,severity_type 2,resource_type 2,2,2,3,3,4,1.3333333333333333,2,1,2025-06-01
16627,location 976,2,severity_type 1,resource_type 8,2,2,2,2,32,16.0,16,16,2025-09-07
1177,location 704,2,severity_type 2,resource_type 8,1,1,2,2,33,16.5,22,11,2025-07-11
8506,location 1061,1,severity_type 2,resource_type 8,1,1,4,4,27,6.75,13,2,2025-03-20
14603,location 1075,2,severity_type 2,resource_type 8,1,1,2,2,32,16.0,22,10,2025-04-26
10191,location 892,1,severity_type 1,resource_type 2,3,3,5,5,17,3.4,4,2,2025-07-11
15972,location 242,0,severity_type 2,resource_type 2,2,2,3,3,3,1.0,1,1,2025-02-08
12244,location 1062,0,severity_type 2,resource_type 8,1,1,1,1,1,1.0,1,1,2025-06-01
1019,location 464,0,severity_type 2,resource_type 2,2,2,2,2,4,2.0,2,2,2025-06-01
6029,location 756,0,severity_type 1,resource_type 8,1,1,4,4,4,1.0,1,1,2025-11-01
16873,location 995,2,severity_type 2,resource_type 8,1,1,5,5,30,6.0,13,2,2025-02-15
16845,location 1052,1,severity_type 1,resource_type 8,2,2,4,4,30,7.5,24,2,2025-11-04
15837,location 169,0,severity_type 4,resource_type 2,1,1,1,1,1,1.0,1,1,2025-05-30
17772,location 257,1,severity_type 1,resource_type 8,4,4,10,10,16,1.6,4,1,2025-08-26
17763,location 183,0,severity_type 4,resource_type 2,1,1,2,2,2,1.0,1,1,2025-07-23
16444,location 481,2,severity_type 1,resource_type 8,1,1,2,2,2,1.0,1,1,2025-04-20
14572,location 998,1,severity_type 1,resource_type 8,1,1,5,5,9,1.8,3,1,2025-12-06
15632,location 181,1,severity_type 2,resource_type 2,2,2,5,5,5,1.0,1,1,2025-03-23
14160,location 91,0,severity_type 2,resource_type 2,2,2,4,4,8,2.0,2,2,2025-01-14
257,location 1099,0,severity_type 1,resource_type 8,1,1,2,2,6,3.0,4,2,2025-10-01
14539,location 854,0,severity_type 1,resource_type 8,1,1,2,2,7,3.5,4,3,2025-08-15
14559,location 118,0,severity_type 1,resource_type 2,3,3,6,6,42,7.0,19,1,2025-11-22
12472,location 107,0,severity_type 1,resource_type 2,3,3,6,6,8,1.3333333333333333,2,1,2025-06-17
14370,location 1075,0,severity_type 2,resource_type 8,1,1,2,2,11,5.5,8,3,2025-01-07
11421,location 885,1,severity_type 1,resource_type 8,2,2,8,8,12,1.5,4,1,2025-01-08
12378,location 794,0,severity_type 1,resource_type 8,2,2,3,3,4,1.3333333333333333,2,1,2025-06-08
17558,location 419,0,severity_type 4,resource_type 2,1,1,1,1,1,1.0,1,1,2025-04-02
4583,location 1052,0,severity_type 2,resource_type 8,1,1,4,4,10,2.5,4,1,2025-12-03
7316,location 886,0,severity_type 2,resource_type 8,1,1,1,1,1,1.0,1,1,2025-02-13
8817,location 798,0,severity_type 2,resource_type 8,1,1,1,1,20,20.0,20,20,2025-11-18
13353,location 1026,0,severity_type 1,resource_type 2,1,1,1,1,1,1.0,1,1,2025-03-21
5804,location 671,0,severity_type 1,resource_type 8,1,1,2,2,4,2.0,2,2,2025-02-13
16679,location 830,1,severity_type 1,resource_type 8,1,1,2,2,2,1.0,1,1,2025-04-11
13546,location 395,1,severity_type 1,resource_type 2,3,3,10,10,10,1.0,1,1,2025-02-22
1810,location 102,0,severity_type 2,resource_type 2,2,2,14,14,22,1.5714285714285714,4,1,2025-05-27
5707,location 921,2,severity_type 2,resource_type 8,1,1,2,2,22,11.0,16,6,2025-05-01
6258,location 735,0,severity_type 1,resource_type 8,1,1,1,1,2,2.0,2,2,2025-07-13
12384,location 14,0,severity_type 1,resource_type 8,1,1,2,2,9,4.5,5,4,2025-07-16
1910,location 403,1,severity_type 2,resource_type 2,1,1,1,1,1,1.0,1,1,2025-01-01
4658,location 1019,0,severity_type 1,resource_type 8,1,1,2,2,14,7.0,8,6,2025-02-15
3499,location 849,0,severity_type 1,resource_type 8,1,1,1,1,2,2.0,2,2,2025-03-01
7306,location 149,0,severity_type 2,resource_type 2,2,2,6,6,18,3.0,5,1,2025-03-13
29,location 505,0,severity_type 2,resource_type 2,2,2,16,16,627,39.1875,98,3,2025-02-04
8126,location 633,0,severity_type 1,resource_type 2,1,1,2,2,2,1.0,1,1,2025-04-25
6284,location 714,1,severity_type 1,resource_type 2,3,3,10,10,10,1.0,1,1,2025-07-20
2842,location 1030,0,severity_type 1,resource_type 2,1,1,1,1,1,1.0,1,1,2025-04-23
9782,location 1024,0,severity_type 1,resource_type 8,1,1,2,2,72,36.0,41,31,2025-05-01
5438,location 475,0,severity_type 2,resource_type 2,2,2,2,2,70,35.0,39,31,2025-06-21
4692,location 375,0,severity_type 2,resource_type 2,2,2,2,2,28,14.0,16,12,2025-07-20
9458,location 242,0,severity_type 2,resource_type 2,2,2,2,2,9,4.5,6,3,2025-05-01
7700,location 126,0,severity_type 2,resource_type 2,2,2,7,7,67,9.571428571428571,16,1,2025-03-22
8904,location 244,0,severity_type 2,resource_type 2,2,2,2,2,57,28.5,36,21,2025-05-30
7594,location 1086,2,severity_type 2,resource_type 8,1,1,3,3,89,29.666666666666668,44,2,2025-01-09
5488,location 816,1,severity_type 1,resource_type 4,3,3,2,2,8,4.0,5,3,2025-06-29
5753,location 639,0,severity_type 4,resource_type 2,1,1,1,1,3,3.0,3,3,2025-12-10
8108,location 114,0,severity_type 2,resource_type 2,2,2,3,3,3,1.0,1,1,2025-05-26
3711,location 378,0,severity_type 2,resource_type 2,2,2,2,2,6,3.0,4,2,2025-02-09
13717,location 796,1,severity_type 1,resource_type 2,2,2,3,3,3,1.0,1,1,2025-09-16
17678,location 488,0,severity_type 2,resource_type 2,2,2,2,2,6,3.0,3,3,2025-02-16
1828,location 664,0,severity_type 1,resource_type 8,1,1,2,2,2,1.0,1,1,2025-03-12
13212,location 769,2,severity_type 1,resource_type 8,1,1,1,1,1,1.0,1,1,2025-02-23
14622,location 480,0,severity_type 2,resource_type 2,2,2,4,4,120,30.0,32,28,2025-11-19
16069,location 161,0,severity_type 2,resource_type 2,2,2,2,2,8,4.0,5,3,2025-12-25
8476,location 632,0,severity_type 1,resource_type 8,1,1,1,1,1,1.0,1,1,2025-07-27
6629,location 1100,1,severity_type 2,resource_type 8,1,1,2,2,48,24.0,41,7,2025-08-14
7084,location 845,1,severity_type 2,resource_type 8,1,1,2,2,17,8.5,14,3,2025-08-24
212,location 665,0,severity_type 1,resource_type 8,1,1,2,2,4,2.0,2,2,2025-08-11
10456,location 1050,0,severity_type 2,resource_type 8,1,1,1,1,1,1.0,1,1,2025-07-18
16547,location 373,0,severity_type 4,resource_type 2,1,1,1,1,1,1.0,1,1,2025-12-27
1402,location 214,0,severity_type 2,resource_type 8,3,3,4,4,4,1.0,1,1,2025-09-25
9758,location 798,2,severity_type 2,resource_type 8,1,1,2,2,45,22.5,24,21,2025-02-02
12232,location 1052,2,severity_type 1,resource_type 8,2,2,2,2,8,4.0,4,4,2025-05-24
12016,location 480,0,severity_type 2,resource_type 2,2,2,4,4,109,27.25,31,24,2025-12-22
9170,location 467,0,severity_type 2,resource_type 2,2,2,4,4,8,2.0,3,1,2025-05-28
12985,location 533,0,severity_type 1,resource_type 3,2,2,3,3,8,2.6666666666666665,3,2,2025-03-16
259,location 282,0,severity_type 4,resource_type 2,1,1,2,2,2,1.0,1,1,2025-11-13
1709,location 1081,0,severity_type 1,resource_type 8,2,2,2,2,3,1.5,2,1,2025-08-16
12936,location 894,1,severity_type 1,resource_type 2,3,3,6,6,183,30.5,43,12,2025-07-25
7752,location 944,1,severity_type 1,resource_type 8,1,1,2,2,6,3.0,4,2,2025-06-03
9303,location 931,2,severity_type 1,resource_type 1,3,3,6,6,19,3.1666666666666665,6,2,2025-02-15
15461,location 769,0,severity_type 4,resource_type 8,1,1,1,1,3,3.0,3,3,2025-05-21
15786,location 44,0,severity_type 3,resource_type 2,3,3,4,4,9,2.25,5,1,2025-06-09
13366,location 415,1,severity_type 4,resource_type 2,1,1,1,1,1,1.0,1,1,2025-12-06
13067,location 1011,2,severity_type 1,resource_type 8,1,1,2,2,12,6.0,6,6,2025-04-23
2641,location 481,0,severity_type 2,resource_type 2,2,2,5,5,21,4.2,6,1,2025-02-24
7632,location 808,0,severity_type 1,resource_type 8,2,2,2,2,4,2.0,3,1,2025-06-06
15645,location 706,1,severity_type 1,resource_type 8,1,1,2,2,4,2.0,2,2,2025-12-30
9278,location 95,0,severity_type 2,resource_type 2,2,2,2,2,2,1.0,1,1,2025-06-26
5961,location 1008,2,severity_type 2,resource_type 8,1,1,3,3,70,23.33333333333333,56,6,2025-05-19
1005,location 1118,0,severity_type 1,resource_type 8,1,1,2,2,2,1.0,1,1,2025-09-01
3927,location 834,2,severity_type 1,resource_type 8,2,2,2,2,27,13.5,18,9,2025-08-25
17822,location 625,1,severity_type 1,resource_type 2,2,2,4,4,4,1.0,1,1,2025-04-20
1777,location 506,0,severity_type 2,resource_type 2,2,2,2,2,212,106.0,108,104,2025-12-20
1529,location 714,1,severity_type 2,resource_type 8,2,2,2,2,2,1.0,1,1,2025-08-05
1236,location 948,1,severity_type 1,resource_type 8,2,2,2,2,11,5.5,9,2,2025-01-22
9708,location 344,0,severity_type 2,resource_type 2,2,2,2,2,18,9.0,9,9,2025-05-29
12431,location 471,0,severity_type 2,resource_type 2,2,2,3,3,191,63.66666666666666,111,2,2025-12-03
16255,location 1075,1,severity_type 2,resource_type 8,1,1,2,2,13,6.5,12,1,2025-05-24
17033,location 1025,1,severity_type 1,resource_type 8,1,1,4,4,5,1.25,2,1,2025-07-27
4512,location 878,0,severity_type 1,resource_type 8,1,1,3,3,16,5.333333333333333,9,1,2025-08-12
2743,location 1101,0,severity_type 1,resource_type 8,1,1,1,1,1,1.0,1,1,2025-09-15
4064,location 147,1,severity_type 2,resource_type 2,2,2,6,6,7,1.1666666666666667,2,1,2025-11-15
7182,location 126,0,severity_type 2,resource_type 2,2,2,8,8,88,11.0,23,1,2025-02-24
3880,location 972,0,severity_type 1,resource_type 8,1,1,2,2,2,1.0,1,1,2025-07-08
14465,location 365,0,severity_type 4,resource_type 2,1,1,1,1,2,2.0,2,2,2025-07-14
2748,location 206,1,severity_type 1,resource_type 2,2,2,3,3,5,1.6666666666666667,2,1,2025-02-25
4844,location 380,0,severity_type 1,resource_type 2,3,3,4,4,14,3.5,6,1,2025-09-03
11338,location 6,1,severity_type 1,resource_type 2,1,1,1,1,1,1.0,1,1,2025-02-13
9865,location 380,0,severity_type 2,resource_type 2,2,2,2,2,6,3.0,3,3,2025-06-16
13547,location 921,2,severity_type 2,resource_type 8,1,1,2,2,18,9.0,12,6,2025-05-01
18234,location 414,1,severity_type 2,resource_type 2,2,2,2,2,2,1.0,1,1,2025-02-26
14006,location 917,2,severity_type 1,resource_type 8,1,1,10,10,24,2.4,6,1,2025-10-28
8627,location 599,1,severity_type 2,resource_type 8,1,1,2,2,36,18.0,34,2,2025-03-31
14012,location 466,0,severity_type 2,resource_type 2,2,2,5,5,5,1.0,1,1,2025-04-04
18375,location 471,0,severity_type 2,resource_type 2,2,2,6,6,47,7.833333333333333,16,2,2025-11-08
3285,location 600,2,severity_type 2,resource_type 8,1,1,2,2,34,17.0,22,12,2025-11-17
11817,location 984,2,severity_type 1,resource_type 6,3,3,5,5,13,2.6,5,1,2025-01-13
4155,location 466,0,severity_type 2,resource_type 2,2,2,4,4,63,15.75,23,9,2025-04-12
1751,location 857,1,severity_type 1,resource_type 8,1,1,2,2,2,1.0,1,1,2025-09-16
17699,location 814,0,severity_type 1,resource_type 8,1,1,2,2,2,1.0,1,1,2025-10-12
16393,location 91,0,severity_type 2,resource_type 2,2,2,2,2,193,96.5,121,72,2025-12-31
5732,location 1075,1,severity_type 2,resource_type 8,1,1,2,2,9,4.5,6,3,2025-07-22
2907,location 2,1,severity_type 1,resource_type 10,3,3,5,5,8,1.6,2,1,2025-01-03
3394,location 124,0,severity_type 2,resource_type 2,2,2,6,6,13,2.1666666666666665,3,1,2025-11-15
16998,location 1031,1,severity_type 1,resource_type 8,1,1,2,2,9,4.5,5,4,2025-02-28
18416,location 1109,2,severity_type 1,resource_type 8,2,2,4,4,10,2.5,3,1,2025-02-14
17803,location 613,1,severity_type 1,resource_type 8,2,2,2,2,6,3.0,4,2,2025-09-04
17581,location 1019,2,severity_type 2,resource_type 8,1,1,3,3,23,7.666666666666667,10,4,2025-08-09
2147,location 976,2,severity_type 1,resource_type 8,2,2,2,2,15,7.5,8,7,2025-01-22
13444,location 649,0,severity_type 1,resource_type 2,1,1,2,2,2,1.0,1,1,2025-03-03
4560,location 367,1,severity_type 2,resource_type 2,1,1,2,2,2,1.0,1,1,2025-08-04
15111,location 925,2,severity_type 1,resource_type 8,1,1,1,1,1,1.0,1,1,2025-04-04
13718,location 798,2,severity_type 2,resource_type 8,1,1,2,2,75,37.5,50,25,2025-09-07
2199,location 161,0,severity_type 2,resource_type 2,2,2,2,2,6,3.0,3,3,2025-05-31
11969,location 1082,0,severity_type 1,resource_type 8,1,1,1,1,1,1.0,1,1,2025-08-03
15567,location 924,0,severity_type 2,resource_type 8,2,2,1,1,1,1.0,1,1,2025-06-23
18207,location 8,1,severity_type 1,resource_type 9,2,2,2,2,2,1.0,1,1,2025-05-14
15438,location 814,0,severity_type 1,resource_type 8,1,1,2,2,8,4.0,4,4,2025-05-05
2792,location 619,0,severity_type 2,resource_type 8,1,1,1,1,1,1.0,1,1,2025-09-12
11912,location 1049,0,severity_type 2,resource_type 8,1,1,2,2,4,2.0,2,2,2025-07-07
10010,location 520,0,severity_type 2,resource_type 2,2,2,2,2,12,6.0,6,6,2025-08-05
11012,location 1107,2,severity_type 2,resource_type 8,1,1,3,3,45,15.0,24,1,2025-07-30
3370,location 1052,2,severity_type 1,resource_type 2,2,2,3,3,61,20.33333333333333,35,1,2025-03-17
4056,location 961,1,severity_type 1,resource_type 8,1,1,4,4,24,6.0,10,2,2025-11-30
12495,location 1019,0,severity_type 2,resource_type 8,1,1,1,1,4,4.0,4,4,2025-07-25
10154,location 350,1,severity_type 2,resource_type 2,2,2,2,2,3,1.5,2,1,2025-09-20
9843,location 133,0,severity_type 2,resource_type 2,2,2,4,4,8,2.0,3,1,2025-11-18
9796,location 842,0,severity_type 1,resource_type 8,1,1,2,2,37,18.5,21,16,2025-12-04
18118,location 760,0,severity_type 1,resource_type 2,1,1,2,2,2,1.0,1,1,2025-09-01
18414,location 1099,0,severity_type 1,resource_type 8,1,1,2,2,8,4.0,5,3,2025-10-15
7008,location 962,2,severity_type 2,resource_type 8,1,1,3,3,95,31.666666666666668,58,2,2025-06-22
16423,location 885,1,severity_type 1,resource_type 8,1,1,2,2,5,2.5,3,2,2025-09-27
13850,location 1054,0,severity_type 1,resource_type 8,1,1,2,2,30,15.0,19,11,2025-04-28
3515,location 266,0,severity_type 1,resource_type 2,2,2,3,3,3,1.0,1,1,2025-09-17
3113,location 1010,0,severity_type 2,resource_type 8,1,1,2,2,2,1.0,1,1,2025-02-01
15323,location 1100,1,severity_type 2,resource_type 8,1,1,2,2,10,5.0,7,3,2025-11-30
14093,location 395,0,severity_type 4,resource_type 2,1,1,2,2,2,1.0,1,1,2025-03-31
4491,location 793,0,severity_type 1,resource_type 8,1,1,1,1,11,11.0,11,11,2025-08-28
6128,location 891,0,severity_type 1,resource_type 8,1,1,3,3,158,52.66666666666666,74,16,2025-01-05
4738,location 1033,1,severity_type 1,resource_type 8,1,1,2,2,11,5.5,8,3,2025-02-26
3198,location 756,0,severity_type 1,resource_type 2,2,2,2,2,18,9.0,10,8,2025-12-27
8699,location 149,0,severity_type 2,resource_type 2,2,2,7,7,16,2.2857142857142856,4,1,2025-11-01
341,location 122,0,severity_type 2,resource_type 2,2,2,6,6,28,4.666666666666667,9,1,2025-03-23
3554,location 924,2,severity_type 1,resource_type 6,4,4,6,6,45,7.5,21,1,2025-02-17
14832,location 963,0,severity_type 1,resource_type 8,1,1,2,2,7,3.5,4,3,2025-10-25
11706,location 984,0,severity_type 1,resource_type 8,2,2,2,2,3,1.5,2,1,2025-12-28
12216,location 102,0,severity_type 2,resource_type 2,2,2,10,10,18,1.8,2,1,2025-03-03
657,location 895,1,severity_type 1,resource_type 2,3,3,6,6,122,20.33333333333333,31,10,2025-08-31
11100,location 1008,1,severity_type 2,resource_type 8,1,1,2,2,22,11.0,15,7,2025-04-14
13391,location 1019,2,severity_type 1,resource_type 8,2,2,2,2,43,21.5,33,10,2025-09-29
4119,location 898,0,severity_type 1,resource_type 2,1,1,1,1,188,188.0,188,188,2025-06-02
1389,location 87,1,severity_type 1,resource_type 9,3,3,5,5,9,1.8,2,1,2025-02-15
10232,location 283,0,severity_type 1,resource_type 2,2,2,6,6,9,1.5,2,1,2025-04-29
10113,location 469,0,severity_type 4,resource_type 2,1,1,1,1,2,2.0,2,2,2025-07-16
8525,location 704,1,severity_type 2,resource_type 8,1,1,2,2,12,6.0,8,4,2025-10-19
18143,location 465,0,severity_type 2,resource_type 2,2,2,2,2,48,24.0,25,23,2025-01-08
5248,location 852,1,severity_type 1,resource_type 8,1,1,2,2,2,1.0,1,1,2025-12-16
4764,location 509,0,severity_type 2,resource_type 2,2,2,3,3,10,3.333333333333333,4,2,2025-08-26
9076,location 821,2,severity_type 1,resource_type 8,1,1,1,1,1,1.0,1,1,2025-11-16
8106,location 1008,2,severity_type 1,resource_type 8,2,2,4,4,82,20.5,48,4,2025-12-06
4694,location 759,0,severity_type 2,resource_type 8,1,1,1,1,1,1.0,1,1,2025-02-26
9795,location 479,0,severity_type 2,resource_type 2,2,2,2,2,59,29.5,34,25,2025-02-04
9386,location 2,0,severity_type 1,resource_type 6,2,2,4,4,7,1.75,2,1,2025-10-11
3290,location 931,0,severity_type 2,resource_type 8,1,1,6,6,8,1.3333333333333333,2,1,2025-03-10
18385,location 294,0,severity_type 2,resource_type 2,2,2,3,3,3,1.0,1,1,2025-02-24
519,location 122,0,severity_type 2,resource_type 2,2,2,4,4,4,1.0,1,1,2025-06-21
7185,location 734,0,severity_type 2,resource_type 8,1,1,4,4,56,14.0,32,2,2025-11-30
2465,location 1052,2,severity_type 1,resource_type 8,2,2,4,4,59,14.75,24,8,2025-10-18
111,location 491,0,severity_type 2,resource_type 2,2,2,5,5,9,1.8,3,1,2025-07-09
5591,location 706,1,severity_type 1,resource_type 8,2,2,3,3,3,1.0,1,1,2025-03-13
3319,location 1055,0,severity_type 1,resource_type 8,1,1,1,1,2,2.0,2,2,2025-05-03
7138,location 363,0,severity_type 1,resource_type 2,3,3,14,14,24,1.7142857142857142,8,1,2025-09-09
15978,location 475,0,severity_type 2,resource_type 2,2,2,4,4,25,6.25,11,3,2025-02-27
2992,location 102,1,severity_type 2,resource_type 2,2,2,8,8,10,1.25,2,1,2025-07-11
6210,location 471,0,severity_type 2,resource_type 2,2,2,14,14,77,5.5,14,1,2025-01-05
17970,location 195,0,severity_type 1,resource_type 2,3,3,4,4,4,1.0,1,1,2025-04-29
5242,location 468,0,severity_type 2,resource_type 2,1,1,1,1,2,2.0,2,2,2025-04-01
4806,location 809,0,severity_type 1,resource_type 8,2,2,2,2,2,1.0,1,1,2025-09-06
9884,location 779,2,severity_type 2,resource_type 8,1,1,3,3,49,16.333333333333332,44,1,2025-11-30
16303,location 7,2,severity_type 2,resource_type 8,1,1,4,4,23,5.75,8,3,2025-02-23
3011,location 601,1,severity_type 1,resource_type 8,2,2,2,2,2,1.0,1,1,2025-10-19
3558,location 137,0,severity_type 2,resource_type 2,2,2,5,5,11,2.2,4,1,2025-08-28
4949,location 613,1,severity_type 1,resource_type 8,3,3,2,2,17,8.5,16,1,2025-12-20
827,location 167,0,severity_type 1,resource_type 2,3,3,4,4,4,1.0,1,1,2025-11-29
17650,location 1033,1,severity_type 1,resource_type 8,1,1,3,3,6,2.0,3,1,2025-02-06
17527,location 675,1,severity_type 1,resource_type 8,1,1,4,4,5,1.25,2,1,2025-09-29
4377,location 230,0,severity_type 4,resource_type 2,1,1,1,1,1,1.0,1,1,2025-08-05
2355,location 877,1,severity_type 1,resource_type 9,2,2,4,4,8,2.0,2,2,2025-02-11
6175,location 816,0,severity_type 1,resource_type 2,1,1,2,2,4,2.0,2,2,2025-04-04
18309,location 613,1,severity_type 1,resource_type 8,3,3,4,4,48,12.0,44,1,2025-12-05
15389,location 181,0,severity_type 2,resource_type 2,2,2,4,4,4,1.0,1,1,2025-07-18
12684,location 120,1,severity_type 2,resource_type 2,2,2,2,2,2,1.0,1,1,2025-05-04
11976,location 1013,0,severity_type 1,resource_type 2,3,3,4,4,7,1.75,3,1,2025-04-27
8452,location 823,1,severity_type 2,resource_type 8,1,1,2,2,5,2.5,3,2,2025-11-02
14598,location 7,0,severity_type 1,resource_type 8,1,1,2,2,3,1.5,2,1,2025-04-14
901,location 684,0,severity_type 2,resource_type 8,1,1,4,4,90,22.5,56,1,2025-02-27
12074,location 734,0,severity_type 1,resource_type 8,2,2,4,4,74,18.5,34,5,2025-07-29
6426,location 8,0,severity_type 1,resource_type 9,1,1,1,1,2,2.0,2,2,2025-12-29
10297,location 956,2,severity_type 1,resource_type 8,1,1,6,6,8,1.3333333333333333,2,1,2025-03-08
16145,location 1061,2,severity_type 2,resource_type 8,1,1,4,4,12,3.0,6,1,2025-04-04
1746,location 821,2,severity_type 1,resource_type 2,3,3,6,6,60,10.0,26,4,2025-06-21
12450,location 763,0,severity_type 2,resource_type 8,1,1,1,1,20,20.0,20,20,2025-03-14
16693,location 723,0,severity_type 2,resource_type 8,1,1,2,2,2,1.0,1,1,2025-08-26
18538,location 1106,1,severity_type 1,resource_type 8,1,1,4,4,8,2.0,4,1,2025-04-03
4482,location 483,0,severity_type 1,resource_type 2,2,2,5,5,9,1.8,4,1,2025-02-16
13003,location 599,0,severity_type 2,resource_type 8,1,1,1,1,53,53.0,53,53,2025-04-06
17757,location 984,1,severity_type 1,resource_type 8,2,2,2,2,8,4.0,4,4,2025-12-06
13496,location 1071,0,severity_type 2,resource_type 8,1,1,1,1,2,2.0,2,2,2025-12-08
5414,location 128,0,severity_type 2,resource_type 2,2,2,3,3,8,2.6666666666666665,4,1,2025-07-04
9557,location 1077,0,severity_type 2,resource_type 8,1,1,2,2,2,1.0,1,1,2025-05-27
5216,location 476,0,severity_type 2,resource_type 2,2,2,2,2,6,3.0,4,2,2025-10-27
18360,location 846,0,severity_type 1,resource_type 8,2,2,2,2,20,10.0,10,10,2025-03-12
16207,location 249,1,severity_type 1,resource_type 2,2,2,5,5,5,1.0,1,1,2025-08-27
15688,location 744,1,severity_type 1,resource_type 6,2,2,6,6,29,4.833333333333333,9,1,2025-09-06
10242,location 480,0,severity_type 2,resource_type 2,2,2,4,4,95,23.75,27,21,2025-09-17
1739,location 365,1,severity_type 2,resource_type 2,2,2,2,2,4,2.0,2,2,2025-03-21
11928,location 1011,1,severity_type 1,resource_type 8,1,1,1,1,1,1.0,1,1,2025-09-19
4115,location 471,0,severity_type 2,resource_type 2,2,2,2,2,211,105.5,114,97,2025-08-12
2575,location 165,1,severity_type 2,resource_type 2,2,2,5,5,7,1.4,2,1,2025-11-16
11381,location 501,0,severity_type 2,resource_type 2,2,2,3,3,6,2.0,2,2,2025-03-05
6737,location 822,0,severity_type 2,resource_type 8,1,1,1,1,2,2.0,2,2,2025-08-12
6406,location 808,0,severity_type 1,resource_type 8,2,2,2,2,4,2.0,2,2,2025-10-30
11311,location 810,2,severity_type 1,resource_type 8,2,2,4,4,34,8.5,16,2,2025-04-12
8447,location 16,0,severity_type 2,resource_type 8,1,1,1,1,2,2.0,2,2,2025-09-29
16697,location 678,1,severity_type 1,resource_type 8,1,1,1,1,8,8.0,8,8,2025-02-06
10964,location 118,0,severity_type 1,resource_type 2,2,2,6,6,11,1.8333333333333333,2,1,2025-09-20
13675,location 314,0,severity_type 2,resource_type 2,3,3,4,4,6,1.5,2,1,2025-08-10
7095,location 353,0,severity_type 1,resource_type 2,2,2,3,3,8,2.6666666666666665,3,2,2025-03-12
9418,location 264,1,severity_type 1,resource_type 2,2,2,3,3,5,1.6666666666666667,2,1,2025-01-25
16949,location 1,0,severity_type 2,resource_type 8,1,1,2,2,2,1.0,1,1,2025-09-30
17438,location 653,2,severity_type 1,resource_type 8,2,2,5,5,38,7.6,22,2,2025-03-30
7046,location 798,1,severity_type 1,resource_type 8,2,2,3,3,8,2.6666666666666665,6,1,2025-07-01
7651,location 120,0,severity_type 2,resource_type 2,2,2,4,4,4,1.0,1,1,2025-01-23
2190,location 734,2,severity_type 1,resource_type 8,3,3,4,4,46,11.5,28,2,2025-12-18
10144,location 793,0,severity_type 2,resource_type 8,1,1,2,2,5,2.5,3,2,2025-07-20
17685,location 638,1,severity_type 1,resource_type 2,2,2,4,4,21,5.25,8,2,2025-12-07
17109,location 565,0,severity_type 2,resource_type 8,1,1,1,1,2,2.0,2,2,2025-02-28
6239,location 356,1,severity_type 2,resource_type 2,2,2,4,4,8,2.0,3,1,2025-03-17
8128,location 1076,1,severity_type 2,resource_type 8,1,1,2,2,4,2.0,2,2,2025-08-11
4446,location 455,0,severity_type 2,resource_type 2,2,2,2,2,2,1.0,1,1,2025-08-09
13889,location 894,0,severity_type 1,resource_type 2,3,3,6,6,69,11.5,18,4,2025-10-16
14688,location 450,0,severity_type 2,resource_type 2,2,2,4,4,5,1.25,2,1,2025-12-05
17585,location 734,2,severity_type 2,resource_type 8,1,1,3,3,9,3.0,4,1,2025-10-27
8867,location 328,0,severity_type 2,resource_type 2,2,2,2,2,6,3.0,3,3,2025-02-21
12590,location 1019,2,severity_type 1,resource_type 8,2,2,2,2,63,31.5,48,15,2025-04-23
16785,location 699,1,severity_type 2,resource_type 8,1,1,1,1,1,1.0,1,1,2025-11-30
8911,location 415,1,severity_type 2,resource_type 2,2,2,3,3,3,1.0,1,1,2025-07-20
9346,location 245,0,severity_type 2,resource_type 2,2,2,2,2,9,4.5,5,4,2025-11-13
6241,location 1052,0,severity_type 1,resource_type 8,2,2,3,3,11,3.6666666666666665,8,1,2025-07-25
11719,location 476,0,severity_type 2,resource_type 2,2,2,7,7,65,9.285714285714286,32,1,2025-01-19
9663,location 834,1,severity_type 2,resource_type 8,1,1,2,2,12,6.0,8,4,2025-06-22
8551,location 837,0,severity_type 2,resource_type 8,1,1,1,1,2,2.0,2,2,2025-10-29
14928,location 931,0,severity_type 2,resource_type 8,1,1,1,1,6,6.0,6,6,2025-08-28
15060,location 803,1,severity_type 1,resource_type 8,1,1,2,2,3,1.5,2,1,2025-02-18
4587,location 879,0,severity_type 1,resource_type 8,1,1,2,2,4,2.0,2,2,2025-03-18
6846,location 976,1,severity_type 2,resource_type 8,1,1,2,2,6,3.0,3,3,2025-11-08
14207,location 1053,1,severity_type 1,resource_type 8,2,2,2,2,10,5.0,8,2,2025-12-24
15709,location 378,0,severity_type 2,resource_type 2,2,2,4,4,12,3.0,6,1,2025-10-02
4751,location 242,0,severity_type 2,resource_type 2,2,2,6,6,319,53.16666666666666,68,43,2025-02-05
7527,location 714,0,severity_type 1,resource_type 8,2,2,1,1,4,4.0,4,4,2025-08-15
2028,location 645,0,severity_type 1,resource_type 2,1,1,1,1,1,1.0,1,1,2025-10-30
14721,location 155,0,severity_type 1,resource_type 2,3,3,4,4,14,3.5,6,1,2025-08-22
14727,location 91,0,severity_type 2,resource_type 2,2,2,5,5,235,47.0,153,1,2025-08-05
12602,location 945,0,severity_type 1,resource_type 8,2,2,6,6,11,1.8333333333333333,4,1,2025-06-20
17850,location 802,0,severity_type 1,resource_type 6,3,3,3,3,6,2.0,2,2,2025-03-31
9565,location 471,0,severity_type 2,resource_type 2,2,2,5,5,192,38.4,91,1,2025-04-13
1941,location 808,0,severity_type 2,resource_type 8,1,1,1,1,1,1.0,1,1,2025-09-30
1980,location 641,1,severity_type 1,resource_type 2,2,2,4,4,14,3.5,6,1,2025-01-26
14385,location 814,0,severity_type 1,resource_type 8,1,1,2,2,10,5.0,6,4,2025-01-31
17888,location 171,0,severity_type 2,resource_type 8,1,1,1,1,1,1.0,1,1,2025-05-25
8668,location 767,0,severity_type 1,resource_type 8,2,2,3,3,5,1.6666666666666667,2,1,2025-10-10
10416,location 135,0,severity_type 2,resource_type 2,2,2,4,4,48,12.0,21,3,2025-08-28
217,location 13,1,severity_type 1,resource_type 8,2,2,4,4,8,2.0,2,2,2025-08-04
16794,location 651,0,severity_type 1,resource_type 2,1,1,2,2,2,1.0,1,1,2025-07-14
16467,location 468,0,severity_type 2,resource_type 2,2,2,2,2,54,27.0,28,26,2025-02-10
16492,location 1095,0,severity_type 2,resource_type 4,2,2,1,1,3,3.0,3,3,2025-05-02
16097,location 1,0,severity_type 1,resource_type 8,2,2,2,2,2,1.0,1,1,2025-01-30
924,location 734,2,severity_type 1,resource_type 8,2,2,4,4,23,5.75,10,3,2025-10-04
2136,location 600,0,severity_type 1,resource_type 8,2,2,1,1,34,34.0,34,34,2025-10-02
11302,location 909,0,severity_type 1,resource_type 8,1,1,3,3,4,1.3333333333333333,2,1,2025-04-05
4589,location 126,0,severity_type 2,resource_type 2,2,2,8,8,33,4.125,6,1,2025-04-17
15142,location 442,0,severity_type 2,resource_type 2,2,2,6,6,14,2.333333333333333,3,2,2025-04-26
7639,location 1069,1,severity_type 1,resource_type 8,1,1,1,1,2,2.0,2,2,2025-11-21
15324,location 823,0,severity_type 2,resource_type 8,1,1,4,4,16,4.0,10,1,2025-06-28
16133,location 758,1,severity_type 1,resource_type 8,1,1,2,2,3,1.5,2,1,2025-10-06
5032,location 1015,1,severity_type 1,resource_type 8,1,1,2,2,2,1.0,1,1,2025-06-13
17830,location 102,0,severity_type 2,resource_type 2,2,2,3,3,6,2.0,3,1,2025-09-12
1789,location 103,0,severity_type 2,resource_type 2,2,2,3,3,5,1.6666666666666667,2,1,2025-07-12
3381,location 370,0,severity_type 4,resource_type 2,1,1,4,4,6,1.5,2,1,2025-04-12
1398,location 941,0,severity_type 1,resource_type 8,1,1,2,2,4,2.0,2,2,2025-11-16
13626,location 155,0,severity_type 2,resource_type 2,2,2,2,2,23,11.5,12,11,2025-09-16
16934,location 643,0,severity_type 4,resource_type 2,1,1,1,1,3,3.0,3,3,2025-10-08
2314,location 767,1,severity_type 1,resource_type 8,3,3,2,2,4,2.0,3,1,2025-12-13
11067,location 149,0,severity_type 2,resource_type 2,2,2,5,5,10,2.0,3,1,2025-04-01
15365,location 224,0,severity_type 2,resource_type 2,2,2,4,4,11,2.75,3,2,2025-02-03
10459,location 976,1,severity_type 2,resource_type 8,1,1,2,2,14,7.0,8,6,2025-08-01
8114,location 999,0,severity_type 2,resource_type 8,1,1,2,2,4,2.0,3,1,2025-04-30
15955,location 885,0,severity_type 1,resource_type 8,1,1,4,4,10,2.5,4,2,2025-06-09
2114,location 821,1,severity_type 1,resource_type 8,3,3,7,7,53,7.571428571428571,28,2,2025-03-27
17724,location 1019,0,severity_type 1,resource_type 8,2,2,3,3,5,1.6666666666666667,2,1,2025-05-26
15704,location 962,0,severity_type 2,resource_type 8,1,1,1,1,14,14.0,14,14,2025-05-24
6906,location 527,0,severity_type 2,resource_type 2,2,2,8,8,9,1.125,2,1,2025-05-08
12750,location 1107,2,severity_type 1,resource_type 8,2,2,4,4,69,17.25,44,2,2025-09-28
4075,location 149,0,severity_type 2,resource_type 2,2,2,6,6,29,4.833333333333333,7,3,2025-08-05
6986,location 1100,2,severity_type 1,resource_type 8,2,2,4,4,102,25.5,79,1,2025-06-23
7868,location 655,0,severity_type 2,resource_type 8,1,1,1,1,1,1.0,1,1,2025-02-11
2372,location 831,1,severity_type 1,resource_type 8,1,1,2,2,2,1.0,1,1,2025-07-28
6085,location 834,1,severity_type 2,resource_type 8,1,1,2,2,6,3.0,5,1,2025-03-05
5557,location 903,0,severity_type 1,resource_type 8,1,1,3,3,22,7.333333333333333,18,2,2025-04-25
1656,location 465,0,severity_type 2,resource_type 2,2,2,2,2,88,44.0,52,36,2025-06-01
17670,location 826,1,severity_type 1,resource_type 6,2,2,3,3,8,2.6666666666666665,4,2,2025-02-21
11518,location 756,1,severity_type 1,resource_type 8,1,1,2,2,2,1.0,1,1,2025-05-23
31,location 457,0,severity_type 2,resource_type 2,2,2,4,4,35,8.75,13,7,2025-04-08
1031,location 763,1,severity_type 2,resource_type 8,1,1,3,3,27,9.0,24,1,2025-11-07
9752,location 995,2,severity_type 1,resource_type 8,2,2,7,7,439,62.71428571428572,213,2,2025-11-10
809,location 204,1,severity_type 1,resource_type 2,2,2,3,3,4,1.3333333333333333,2,1,2025-01-02
3640,location 1026,0,severity_type 1,resource_type 6,2,2,2,2,4,2.0,2,2,2025-08-08
2923,location 994,0,severity_type 1,resource_type 8,1,1,1,1,1,1.0,1,1,2025-08-22
18016,location 600,2,severity_type 1,resource_type 8,2,2,2,2,31,15.5,22,9,2025-05-18
7042,location 240,1,severity_type 2,resource_type 2,2,2,4,4,6,1.5,2,1,2025-06-21
15825,location 931,0,severity_type 2,resource_type 8,1,1,2,2,12,6.0,9,3,2025-10-16
2258,location 767,1,severity_type 1,resource_type 8,2,2,4,4,4,1.0,1,1,2025-05-18
14403,location 914,1,severity_type 1,resource_type 7,2,2,4,4,4,1.0,1,1,2025-01-24
11011,location 478,0,severity_type 2,resource_type 2,2,2,8,8,72,9.0,30,1,2025-05-16
4973,location 1100,2,severity_type 1,resource_type 8,1,1,1,1,1,1.0,1,1,2025-04-03
17624,location 448,0,severity_type 2,resource_type 2,2,2,2,2,3,1.5,2,1,2025-05-20
12599,location 638,0,severity_type 4,resource_type 2,2,2,2,2,8,4.0,4,4,2025-03-25
11093,location 1100,2,severity_type 1,resource_type 8,2,2,6,6,218,36.333333333333336,146,1,2025-02-24
9267,location 500,0,severity_type 2,resource_type 2,2,2,6,6,12,2.0,4,1,2025-12-26
12200,location 892,2,severity_type 1,resource_type 2,3,3,6,6,48,8.0,14,2,2025-02-17
5964,location 709,0,severity_type 1,resource_type 8,1,1,2,2,4,2.0,3,1,2025-09-15
4136,location 845,0,severity_type 2,resource_type 8,1,1,2,2,30,15.0,21,9,2025-09-19
17061,location 822,0,severity_type 1,resource_type 2,2,2,3,3,3,1.0,1,1,2025-08-14
15676,location 102,0,severity_type 2,resource_type 2,2,2,12,12,64,5.333333333333333,8,2,2025-11-29
8054,location 472,0,severity_type 4,resource_type 2,1,1,1,1,2,2.0,2,2,2025-01-02
315,location 909,1,severity_type 2,resource_type 4,2,2,4,4,6,1.5,2,1,2025-04-21
3570,location 175,0,severity_type 1,resource_type 2,3,3,3,3,3,1.0,1,1,2025-03-09
7377,location 1068,0,severity_type 1,resource_type 8,1,1,3,3,18,6.0,11,1,2025-07-30
15309,location 211,1,severity_type 1,resource_type 2,3,3,6,6,14,2.333333333333333,5,1,2025-08-20
1874,location 314,1,severity_type 2,resource_type 2,2,2,4,4,12,3.0,5,1,2025-11-24
7071,location 180,0,severity_type 2,resource_type 2,2,2,2,2,2,1.0,1,1,2025-05-19
3152,location 653,2,severity_type 1,resource_type 8,2,2,6,6,102,17.0,49,1,2025-03-28
15697,location 823,0,severity_type 1,resource_type 8,2,2,4,4,11,2.75,3,2,2025-12-04
2425,location 1008,1,severity_type 1,resource_type 8,2,2,5,5,13,2.6,7,1,2025-09-03
2729,location 157,0,severity_type 4,resource_type 2,1,1,1,1,2,2.0,2,2,2025-10-07
7506,location 795,0,severity_type 2,resource_type 8,1,1,2,2,182,91.0,146,36,2025-06-12
15998,location 899,0,severity_type 1,resource_type 2,4,4,7,7,18,2.571428571428572,4,1,2025-06-13
15256,location 1052,0,severity_type 1,resource_type 8,2,2,4,4,19,4.75,6,3,2025-05-23
1446,location 236,0,severity_type 2,resource_type 2,2,2,2,2,50,25.0,27,23,2025-10-01
7240,location 704,0,severity_type 1,resource_type 8,2,2,2,2,11,5.5,10,1,2025-03-18
13348,location 817,0,severity_type 1,resource_type 8,2,2,2,2,2,1.0,1,1,2025-12-23
5636,location 489,0,severity_type 2,resource_type 2,2,2,2,2,4,2.0,2,2,2025-03-06
4881,location 1086,1,severity_type 2,resource_type 8,1,1,2,2,7,3.5,6,1,2025-06-18
7904,location 684,0,severity_type 1,resource_type 8,2,2,3,3,28,9.333333333333334,26,1,2025-04-25
8123,location 476,0,severity_type 2,resource_type 2,2,2,3,3,38,12.666666666666666,19,7,2025-08-23
6794,location 1050,1,severity_type 1,resource_type 8,2,2,3,3,6,2.0,2,2,2025-09-06
190,location 478,0,severity_type 2,resource_type 2,2,2,6,6,22,3.6666666666666665,5,2,2025-12-02
17307,location 118,0,severity_type 2,resource_type 2,2,2,2,2,48,24.0,26,22,2025-10-16
4066,location 945,0,severity_type 2,resource_type 8,1,1,2,2,28,14.0,18,10,2025-04-01
16510,location 958,0,severity_type 1,resource_type 8,2,2,2,2,67,33.5,34,33,2025-03-17
10551,location 786,0,severity_type 4,resource_type 7,1,1,1,1,1,1.0,1,1,2025-11-20
17638,location 242,0,severity_type 2,resource_type 2,2,2,4,4,9,2.25,3,2,2025-06-28
3669,location 272,0,severity_type 4,resource_type 2,1,1,3,3,3,1.0,1,1,2025-02-05
14654,location 684,1,severity_type 2,resource_type 8,1,1,3,3,59,19.666666666666668,46,1,2025-10-29
4607,location 441,0,severity_type 1,resource_type 2,4,4,9,9,9,1.0,1,1,2025-08-25
2614,location 885,0,severity_type 1,resource_type 8,1,1,2,2,8,4.0,4,4,2025-01-10
15280,location 99,0,severity_type 1,resource_type 2,3,3,4,4,4,1.0,1,1,2025-10-13
10722,location 808,0,severity_type 1,resource_type 8,2,2,1,1,7,7.0,7,7,2025-08-10
14768,location 1111,1,severity_type 1,resource_type 8,1,1,2,2,3,1.5,2,1,2025-08-13
3334,location 493,0,severity_type 2,resource_type 2,2,2,9,9,42,4.666666666666667,7,2,2025-11-12
16453,location 457,0,severity_type 2,resource_type 2,2,2,10,10,153,15.3,40,1,2025-06-30
5333,location 1067,0,severity_type 1,resource_type 8,1,1,2,2,16,8.0,12,4,2025-06-18
13488,location 93,1,severity_type 2,resource_type 2,2,2,2,2,3,1.5,2,1,2025-08-14
10625,location 881,0,severity_type 4,resource_type 7,1,1,1,1,1,1.0,1,1,2025-03-14
8454,location 644,0,severity_type 1,resource_type 2,2,2,2,2,352,176.0,176,176,2025-02-25
15072,location 1019,1,severity_type 2,resource_type 8,1,1,2,2,7,3.5,5,2,2025-11-04
14454,location 490,0,severity_type 2,resource_type 2,2,2,2,2,57,28.5,31,26,2025-03-20
16540,location 710,0,severity_type 1,resource_type 8,1,1,2,2,2,1.0,1,1,2025-07-04
11863,location 760,1,severity_type 1,resource_type 8,1,1,1,1,1,1.0,1,1,2025-04-09
16088,location 653,1,severity_type 1,resource_type 2,2,2,3,3,13,4.333333333333333,9,1,2025-03-26
4685,location 653,0,severity_type 2,resource_type 8,1,1,1,1,8,8.0,8,8,2025-08-07
12644,location 744,0,severity_type 1,resource_type 6,2,2,2,2,3,1.5,2,1,2025-10-20
10984,location 584,0,severity_type 1,resource_type 8,1,1,2,2,2,1.0,1,1,2025-06-11
10791,location 472,0,severity_type 2,resource_type 2,2,2,5,5,8,1.6,2,1,2025-02-20
18506,location 845,0,severity_type 2,resource_type 8,1,1,1,1,10,10.0,10,10,2025-03-31
10847,location 244,0,severity_type 2,resource_type 2,2,2,2,2,37,18.5,19,18,2025-03-02
8675,location 474,0,severity_type 2,resource_type 2,2,2,6,6,15,2.5,7,1,2025-11-19
11864,location 124,0,severity_type 2,resource_type 2,2,2,6,6,16,2.6666666666666665,3,2,2025-04-27
15273,location 704,0,severity_type 1,resource_type 8,2,2,4,4,36,9.0,15,3,2025-05-17
5745,location 242,0,severity_type 2,resource_type 2,2,2,7,7,95,13.571428571428571,30,1,2025-01-26
1255,location 1042,1,severity_type 2,resource_type 8,1,1,2,2,6,3.0,4,2,2025-06-12
13027,location 298,0,severity_type 2,resource_type 2,2,2,2,2,41,20.5,21,20,2025-11-30
3164,location 1031,0,severity_type 1,resource_type 8,1,1,3,3,40,13.333333333333334,18,5,2025-05-30
5397,location 758,0,severity_type 1,resource_type 8,1,1,2,2,9,4.5,6,3,2025-08-26
13706,location 369,0,severity_type 2,resource_type 2,2,2,12,12,193,16.083333333333332,25,1,2025-03-08
4178,location 962,0,severity_type 1,resource_type 8,2,2,3,3,20,6.666666666666667,8,5,2025-02-22
12454,location 1107,1,severity_type 1,resource_type 8,2,2,4,4,237,59.25,208,2,2025-09-25
177,location 124,0,severity_type 2,resource_type 2,2,2,3,3,3,1.0,1,1,2025-01-24
8162,location 856,1,severity_type 1,resource_type 6,3,3,4,4,4,1.0,1,1,2025-06-13
13041,location 768,0,severity_type 2,resource_type 8,1,1,2,2,3,1.5,2,1,2025-04-26
6385,location 1111,1,severity_type 1,resource_type 8,1,1,2,2,3,1.5,2,1,2025-01-06
1816,location 1083,1,severity_type 1,resource_type 8,1,1,3,3,5,1.6666666666666667,2,1,2025-07-13
2660,location 824,1,severity_type 1,resource_type 8,1,1,1,1,1,1.0,1,1,2025-12-18
18413,location 1002,0,severity_type 1,resource_type 2,1,1,2,2,2,1.0,1,1,2025-01-26
14583,location 1086,1,severity_type 2,resource_type 8,1,1,2,2,22,11.0,14,8,2025-10-25
6926,location 682,0,severity_type 1,resource_type 8,1,1,2,2,18,9.0,9,9,2025-07-16
8166,location 599,2,severity_type 2,resource_type 8,1,1,2,2,77,38.5,49,28,2025-09-22
1295,location 607,0,severity_type 2,resource_type 8,2,2,1,1,7,7.0,7,7,2025-02-05
11457,location 837,1,severity_type 1,resource_type 10,3,3,4,4,8,2.0,2,2,2025-11-14
470,location 648,0,severity_type 2,resource_type 7,3,3,2,2,2,1.0,1,1,2025-01-05
11397,location 1086,2,severity_type 2,resource_type 8,1,1,2,2,17,8.5,12,5,2025-11-27
1110,location 1042,2,severity_type 2,resource_type 8,1,1,2,2,51,25.5,37,14,2025-08-29
7051,location 484,0,severity_type 2,resource_type 2,2,2,2,2,17,8.5,9,8,2025-05-04
16515,location 846,0,severity_type 2,resource_type 8,1,1,2,2,37,18.5,24,13,2025-01-03
18182,location 506,0,severity_type 2,resource_type 2,2,2,2,2,17,8.5,9,8,2025-08-11
6808,location 653,1,severity_type 1,resource_type 8,2,2,4,4,36,9.0,20,1,2025-02-01
2537,location 661,1,severity_type 2,resource_type 7,2,2,2,2,4,2.0,3,1,2025-08-11
13181,location 488,0,severity_type 1,resource_type 2,3,3,6,6,27,4.5,12,1,2025-10-10
154,location 257,1,severity_type 2,resource_type 2,2,2,2,2,2,1.0,1,1,2025-04-08
8383,location 700,1,severity_type 4,resource_type 2,1,1,2,2,3,1.5,2,1,2025-03-29
2564,location 406,1,severity_type 1,resource_type 2,2,2,3,3,3,1.0,1,1,2025-03-23
12445,location 2,1,severity_type 1,resource_type 6,3,3,6,6,6,1.0,1,1,2025-03-24
8728,location 243,0,severity_type 2,resource_type 2,2,2,3,3,3,1.0,1,1,2025-02-11
8009,location 611,0,severity_type 1,resource_type 2,1,1,1,1,1,1.0,1,1,2025-04-02
16608,location 845,0,severity_type 2,resource_type 8,1,1,1,1,7,7.0,7,7,2025-08-29
313,location 902,0,severity_type 1,resource_type 8,1,1,2,2,4,2.0,3,1,2025-04-21
14350,location 239,0,severity_type 1,resource_type 8,4,4,6,6,7,1.1666666666666667,2,1,2025-10-13
9820,location 931,0,severity_type 2,resource_type 8,1,1,4,4,26,6.5,12,1,2025-10-27
14210,location 491,0,severity_type 2,resource_type 2,2,2,6,6,10,1.6666666666666667,2,1,2025-10-05
6644,location 1030,1,severity_type 1,resource_type 8,1,1,2,2,3,1.5,2,1,2025-07-16
15347,location 962,2,severity_type 2,resource_type 8,1,1,2,2,22,11.0,16,6,2025-04-26
9230,location 584,0,severity_type 2,resource_type 8,1,1,3,3,22,7.333333333333333,18,1,2025-12-06
12757,location 814,0,severity_type 2,resource_type 8,1,1,2,2,11,5.5,7,4,2025-03-16
7552,location 793,0,severity_type 1,resource_type 8,1,1,2,2,39,19.5,30,9,2025-06-19
14018,location 962,2,severity_type 2,resource_type 8,1,1,2,2,92,46.0,88,4,2025-06-15
8102,location 643,0,severity_type 4,resource_type 2,2,2,2,2,3,1.5,2,1,2025-09-30
10319,location 1007,0,severity_type 2,resource_type 8,1,1,2,2,3,1.5,2,1,2025-07-19
15910,location 475,0,severity_type 2,resource_type 2,2,2,4,4,32,8.0,10,7,2025-10-19
3183,location 856,2,severity_type 1,resource_type 7,4,4,7,7,51,7.285714285714286,18,2,2025-12-02
7033,location 684,0,severity_type 2,resource_type 8,1,1,1,1,12,12.0,12,12,2025-05-23
16615,location 236,1,severity_type 2,resource_type 2,2,2,4,4,8,2.0,3,1,2025-11-16
11200,location 229,1,severity_type 1,resource_type 2,2,2,4,4,4,1.0,1,1,2025-03-03
4706,location 1052,0,severity_type 2,resource_type 8,1,1,2,2,30,15.0,19,11,2025-12-01
4623,location 1008,1,severity_type 2,resource_type 8,1,1,4,4,27,6.75,21,1,2025-03-06
10025,location 414,0,severity_type 4,resource_type 2,1,1,1,1,2,2.0,2,2,2025-11-07
7296,location 734,2,severity_type 1,resource_type 2,3,3,5,5,43,8.6,24,1,2025-05-23
1614,location 226,1,severity_type 2,resource_type 2,2,2,6,6,6,1.0,1,1,2025-12-19
5647,location 995,0,severity_type 2,resource_type 8,1,1,3,3,4,1.3333333333333333,2,1,2025-02-17
2021,location 1072,0,severity_type 1,resource_type 8,1,1,2,2,2,1.0,1,1,2025-06-19
6651,location 834,0,severity_type 2,resource_type 8,1,1,2,2,11,5.5,6,5,2025-11-26
14219,location 489,0,severity_type 2,resource_type 2,2,2,6,6,20,3.333333333333333,4,2,2025-01-18
10852,location 373,0,severity_type 2,resource_type 2,2,2,2,2,122,61.0,61,61,2025-04-07
6727,location 995,1,severity_type 1,resource_type 8,2,2,7,7,447,63.85714285714285,205,2,2025-01-31
6282,location 445,0,severity_type 2,resource_type 2,2,2,2,2,20,10.0,13,7,2025-04-28
5727,location 119,0,severity_type 2,resource_type 2,2,2,2,2,50,25.0,25,25,2025-05-23
16114,location 325,1,severity_type 1,resource_type 8,3,3,5,5,7,1.4,3,1,2025-08-14
1216,location 7,0,severity_type 1,resource_type 8,1,1,4,4,42,10.5,20,2,2025-04-05
1993,location 963,0,severity_type 1,resource_type 8,1,1,2,2,10,5.0,8,2,2025-02-27
1776,location 798,1,severity_type 2,resource_type 8,1,1,2,2,24,12.0,22,2,2025-03-04
12052,location 817,0,severity_type 1,resource_type 2,1,1,1,1,1,1.0,1,1,2025-12-09
17750,location 805,0,severity_type 2,resource_type 8,1,1,2,2,8,4.0,4,4,2025-12-14
9115,location 91,0,severity_type 2,resource_type 2,2,2,2,2,472,236.0,283,189,2025-03-22
1006,location 603,0,severity_type 1,resource_type 8,1,1,1,1,2,2.0,2,2,2025-03-13
2214,location 1008,1,severity_type 2,resource_type 8,1,1,3,3,13,4.333333333333333,10,1,2025-01-20
17971,location 38,0,severity_type 5,resource_type 9,2,2,2,2,2,1.0,1,1,2025-12-17
12235,location 962,1,severity_type 2,resource_type 8,1,1,2,2,10,5.0,8,2,2025-09-15
9562,location 487,0,severity_type 4,resource_type 2,1,1,1,1,1,1.0,1,1,2025-10-05
14486,location 480,0,severity_type 1,resource_type 2,2,2,3,3,3,1.0,1,1,2025-04-17
3860,location 1116,0,severity_type 1,resource_type 8,1,1,2,2,2,1.0,1,1,2025-08-22
6303,location 477,0,severity_type 2,resource_type 2,2,2,8,8,109,13.625,44,1,2025-01-22
13434,location 465,0,severity_type 2,resource_type 2,2,2,2,2,20,10.0,12,8,2025-09-04
7229,location 292,0,severity_type 2,resource_type 2,2,2,4,4,9,2.25,3,2,2025-07-31
6661,location 32,0,severity_type 1,resource_type 3,3,3,9,9,50,5.555555555555555,10,1,2025-05-01
12412,location 244,0,severity_type 2,resource_type 2,2,2,2,2,61,30.5,32,29,2025-09-17
1904,location 892,0,severity_type 2,resource_type 2,1,1,2,2,214,107.0,211,3,2025-08-24
14066,location 488,0,severity_type 2,resource_type 2,2,2,8,8,41,5.125,12,1,2025-06-10
886,location 1018,0,severity_type 1,resource_type 8,2,2,2,2,6,3.0,4,2,2025-03-10
769,location 893,0,severity_type 1,resource_type 2,3,3,6,6,64,10.666666666666666,13,3,2025-01-09
1553,location 1010,0,severity_type 1,resource_type 8,1,1,3,3,27,9.0,13,6,2025-12-09
8228,location 756,1,severity_type 4,resource_type 2,1,1,2,2,2,1.0,1,1,2025-04-13
15713,location 477,0,severity_type 2,resource_type 2,2,2,7,7,202,28.857142857142858,79,1,2025-04-21
432,location 255,0,severity_type 2,resource_type 2,2,2,2,2,13,6.5,7,6,2025-09-06
14084,location 501,0,severity_type 2,resource_type 2,2,2,3,3,4,1.3333333333333333,2,1,2025-04-04
6781,location 57,1,severity_type 1,resource_type 8,2,2,2,2,2,1.0,1,1,2025-05-18
3723,location 994,0,severity_type 1,resource_type 8,1,1,2,2,2,1.0,1,1,2025-09-17
12389,location 1015,0,severity_type 1,resource_type 8,1,1,1,1,1,1.0,1,1,2025-08-06
8892,location 97,1,severity_type 2,resource_type 2,2,2,3,3,6,2.0,3,1,2025-08-28
16074,location 653,2,severity_type 1,resource_type 8,2,2,4,4,128,32.0,50,12,2025-01-02
10444,location 230,0,severity_type 2,resource_type 2,3,3,5,5,5,1.0,1,1,2025-06-14
107,location 118,1,severity_type 2,resource_type 2,2,2,2,2,19,9.5,10,9,2025-06-23
12252,location 242,0,severity_type 2,resource_type 2,2,2,6,6,268,44.66666666666666,66,33,2025-08-19
10767,location 97,0,severity_type 4,resource_type 2,1,1,1,1,1,1.0,1,1,2025-02-25
5977,location 1017,1,severity_type 1,resource_type 8,1,1,2,2,4,2.0,2,2,2025-02-28
10850,location 825,1,severity_type 1,resource_type 2,2,2,4,4,4,1.0,1,1,2025-10-06
12053,location 881,1,severity_type 1,resource_type 8,2,2,2,2,2,1.0,1,1,2025-09-03
15677,location 229,0,severity_type 1,resource_type 2,3,3,9,9,16,1.7777777777777777,3,1,2025-10-24
2096,location 135,0,severity_type 2,resource_type 2,2,2,2,2,30,15.0,15,15,2025-04-09
2656,location 102,0,severity_type 2,resource_type 2,2,2,4,4,4,1.0,1,1,2025-12-31
4439,location 475,0,severity_type 2,resource_type 2,2,2,4,4,11,2.75,5,1,2025-04-10
12868,location 151,0,severity_type 4,resource_type 2,1,1,1,1,1,1.0,1,1,2025-08-26
10438,location 208,1,severity_type 1,resource_type 2,1,1,2,2,2,1.0,1,1,2025-03-01
15725,location 118,0,severity_type 2,resource_type 2,2,2,4,4,4,1.0,1,1,2025-12-02
11192,location 885,1,severity_type 1,resource_type 8,1,1,2,2,5,2.5,4,1,2025-05-02
3682,location 714,1,severity_type 1,resource_type 6,2,2,5,5,15,3.0,5,1,2025-10-20
13795,location 834,0,severity_type 2,resource_type 8,1,1,2,2,32,16.0,22,10,2025-05-01
14106,location 852,0,severity_type 1,resource_type 2,1,1,2,2,2,1.0,1,1,2025-10-16
16809,location 1008,1,severity_type 2,resource_type 8,1,1,2,2,15,7.5,12,3,2025-06-15
9725,location 244,0,severity_type 2,resource_type 2,2,2,2,2,22,11.0,12,10,2025-01-23
9977,location 480,0,severity_type 2,resource_type 2,2,2,4,4,124,31.0,33,29,2025-03-11
12174,location 133,0,severity_type 2,resource_type 2,2,2,4,4,6,1.5,2,1,2025-09-07
10713,location 742,0,severity_type 2,resource_type 2,2,2,2,2,5,2.5,3,2,2025-03-12
2759,location 1094,0,severity_type 2,resource_type 8,1,1,2,2,2,1.0,1,1,2025-04-11
12719,location 169,0,severity_type 1,resource_type 2,3,3,6,6,8,1.3333333333333333,2,1,2025-07-17
10130,location 492,0,severity_type 2,resource_type 2,2,2,2,2,2,1.0,1,1,2025-04-03
16746,location 498,0,severity_type 2,resource_type 2,2,2,4,4,4,1.0,1,1,2025-02-17
13234,location 153,0,severity_type 1,resource_type 2,1,1,2,2,2,1.0,1,1,2025-08-16
6893,location 206,0,severity_type 4,resource_type 2,1,1,1,1,1,1.0,1,1,2025-09-09
12700,location 825,1,severity_type 2,resource_type 8,1,1,2,2,2,1.0,1,1,2025-09-25
10537,location 664,0,severity_type 1,resource_type 8,1,1,2,2,32,16.0,16,16,2025-12-11
10796,location 705,2,severity_type 1,resource_type 8,2,2,2,2,4,2.0,3,1,2025-02-15
6498,location 155,0,severity_type 2,resource_type 2,2,2,2,2,4,2.0,3,1,2025-06-05
8359,location 1017,0,severity_type 1,resource_type 8,1,1,3,3,4,1.3333333333333333,2,1,2025-03-27
5524,location 897,2,severity_type 1,resource_type 2,4,4,7,7,18,2.571428571428572,7,1,2025-11-25
13842,location 536,1,severity_type 1,resource_type 8,2,2,2,2,2,1.0,1,1,2025-07-17
17698,location 466,0,severity_type 2,resource_type 2,2,2,2,2,8,4.0,4,4,2025-02-05
1965,location 664,0,severity_type 1,resource_type 8,1,1,2,2,14,7.0,8,6,2025-09-10
13388,location 721,1,severity_type 1,resource_type 8,1,1,3,3,5,1.6666666666666667,2,1,2025-01-16
13233,location 477,0,severity_type 2,resource_type 2,2,2,2,2,15,7.5,11,4,2025-04-11
6243,location 846,0,severity_type 2,resource_type 8,1,1,1,1,18,18.0,18,18,2025-09-21
16754,location 845,0,severity_type 2,resource_type 8,1,1,1,1,20,20.0,20,20,2025-07-04
16224,location 13,0,severity_type 1,resource_type 2,4,4,11,11,377,34.27272727272727,157,1,2025-10-05
1266,location 246,1,severity_type 2,resource_type 2,2,2,2,2,5,2.5,3,2,2025-07-28
1914,location 135,0,severity_type 2,resource_type 2,2,2,4,4,14,3.5,6,1,2025-11-04
14062,location 518,0,severity_type 2,resource_type 2,2,2,4,4,21,5.25,9,3,2025-07-25
1877,location 837,0,severity_type 1,resource_type 6,2,2,6,6,43,7.166666666666667,12,3,2025-01-21
7502,location 1107,1,severity_type 1,resource_type 8,2,2,4,4,93,23.25,64,4,2025-01-27
17773,location 845,2,severity_type 2,resource_type 8,1,1,2,2,18,9.0,11,7,2025-10-11
561,location 641,0,severity_type 1,resource_type 2,2,2,6,6,529,88.16666666666667,190,13,2025-01-15
4651,location 1026,0,severity_type 2,resource_type 8,1,1,1,1,1,1.0,1,1,2025-05-18
12799,location 533,0,severity_type 1,resource_type 8,1,1,1,1,1,1.0,1,1,2025-01-06
9901,location 707,0,severity_type 1,resource_type 8,2,2,1,1,2,2.0,2,2,2025-04-21
11191,location 126,0,severity_type 2,resource_type 2,2,2,8,8,99,12.375,37,4,2025-08-06
10690,location 126,0,severity_type 2,resource_type 2,2,2,7,7,29,4.142857142857143,7,1,2025-03-05
5243,location 984,0,severity_type 2,resource_type 8,1,1,2,2,3,1.5,2,1,2025-06-20
18170,location 734,2,severity_type 1,resource_type 8,2,2,5,5,71,14.2,35,2,2025-12-30
1544,location 865,1,severity_type 1,resource_type 2,1,1,2,2,6,3.0,3,3,2025-01-26
14761,location 149,0,severity_type 2,resource_type 2,2,2,4,4,4,1.0,1,1,2025-01-24
6021,location 692,1,severity_type 1,resource_type 8,1,1,4,4,6,1.5,2,1,2025-04-10
12710,location 1086,2,severity_type 1,resource_type 8,2,2,3,3,90,30.0,56,4,2025-10-29
544,location 974,1,severity_type 1,resource_type 8,1,1,2,2,2,1.0,1,1,2025-05-29
17015,location 292,0,severity_type 4,resource_type 2,1,1,1,1,1,1.0,1,1,2025-08-22
7019,location 736,0,severity_type 1,resource_type 8,1,1,2,2,2,1.0,1,1,2025-01-13
2608,location 1095,0,severity_type 1,resource_type 7,2,2,2,2,2,1.0,1,1,2025-09-26
8623,location 944,0,severity_type 1,resource_type 8,1,1,2,2,14,7.0,12,2,2025-01-25
2848,location 465,0,severity_type 2,resource_type 2,2,2,2,2,36,18.0,19,17,2025-09-17
17596,location 506,0,severity_type 2,resource_type 2,2,2,6,6,61,10.166666666666666,26,2,2025-02-23
7104,location 369,0,severity_type 2,resource_type 2,2,2,12,12,121,10.083333333333334,18,1,2025-11-10
5624,location 13,2,severity_type 1,resource_type 8,2,2,4,4,14,3.5,4,2,2025-04-19
9976,location 826,1,severity_type 1,resource_type 4,3,3,6,6,44,7.333333333333333,14,1,2025-03-09
14493,location 925,0,severity_type 1,resource_type 8,1,1,2,2,2,1.0,1,1,2025-05-03
5410,location 948,0,severity_type 2,resource_type 8,1,1,1,1,1,1.0,1,1,2025-01-01
11752,location 505,0,severity_type 2,resource_type 2,2,2,3,3,120,40.0,64,2,2025-03-02
8505,location 829,0,severity_type 1,resource_type 8,1,1,3,3,4,1.3333333333333333,2,1,2025-08-07
13526,location 909,1,severity_type 1,resource_type 6,2,2,4,4,4,1.0,1,1,2025-04-20
14471,location 463,0,severity_type 2,resource_type 2,2,2,2,2,7,3.5,4,3,2025-05-10
1424,location 414,0,severity_type 2,resource_type 2,2,2,3,3,6,2.0,3,1,2025-10-22
17871,location 521,0,severity_type 2,resource_type 2,2,2,2,2,16,8.0,8,8,2025-02-15
9254,location 476,0,severity_type 2,resource_type 2,2,2,9,9,102,11.333333333333334,36,2,2025-05-25
14866,location 126,0,severity_type 2,resource_type 2,2,2,8,8,38,4.75,8,2,2025-03-09
13568,location 805,0,severity_type 2,resource_type 8,1,1,2,2,9,4.5,5,4,2025-06-26
15264,location 881,1,severity_type 1,resource_type 6,2,2,4,4,5,1.25,2,1,2025-05-02
2965,location 344,1,severity_type 1,resource_type 2,1,1,1,1,1,1.0,1,1,2025-01-17
15316,location 613,0,severity_type 2,resource_type 8,1,1,3,3,12,4.0,8,2,2025-01-26
17592,location 809,0,severity_type 2,resource_type 8,1,1,1,1,4,4.0,4,4,2025-11-08
2581,location 198,0,severity_type 1,resource_type 2,2,2,2,2,2,1.0,1,1,2025-01-21
12613,location 757,0,severity_type 1,resource_type 2,3,3,3,3,4,1.3333333333333333,2,1,2025-10-13
17327,location 258,1,severity_type 1,resource_type 2,2,2,3,3,3,1.0,1,1,2025-12-01
3989,location 380,0,severity_type 2,resource_type 2,2,2,2,2,15,7.5,9,6,2025-06-20
16082,location 73,0,severity_type 1,resource_type 3,3,3,8,8,22,2.75,6,1,2025-04-24
2164,location 691,1,severity_type 2,resource_type 7,2,2,3,3,4,1.3333333333333333,2,1,2025-10-11
918,location 271,0,severity_type 2,resource_type 2,2,2,2,2,2,1.0,1,1,2025-12-25
8242,location 962,2,severity_type 2,resource_type 8,1,1,2,2,10,5.0,6,4,2025-02-13
7953,location 976,0,severity_type 2,resource_type 8,1,1,1,1,15,15.0,15,15,2025-12-18
6208,location 1007,0,severity_type 1,resource_type 8,2,2,2,2,16,8.0,10,6,2025-12-11
2007,location 355,1,severity_type 2,resource_type 2,2,2,2,2,2,1.0,1,1,2025-02-22
15166,location 957,1,severity_type 1,resource_type 8,1,1,2,2,4,2.0,2,2,2025-01-20
2434,location 810,2,severity_type 2,resource_type 8,2,2,4,4,50,12.5,24,2,2025-09-18
8948,location 344,0,severity_type 2,resource_type 2,2,2,2,2,4,2.0,3,1,2025-01-29
10583,location 638,2,severity_type 1,resource_type 2,2,2,4,4,65,16.25,24,9,2025-08-08
4094,location 995,1,severity_type 2,resource_type 8,1,1,4,4,26,6.5,20,1,2025-01-24
7022,location 644,0,severity_type 1,resource_type 2,2,2,2,2,458,229.0,230,228,2025-09-10
1343,location 128,0,severity_type 2,resource_type 2,2,2,8,8,14,1.75,3,1,2025-03-26
5827,location 7,0,severity_type 1,resource_type 8,1,1,4,4,34,8.5,16,2,2025-02-05
3689,location 758,1,severity_type 1,resource_type 8,1,1,2,2,4,2.0,2,2,2025-01-25
18130,location 905,0,severity_type 1,resource_type 2,1,1,2,2,32,16.0,16,16,2025-03-10
8154,location 600,2,severity_type 2,resource_type 8,1,1,2,2,39,19.5,26,13,2025-07-17
10971,location 600,0,severity_type 2,resource_type 8,1,1,2,2,13,6.5,9,4,2025-01-28
15126,location 468,0,severity_type 4,resource_type 2,1,1,1,1,3,3.0,3,3,2025-10-20
17748,location 1063,0,severity_type 1,resource_type 8,1,1,2,2,7,3.5,4,3,2025-08-09
14468,location 155,0,severity_type 2,resource_type 2,2,2,2,2,48,24.0,28,20,2025-04-19
6899,location 754,0,severity_type 1,resource_type 8,1,1,2,2,2,1.0,1,1,2025-12-27
7485,location 380,0,severity_type 2,resource_type 2,2,2,2,2,13,6.5,8,5,2025-08-29
11116,location 1056,1,severity_type 1,resource_type 8,1,1,2,2,2,1.0,1,1,2025-09-03
6753,location 91,0,severity_type 2,resource_type 2,2,2,6,6,143,23.83333333333333,76,3,2025-03-05
3561,location 208,1,severity_type 2,resource_type 2,2,2,6,6,28,4.666666666666667,15,1,2025-09-17
16140,location 1097,0,severity_type 1,resource_type 8,1,1,2,2,6,3.0,3,3,2025-07-24
13149,location 1126,0,severity_type 1,resource_type 2,3,3,4,4,22,5.5,10,1,2025-12-26
12193,location 159,0,severity_type 2,resource_type 2,2,2,2,2,17,8.5,11,6,2025-06-24
7169,location 643,1,severity_type 1,resource_type 2,2,2,4,4,4,1.0,1,1,2025-09-05
5440,location 472,0,severity_type 2,resource_type 2,2,2,2,2,6,3.0,4,2,2025-05-05
8932,location 336,0,severity_type 4,resource_type 2,1,1,1,1,1,1.0,1,1,2025-01-15
618,location 495,0,severity_type 2,resource_type 2,2,2,14,14,440,31.428571428571427,109,1,2025-02-16
12137,location 763,1,severity_type 2,resource_type 8,1,1,2,2,11,5.5,8,3,2025-11-13
11082,location 798,2,severity_type 2,resource_type 8,1,1,2,2,10,5.0,6,4,2025-09-27
16101,location 9,0,severity_type 2,resource_type 8,1,1,1,1,1,1.0,1,1,2025-05-14
1265,location 519,0,severity_type 2,resource_type 2,2,2,2,2,2,1.0,1,1,2025-09-12
4216,location 1075,2,severity_type 2,resource_type 8,1,1,5,5,89,17.8,44,1,2025-01-02
387,location 957,0,severity_type 2,resource_type 8,2,2,2,2,2,1.0,1,1,2025-01-14
8155,location 500,0,severity_type 4,resource_type 2,1,1,1,1,1,1.0,1,1,2025-07-05
9407,location 653,1,severity_type 1,resource_type 8,2,2,2,2,83,41.5,82,1,2025-08-17
6071,location 292,1,severity_type 2,resource_type 2,2,2,4,4,4,1.0,1,1,2025-12-09
6217,location 476,0,severity_type 2,resource_type 2,2,2,4,4,66,16.5,31,5,2025-10-05
15887,location 493,0,severity_type 2,resource_type 2,2,2,2,2,6,3.0,3,3,2025-04-04
11402,location 457,0,severity_type 2,resource_type 2,2,2,9,9,104,11.555555555555555,45,1,2025-10-25
1538,location 1079,1,severity_type 4,resource_type 7,1,1,2,2,3,1.5,2,1,2025-06-29
14401,location 468,0,severity_type 2,resource_type 2,2,2,2,2,72,36.0,37,35,2025-10-29
12269,location 627,1,severity_type 1,resource_type 7,4,4,7,7,17,2.4285714285714284,4,1,2025-03-05
13610,location 276,0,severity_type 1,resource_type 2,2,2,3,3,3,1.0,1,1,2025-01-10
999,location 704,1,severity_type 2,resource_type 8,1,1,3,3,8,2.6666666666666665,4,2,2025-01-22
12293,location 147,0,severity_type 2,resource_type 2,2,2,5,5,5,1.0,1,1,2025-12-28
10944,location 704,2,severity_type 1,resource_type 8,2,2,4,4,40,10.0,22,1,2025-01-30
12695,location 839,0,severity_type 4,resource_type 8,1,1,1,1,14,14.0,14,14,2025-12-09
8210,location 767,1,severity_type 1,resource_type 8,1,1,2,2,2,1.0,1,1,2025-09-23
17037,location 1100,2,severity_type 2,resource_type 8,1,1,6,6,63,10.5,46,1,2025-02-23
12363,location 1086,1,severity_type 2,resource_type 8,1,1,2,2,6,3.0,4,2,2025-11-12
9178,location 911,1,severity_type 1,resource_type 8,1,1,2,2,2,1.0,1,1,2025-02-22
15798,location 584,0,severity_type 2,resource_type 8,1,1,1,1,2,2.0,2,2,2025-02-22
13056,location 837,0,severity_type 1,resource_type 6,3,3,7,7,16,2.2857142857142856,4,1,2025-07-30
9603,location 1042,1,severity_type 2,resource_type 8,1,1,2,2,14,7.0,12,2,2025-04-16
859,location 402,1,severity_type 1,resource_type 2,3,3,4,4,5,1.25,2,1,2025-04-17
13073,location 463,0,severity_type 2,resource_type 2,2,2,2,2,2,1.0,1,1,2025-03-13
2497,location 925,1,severity_type 1,resource_type 8,1,1,5,5,67,13.4,25,2,2025-08-10
12337,location 977,1,severity_type 5,resource_type 9,1,1,2,2,6,3.0,4,2,2025-01-10
12037,location 151,1,severity_type 1,resource_type 2,1,1,2,2,2,1.0,1,1,2025-03-31
3753,location 471,0,severity_type 2,resource_type 2,2,2,6,6,55,9.166666666666666,15,6,2025-07-22
11028,location 546,1,severity_type 1,resource_type 8,3,3,3,3,3,1.0,1,1,2025-06-27
16530,location 1058,1,severity_type 1,resource_type 8,1,1,1,1,1,1.0,1,1,2025-09-13
1916,location 91,0,severity_type 2,resource_type 2,2,2,8,8,633,79.125,323,1,2025-03-20
1196,location 627,0,severity_type 4,resource_type 7,1,1,1,1,1,1.0,1,1,2025-08-25
5203,location 468,0,severity_type 2,resource_type 2,2,2,2,2,20,10.0,10,10,2025-10-05
14719,location 400,0,severity_type 1,resource_type 2,2,2,2,2,3,1.5,2,1,2025-05-22
4293,location 1107,1,severity_type 1,resource_type 8,2,2,4,4,53,13.25,37,1,2025-04-04
9497,location 242,0,severity_type 2,resource_type 2,2,2,6,6,266,44.333333333333336,52,39,2025-07-22
15342,location 459,0,severity_type 2,resource_type 2,2,2,8,8,11,1.375,3,1,2025-07-31
2639,location 17,1,severity_type 1,resource_type 8,1,1,6,6,12,2.0,4,1,2025-02-04
4549,location 921,1,severity_type 2,resource_type 8,1,1,2,2,15,7.5,12,3,2025-07-26
14303,location 830,1,severity_type 1,resource_type 8,1,1,2,2,3,1.5,2,1,2025-02-26
11187,location 619,1,severity_type 1,resource_type 8,1,1,2,2,20,10.0,12,8,2025-07-27
15605,location 356,0,severity_type 1,resource_type 2,2,2,2,2,2,1.0,1,1,2025-12-07
5908,location 1095,1,severity_type 1,resource_type 7,2,2,4,4,5,1.25,2,1,2025-07-16
6752,location 919,0,severity_type 2,resource_type 8,2,2,4,4,7,1.75,3,1,2025-10-05
16417,location 884,1,severity_type 1,resource_type 8,1,1,4,4,14,3.5,6,1,2025-04-24
14794,location 119,0,severity_type 2,resource_type 2,2,2,2,2,32,16.0,16,16,2025-12-03
4943,location 470,0,severity_type 2,resource_type 2,2,2,3,3,4,1.3333333333333333,2,1,2025-10-24
10481,location 638,2,severity_type 1,resource_type 2,2,2,4,4,58,14.5,19,10,2025-12-01
15167,location 244,0,severity_type 2,resource_type 2,2,2,2,2,51,25.5,26,25,2025-09-28
2707,location 793,0,severity_type 1,resource_type 8,1,1,2,2,197,98.5,114,83,2025-08-26
17291,location 481,0,severity_type 2,resource_type 2,2,2,4,4,108,27.0,30,24,2025-07-11
15754,location 225,0,severity_type 2,resource_type 2,2,2,4,4,4,1.0,1,1,2025-12-05
13801,location 102,0,severity_type 2,resource_type 2,2,2,8,8,19,2.375,4,1,2025-11-06
7245,location 803,0,severity_type 1,resource_type 8,1,1,2,2,10,5.0,5,5,2025-06-02
18493,location 700,0,severity_type 2,resource_type 8,1,1,2,2,2,1.0,1,1,2025-02-01
17673,location 718,0,severity_type 1,resource_type 2,2,2,3,3,3,1.0,1,1,2025-01-02
10958,location 1079,0,severity_type 1,resource_type 6,2,2,3,3,3,1.0,1,1,2025-03-27
6487,location 942,1,severity_type 1,resource_type 8,3,3,3,3,3,1.0,1,1,2025-01-23
7336,location 1104,1,severity_type 2,resource_type 8,1,1,2,2,2,1.0,1,1,2025-03-19
2920,location 763,1,severity_type 1,resource_type 8,2,2,4,4,10,2.5,6,1,2025-02-09
1861,location 627,1,severity_type 1,resource_type 8,2,2,2,2,6,3.0,4,2,2025-12-25
9970,location 844,1,severity_type 1,resource_type 8,1,1,5,5,12,2.4,5,1,2025-02-04
2490,location 167,1,severity_type 2,resource_type 2,1,1,2,2,2,1.0,1,1,2025-08-17
15770,location 946,0,severity_type 2,resource_type 8,1,1,2,2,13,6.5,8,5,2025-05-09
15918,location 283,0,severity_type 2,resource_type 2,2,2,2,2,8,4.0,4,4,2025-03-05
17005,location 60,1,severity_type 1,resource_type 8,1,1,2,2,2,1.0,1,1,2025-09-13
4799,location 126,0,severity_type 2,resource_type 2,2,2,6,6,12,2.0,2,2,2025-12-21
2200,location 476,0,severity_type 2,resource_type 2,2,2,6,6,127,21.166666666666668,51,1,2025-10-16
16895,location 9,0,severity_type 1,resource_type 8,3,3,2,2,8,4.0,6,2,2025-12-22
3572,location 683,0,severity_type 1,resource_type 2,1,1,1,1,1,1.0,1,1,2025-08-04
8190,location 1107,2,severity_type 1,resource_type 8,2,2,4,4,78,19.5,40,4,2025-09-03
1670,location 793,0,severity_type 1,resource_type 8,1,1,2,2,37,18.5,19,18,2025-02-23
2613,location 126,0,severity_type 2,resource_type 2,2,2,8,8,62,7.75,16,1,2025-11-08
17145,location 400,0,severity_type 1,resource_type 2,3,3,4,4,4,1.0,1,1,2025-09-30
15370,location 1117,0,severity_type 1,resource_type 8,1,1,1,1,3,3.0,3,3,2025-04-03
5767,location 494,0,severity_type 2,resource_type 2,2,2,12,12,95,7.916666666666667,27,1,2025-05-10
3948,location 481,0,severity_type 2,resource_type 2,2,2,4,4,98,24.5,28,21,2025-08-11
8555,location 9,0,severity_type 2,resource_type 8,1,1,2,2,8,4.0,6,2,2025-01-05
14146,location 676,0,severity_type 1,resource_type 8,1,1,2,2,12,6.0,7,5,2025-10-26
14968,location 149,0,severity_type 2,resource_type 2,2,2,6,6,12,2.0,2,2,2025-04-13
8709,location 793,0,severity_type 1,resource_type 8,1,1,2,2,24,12.0,13,11,2025-01-28
12433,location 353,1,severity_type 2,resource_type 2,2,2,2,2,2,1.0,1,1,2025-05-01
2917,location 1103,2,severity_type 1,resource_type 8,6,6,6,6,13,2.1666666666666665,5,1,2025-11-02
5357,location 282,0,severity_type 2,resource_type 2,2,2,2,2,38,19.0,24,14,2025-04-11
14270,location 493,0,severity_type 2,resource_type 2,2,2,2,2,10,5.0,5,5,2025-07-16
9667,location 473,0,severity_type 2,resource_type 2,2,2,4,4,6,1.5,2,1,2025-10-24
16290,location 773,0,severity_type 1,resource_type 8,2,2,2,2,22,11.0,16,6,2025-01-13
8468,location 981,1,severity_type 1,resource_type 9,1,1,2,2,2,1.0,1,1,2025-10-05
14256,location 39,0,severity_type 1,resource_type 8,1,1,2,2,3,1.5,2,1,2025-04-16
9991,location 484,0,severity_type 2,resource_type 2,2,2,8,8,44,5.5,21,1,2025-09-11
10596,location 374,0,severity_type 2,resource_type 2,2,2,2,2,114,57.0,59,55,2025-03-10
17551,location 815,1,severity_type 1,resource_type 8,1,1,2,2,2,1.0,1,1,2025-02-20
6773,location 177,1,severity_type 2,resource_type 2,1,1,2,2,2,1.0,1,1,2025-10-15
6722,location 465,0,severity_type 2,resource_type 2,2,2,2,2,58,29.0,33,25,2025-10-22
18100,location 793,0,severity_type 1,resource_type 8,1,1,2,2,90,45.0,67,23,2025-12-25
15092,location 814,0,severity_type 1,resource_type 8,1,1,2,2,15,7.5,10,5,2025-09-05
18046,location 475,0,severity_type 2,resource_type 2,2,2,3,3,4,1.3333333333333333,2,1,2025-06-20
4422,location 814,0,severity_type 1,resource_type 8,1,1,2,2,11,5.5,8,3,2025-03-13
91,location 984,1,severity_type 1,resource_type 8,2,2,4,4,5,1.25,2,1,2025-04-18
8565,location 466,0,severity_type 2,resource_type 2,2,2,6,6,52,8.666666666666666,32,1,2025-08-25
11466,location 825,1,severity_type 2,resource_type 1,2,2,1,1,2,2.0,2,2,2025-05-07
15366,location 380,0,severity_type 2,resource_type 2,2,2,2,2,8,4.0,6,2,2025-06-26
13914,location 619,0,severity_type 1,resource_type 8,1,1,4,4,1649,412.25,877,12,2025-03-03
14467,location 1031,0,severity_type 2,resource_type 8,1,1,1,1,1,1.0,1,1,2025-06-10
662,location 244,0,severity_type 2,resource_type 2,2,2,2,2,78,39.0,40,38,2025-03-28
6053,location 928,1,severity_type 1,resource_type 2,1,1,2,2,2,1.0,1,1,2025-02-10
3460,location 242,0,severity_type 2,resource_type 2,2,2,2,2,31,15.5,17,14,2025-02-18
9378,location 1042,2,severity_type 1,resource_type 8,2,2,2,2,26,13.0,14,12,2025-07-09
7367,location 962,1,severity_type 1,resource_type 8,2,2,2,2,6,3.0,4,2,2025-05-14
14803,location 208,0,severity_type 2,resource_type 2,2,2,3,3,3,1.0,1,1,2025-02-06
18080,location 122,0,severity_type 2,resource_type 2,2,2,10,10,19,1.9,3,1,2025-07-07
3371,location 882,0,severity_type 2,resource_type 8,1,1,2,2,2,1.0,1,1,2025-03-01
9147,location 834,0,severity_type 1,resource_type 8,2,2,3,3,20,6.666666666666667,16,2,2025-01-06
871,location 386,1,severity_type 2,resource_type 2,2,2,4,4,44,11.0,22,2,2025-02-18
7838,location 584,0,severity_type 1,resource_type 8,1,1,2,2,13,6.5,7,6,2025-06-13
2644,location 613,1,severity_type 1,resource_type 8,2,2,2,2,20,10.0,18,2,2025-12-15
8220,location 845,1,severity_type 2,resource_type 8,1,1,2,2,16,8.0,14,2,2025-03-30
16007,location 896,0,severity_type 4,resource_type 2,1,1,1,1,1,1.0,1,1,2025-04-14
10655,location 568,1,severity_type 1,resource_type 2,1,1,2,2,2,1.0,1,1,2025-03-30
7698,location 794,0,severity_type 1,resource_type 8,3,3,3,3,6,2.0,2,2,2025-05-10
5630,location 380,0,severity_type 1,resource_type 2,2,2,4,4,24,6.0,8,1,2025-09-19
4280,location 460,1,severity_type 2,resource_type 2,2,2,2,2,6,3.0,3,3,2025-04-28
3260,location 95,1,severity_type 2,resource_type 2,2,2,2,2,4,2.0,2,2,2025-08-29
14556,location 318,0,severity_type 1,resource_type 2,2,2,2,2,2,1.0,1,1,2025-11-24
16549,location 943,1,severity_type 2,resource_type 8,1,1,2,2,2,1.0,1,1,2025-12-12
16056,location 100,0,severity_type 2,resource_type 2,2,2,4,4,5,1.25,2,1,2025-07-25
3428,location 472,0,severity_type 1,resource_type 2,2,2,5,5,5,1.0,1,1,2025-09-18
7747,location 393,1,severity_type 2,resource_type 2,2,2,2,2,2,1.0,1,1,2025-12-02
15013,location 821,0,severity_type 2,resource_type 8,1,1,3,3,18,6.0,10,2,2025-10-15
14431,location 894,1,severity_type 1,resource_type 2,3,3,5,5,35,7.0,15,1,2025-04-20
13645,location 921,0,severity_type 2,resource_type 8,1,1,1,1,4,4.0,4,4,2025-02-18
12982,location 74,1,severity_type 4,resource_type 3,1,1,2,2,2,1.0,1,1,2025-02-11
2635,location 16,0,severity_type 1,resource_type 8,1,1,1,1,1,1.0,1,1,2025-11-18
1976,location 460,0,severity_type 2,resource_type 2,2,2,6,6,12,2.0,3,1,2025-07-23
12560,location 155,0,severity_type 2,resource_type 2,2,2,2,2,20,10.0,14,6,2025-04-19
952,location 13,0,severity_type 1,resource_type 8,2,2,4,4,14,3.5,11,1,2025-05-07
13377,location 242,0,severity_type 2,resource_type 2,2,2,6,6,224,37.333333333333336,47,30,2025-04-13
16889,location 723,1,severity_type 1,resource_type 8,1,1,1,1,1,1.0,1,1,2025-10-20
12132,location 157,0,severity_type 2,resource_type 2,2,2,2,2,7,3.5,4,3,2025-08-12
3531,location 691,0,severity_type 2,resource_type 8,2,2,2,2,13,6.5,8,5,2025-11-17
13722,location 756,1,severity_type 1,resource_type 8,1,1,2,2,8,4.0,4,4,2025-04-21
10542,location 760,1,severity_type 1,resource_type 8,2,2,3,3,14,4.666666666666667,7,1,2025-06-22
17866,location 128,0,severity_type 2,resource_type 2,2,2,7,7,23,3.2857142857142856,5,1,2025-02-14
4401,location 802,1,severity_type 1,resource_type 6,4,4,6,6,6,1.0,1,1,2025-12-21
6089,location 846,2,severity_type 2,resource_type 8,1,1,2,2,20,10.0,14,6,2025-07-06
10224,location 13,0,severity_type 4,resource_type 7,1,1,1,1,2,2.0,2,2,2025-07-21
3229,location 984,0,severity_type 1,resource_type 6,2,2,4,4,6,1.5,2,1,2025-05-31
9956,location 477,0,severity_type 2,resource_type 2,2,2,6,6,152,25.33333333333333,52,1,2025-04-09
7635,location 925,0,severity_type 1,resource_type 8,1,1,2,2,6,3.0,5,1,2025-12-13
8090,location 946,0,severity_type 2,resource_type 8,1,1,1,1,2,2.0,2,2,2025-06-28
10696,location 1014,1,severity_type 1,resource_type 4,2,2,3,3,28,9.333333333333334,13,6,2025-09-04
17475,location 856,1,severity_type 1,resource_type 8,3,3,4,4,4,1.0,1,1,2025-01-14
16897,location 244,0,severity_type 2,resource_type 2,2,2,2,2,73,36.5,37,36,2025-04-11
6957,location 1063,0,severity_type 2,resource_type 8,1,1,1,1,1,1.0,1,1,2025-10-21
928,location 836,0,severity_type 1,resource_type 8,1,1,2,2,99,49.5,50,49,2025-02-02
14430,location 135,0,severity_type 2,resource_type 2,2,2,6,6,38,6.333333333333333,17,1,2025-02-07
14271,location 895,1,severity_type 1,resource_type 2,3,3,6,6,35,5.833333333333333,10,1,2025-10-23
2134,location 915,1,severity_type 1,resource_type 8,1,1,2,2,2,1.0,1,1,2025-04-23
4883,location 415,1,severity_type 2,resource_type 2,2,2,4,4,4,1.0,1,1,2025-04-10
14166,location 1033,0,severity_type 2,resource_type 8,1,1,1,1,2,2.0,2,2,2025-07-26
9215,location 909,0,severity_type 2,resource_type 8,1,1,1,1,2,2.0,2,2,2025-03-13
11633,location 139,1,severity_type 2,resource_type 2,2,2,2,2,4,2.0,2,2,2025-01-16
687,location 638,2,severity_type 1,resource_type 2,2,2,4,4,18,4.5,5,4,2025-01-02
5401,location 1107,2,severity_type 1,resource_type 8,2,2,4,4,239,59.75,186,9,2025-01-29
9121,location 627,1,severity_type 2,resource_type 7,3,3,4,4,10,2.5,5,1,2025-02-27
18358,location 73,1,severity_type 1,resource_type 9,5,5,9,9,27,3.0,8,1,2025-09-12
8783,location 898,0,severity_type 1,resource_type 2,1,1,1,1,176,176.0,176,176,2025-04-19
1729,location 462,0,severity_type 1,resource_type 2,4,4,8,8,11,1.375,2,1,2025-01-27
5317,location 518,0,severity_type 1,resource_type 8,1,1,1,1,1,1.0,1,1,2025-01-06
10902,location 1008,0,severity_type 1,resource_type 8,2,2,2,2,14,7.0,8,6,2025-06-24
16304,location 704,2,severity_type 1,resource_type 2,2,2,4,4,41,10.25,28,1,2025-11-03
14286,location 849,0,severity_type 1,resource_type 8,1,1,2,2,2,1.0,1,1,2025-05-04
16051,location 1061,2,severity_type 2,resource_type 8,1,1,2,2,22,11.0,16,6,2025-01-24
13500,location 520,0,severity_type 2,resource_type 2,2,2,3,3,15,5.0,6,3,2025-03-25
6408,location 495,0,severity_type 2,resource_type 2,2,2,14,14,480,34.285714285714285,88,1,2025-07-02
7198,location 794,1,severity_type 1,resource_type 8,3,3,4,4,9,2.25,3,1,2025-03-10
12079,location 668,2,severity_type 1,resource_type 8,1,1,5,5,44,8.8,20,1,2025-12-24
13621,location 895,0,severity_type 4,resource_type 2,1,1,1,1,2,2.0,2,2,2025-10-06
6709,location 684,1,severity_type 2,resource_type 8,1,1,2,2,12,6.0,6,6,2025-05-06
9689,location 126,0,severity_type 2,resource_type 2,2,2,7,7,51,7.285714285714286,12,1,2025-12-14
9251,location 335,1,severity_type 1,resource_type 8,3,3,8,8,9,1.125,2,1,2025-04-29
12909,location 84,1,severity_type 4,resource_type 3,1,1,3,3,3,1.0,1,1,2025-02-21
10183,location 814,0,severity_type 2,resource_type 8,1,1,2,2,13,6.5,11,2,2025-12-09
14041,location 714,0,severity_type 1,resource_type 6,2,2,4,4,10,2.5,4,2,2025-12-17
8287,location 320,1,severity_type 2,resource_type 2,2,2,2,2,4,2.0,2,2,2025-04-25
7999,location 885,0,severity_type 2,resource_type 8,1,1,2,2,9,4.5,8,1,2025-08-06
7085,location 760,0,severity_type 4,resource_type 2,1,1,2,2,14,7.0,7,7,2025-03-05
17738,location 705,0,severity_type 1,resource_type 8,1,1,1,1,1,1.0,1,1,2025-08-23
7345,location 465,0,severity_type 2,resource_type 2,2,2,2,2,116,58.0,61,55,2025-09-09
1809,location 291,0,severity_type 2,resource_type 2,2,2,2,2,2,1.0,1,1,2025-09-17
4622,location 816,0,severity_type 1,resource_type 8,1,1,1,1,2,2.0,2,2,2025-07-27
12975,location 471,0,severity_type 2,resource_type 2,2,2,6,6,97,16.166666666666668,32,10,2025-09-15
1433,location 270,0,severity_type 2,resource_type 2,2,2,2,2,16,8.0,8,8,2025-07-22
13118,location 290,1,severity_type 2,resource_type 2,2,2,2,2,2,1.0,1,1,2025-10-27
265,location 831,0,severity_type 4,resource_type 8,1,1,2,2,3,1.5,2,1,2025-03-07
6914,location 1,0,severity_type 1,resource_type 8,2,2,1,1,11,11.0,11,11,2025-06-26
9489,location 644,0,severity_type 1,resource_type 2,3,3,6,6,26,4.333333333333333,5,4,2025-06-01
11235,location 530,1,severity_type 1,resource_type 2,2,2,2,2,2,1.0,1,1,2025-07-14
3028,location 488,0,severity_type 2,resource_type 2,2,2,2,2,53,26.5,30,23,2025-02-21
1064,location 976,2,severity_type 1,resource_type 8,2,2,4,4,34,8.5,22,1,2025-04-29
14287,location 870,0,severity_type 1,resource_type 2,1,1,1,1,1,1.0,1,1,2025-12-15
16990,location 894,2,severity_type 1,resource_type 2,3,3,6,6,206,34.333333333333336,42,2,2025-02-08
8229,location 891,0,severity_type 1,resource_type 8,1,1,2,2,30,15.0,20,10,2025-08-20
6782,location 296,1,severity_type 1,resource_type 2,2,2,3,3,3,1.0,1,1,2025-08-31
714,location 9,0,severity_type 1,resource_type 8,2,2,2,2,5,2.5,3,2,2025-06-23
7292,location 653,0,severity_type 1,resource_type 8,2,2,3,3,18,6.0,12,3,2025-01-13
9098,location 709,0,severity_type 2,resource_type 8,1,1,2,2,4,2.0,2,2,2025-01-13
1887,location 326,1,severity_type 2,resource_type 2,2,2,2,2,4,2.0,2,2,2025-04-11
5844,location 763,0,severity_type 2,resource_type 8,1,1,1,1,48,48.0,48,48,2025-02-07
4930,location 91,0,severity_type 4,resource_type 2,1,1,2,2,4,2.0,3,1,2025-02-04
8333,location 798,2,severity_type 2,resource_type 8,1,1,2,2,18,9.0,14,4,2025-02-28
5711,location 808,0,severity_type 1,resource_type 8,2,2,4,4,34,8.5,21,2,2025-03-11
11654,location 607,1,severity_type 2,resource_type 4,2,2,1,1,2,2.0,2,2,2025-11-03
10138,location 485,0,severity_type 2,resource_type 2,2,2,4,4,5,1.25,2,1,2025-08-22
17411,location 557,0,severity_type 1,resource_type 2,1,1,2,2,4,2.0,2,2,2025-01-12
17193,location 1048,0,severity_type 1,resource_type 8,1,1,2,2,2,1.0,1,1,2025-08-18
2382,location 856,1,severity_type 1,resource_type 6,2,2,3,3,5,1.6666666666666667,2,1,2025-02-19
12202,location 810,1,severity_type 2,resource_type 8,1,1,2,2,50,25.0,34,16,2025-06-03
1829,location 240,0,severity_type 4,resource_type 2,1,1,2,2,4,2.0,2,2,2025-01-14
8196,location 373,0,severity_type 2,resource_type 2,2,2,4,4,214,53.5,70,38,2025-02-02
12108,location 1086,0,severity_type 2,resource_type 8,1,1,1,1,14,14.0,14,14,2025-02-18
6731,location 494,0,severity_type 4,resource_type 2,1,1,1,1,1,1.0,1,1,2025-06-08
5957,location 135,0,severity_type 1,resource_type 2,3,3,6,6,6,1.0,1,1,2025-06-19
18147,location 809,0,severity_type 1,resource_type 8,2,2,2,2,7,3.5,4,3,2025-05-09
4542,location 242,0,severity_type 2,resource_type 2,2,2,6,6,162,27.0,33,17,2025-08-15
2208,location 1086,2,severity_type 2,resource_type 8,1,1,2,2,13,6.5,8,5,2025-09-20
7495,location 118,0,severity_type 2,resource_type 2,2,2,2,2,42,21.0,22,20,2025-09-23
1077,location 318,0,severity_type 2,resource_type 2,2,2,2,2,6,3.0,3,3,2025-07-31
3003,location 943,1,severity_type 1,resource_type 8,1,1,1,1,1,1.0,1,1,2025-07-19
139,location 474,0,severity_type 2,resource_type 2,2,2,6,6,15,2.5,4,1,2025-06-29
5733,location 798,0,severity_type 2,resource_type 8,1,1,1,1,32,32.0,32,32,2025-03-28
7412,location 480,0,severity_type 2,resource_type 2,2,2,4,4,125,31.25,35,28,2025-06-27
13755,location 834,0,severity_type 2,resource_type 8,1,1,4,4,20,5.0,10,2,2025-01-04
17071,location 1014,0,severity_type 4,resource_type 7,1,1,2,2,2,1.0,1,1,2025-12-19
15410,location 816,0,severity_type 1,resource_type 2,6,6,8,8,11,1.375,2,1,2025-05-16
8531,location 508,0,severity_type 2,resource_type 2,1,1,1,1,1,1.0,1,1,2025-10-04
12010,location 405,1,severity_type 2,resource_type 2,2,2,2,2,2,1.0,1,1,2025-12-16
17569,location 793,0,severity_type 2,resource_type 8,1,1,2,2,4,2.0,3,1,2025-07-01
5835,location 938,1,severity_type 1,resource_type 8,1,1,4,4,6,1.5,2,1,2025-11-11
1603,location 737,0,severity_type 2,resource_type 8,1,1,2,2,3,1.5,2,1,2025-06-24
3894,location 1052,0,severity_type 1,resource_type 2,3,3,3,3,20,6.666666666666667,11,4,2025-02-18
15176,location 1100,2,severity_type 1,resource_type 8,2,2,4,4,67,16.75,39,3,2025-01-10
7561,location 33,0,severity_type 4,resource_type 3,1,1,4,4,19,4.75,10,1,2025-02-19
13273,location 1010,1,severity_type 2,resource_type 8,1,1,2,2,6,3.0,4,2,2025-12-11
7155,location 989,1,severity_type 1,resource_type 8,1,1,2,2,3,1.5,2,1,2025-06-23
14336,location 1106,1,severity_type 2,resource_type 8,1,1,2,2,2,1.0,1,1,2025-04-27
1225,location 1033,1,severity_type 1,resource_type 8,1,1,2,2,4,2.0,2,2,2025-06-12
6798,location 638,2,severity_type 1,resource_type 2,2,2,4,4,28,7.0,10,4,2025-04-04
13838,location 1007,0,severity_type 1,resource_type 8,2,2,2,2,9,4.5,6,3,2025-11-14
16301,location 380,0,severity_type 2,resource_type 2,2,2,2,2,8,4.0,7,1,2025-12-31
10522,location 378,0,severity_type 2,resource_type 2,2,2,2,2,5,2.5,3,2,2025-01-31
9350,location 1111,1,severity_type 1,resource_type 8,1,1,3,3,4,1.3333333333333333,2,1,2025-09-20
14288,location 125,0,severity_type 2,resource_type 2,2,2,6,6,16,2.6666666666666665,3,2,2025-05-03
8496,location 460,1,severity_type 2,resource_type 2,2,2,2,2,7,3.5,6,1,2025-01-18
7976,location 144,1,severity_type 2,resource_type 2,2,2,2,2,3,1.5,2,1,2025-12-03
6691,location 644,1,severity_type 1,resource_type 2,2,2,4,4,8,2.0,3,1,2025-01-23
13046,location 845,1,severity_type 2,resource_type 8,1,1,2,2,23,11.5,20,3,2025-03-17
17991,location 430,0,severity_type 2,resource_type 2,2,2,2,2,10,5.0,5,5,2025-01-10
8063,location 944,1,severity_type 1,resource_type 8,1,1,1,1,2,2.0,2,2,2025-06-22
14890,location 760,0,severity_type 1,resource_type 8,1,1,2,2,9,4.5,6,3,2025-08-07
7432,location 1061,2,severity_type 1,resource_type 8,2,2,4,4,57,14.25,28,5,2025-04-28
2348,location 615,0,severity_type 2,resource_type 8,1,1,1,1,2,2.0,2,2,2025-01-27
4736,location 244,0,severity_type 2,resource_type 2,2,2,2,2,54,27.0,29,25,2025-02-12
5098,location 902,0,severity_type 2,resource_type 8,2,2,2,2,3,1.5,2,1,2025-12-07
4357,location 891,0,severity_type 1,resource_type 8,1,1,2,2,12,6.0,7,5,2025-10-22
1367,location 808,0,severity_type 1,resource_type 8,2,2,2,2,12,6.0,6,6,2025-12-08
9480,location 989,2,severity_type 1,resource_type 8,1,1,2,2,40,20.0,21,19,2025-07-13
16087,location 141,0,severity_type 2,resource_type 2,2,2,6,6,6,1.0,1,1,2025-07-19
14487,location 763,0,severity_type 1,resource_type 8,2,2,4,4,48,12.0,23,2,2025-10-14
2488,location 133,0,severity_type 2,resource_type 2,2,2,5,5,11,2.2,3,1,2025-08-14
2233,location 839,1,severity_type 1,resource_type 8,1,1,1,1,3,3.0,3,3,2025-06-09
5418,location 538,1,severity_type 1,resource_type 8,1,1,2,2,4,2.0,2,2,2025-04-17
5950,location 984,1,severity_type 1,resource_type 6,1,1,1,1,1,1.0,1,1,2025-06-27
11295,location 643,1,severity_type 1,resource_type 2,1,1,1,1,1,1.0,1,1,2025-01-24
853,location 159,0,severity_type 2,resource_type 2,2,2,2,2,32,16.0,16,16,2025-03-12
17202,location 1054,0,severity_type 1,resource_type 8,1,1,2,2,8,4.0,5,3,2025-09-27
13421,location 413,0,severity_type 1,resource_type 8,1,1,1,1,1,1.0,1,1,2025-11-13
2250,location 1,0,severity_type 1,resource_type 8,2,2,2,2,5,2.5,3,2,2025-02-07
555,location 834,0,severity_type 2,resource_type 8,1,1,2,2,38,19.0,27,11,2025-02-05
15294,location 600,0,severity_type 1,resource_type 8,2,2,2,2,25,12.5,20,5,2025-02-01
9632,location 1112,2,severity_type 1,resource_type 8,1,1,8,8,50,6.25,18,1,2025-10-16
2224,location 1099,1,severity_type 1,resource_type 8,1,1,2,2,21,10.5,12,9,2025-04-24
9909,location 389,0,severity_type 2,resource_type 2,2,2,2,2,2,1.0,1,1,2025-04-30
9730,location 1100,1,severity_type 1,resource_type 8,2,2,3,3,54,18.0,50,1,2025-01-05
9617,location 91,0,severity_type 2,resource_type 2,2,2,4,4,4,1.0,1,1,2025-12-21
16268,location 837,1,severity_type 1,resource_type 2,5,5,6,6,9,1.5,2,1,2025-06-08
12532,location 915,2,severity_type 1,resource_type 8,1,1,2,2,11,5.5,10,1,2025-10-19
3832,location 519,0,severity_type 2,resource_type 2,2,2,6,6,8,1.3333333333333333,2,1,2025-09-16
1971,location 79,1,severity_type 1,resource_type 3,4,4,5,5,9,1.8,4,1,2025-02-21
7978,location 1025,0,severity_type 1,resource_type 2,1,1,2,2,2,1.0,1,1,2025-10-20
15634,location 471,0,severity_type 2,resource_type 2,2,2,3,3,170,56.66666666666666,103,1,2025-07-20
360,location 834,2,severity_type 2,resource_type 8,1,1,2,2,14,7.0,8,6,2025-08-09
4965,location 476,0,severity_type 2,resource_type 2,2,2,3,3,57,19.0,33,5,2025-03-15
5823,location 460,1,severity_type 2,resource_type 2,2,2,6,6,15,2.5,6,1,2025-11-06
6720,location 878,0,severity_type 1,resource_type 8,1,1,1,1,4,4.0,4,4,2025-12-07
11430,location 135,0,severity_type 1,resource_type 2,3,3,5,5,27,5.4,12,1,2025-05-29
15572,location 691,1,severity_type 2,resource_type 7,3,3,4,4,19,4.75,10,1,2025-02-03
5933,location 878,0,severity_type 1,resource_type 8,1,1,3,3,8,2.6666666666666665,4,1,2025-11-06
16579,location 535,0,severity_type 5,resource_type 3,1,1,3,3,6,2.0,4,1,2025-11-20
6723,location 500,0,severity_type 2,resource_type 2,2,2,2,2,3,1.5,2,1,2025-07-04
9797,location 891,0,severity_type 1,resource_type 8,1,1,2,2,76,38.0,39,37,2025-07-31
17372,location 127,0,severity_type 2,resource_type 2,2,2,8,8,21,2.625,5,1,2025-03-23
8052,location 704,2,severity_type 1,resource_type 8,2,2,4,4,61,15.25,33,1,2025-01-25
2983,location 676,1,severity_type 1,resource_type 8,2,2,3,3,11,3.6666666666666665,6,1,2025-12-11
3973,location 470,0,severity_type 1,resource_type 2,2,2,3,3,3,1.0,1,1,2025-06-26
15719,location 126,0,severity_type 2,resource_type 2,2,2,7,7,60,8.571428571428571,18,3,2025-04-11
11065,location 810,1,severity_type 1,resource_type 8,3,3,3,3,15,5.0,7,4,2025-09-11
2166,location 707,0,severity_type 2,resource_type 8,1,1,1,1,4,4.0,4,4,2025-01-10
5049,location 846,0,severity_type 2,resource_type 8,1,1,2,2,20,10.0,19,1,2025-01-30
14381,location 652,0,severity_type 2,resource_type 8,1,1,1,1,1,1.0,1,1,2025-03-30
12230,location 166,0,severity_type 2,resource_type 2,2,2,5,5,5,1.0,1,1,2025-06-14
18230,location 931,0,severity_type 2,resource_type 8,1,1,2,2,10,5.0,9,1,2025-05-14
13836,location 107,1,severity_type 2,resource_type 2,2,2,5,5,5,1.0,1,1,2025-03-10
11474,location 533,0,severity_type 1,resource_type 8,2,2,4,4,15,3.75,8,1,2025-05-09
17135,location 1044,0,severity_type 2,resource_type 8,1,1,2,2,2,1.0,1,1,2025-05-02
5184,location 1018,1,severity_type 1,resource_type 8,3,3,4,4,5,1.25,2,1,2025-07-11
17301,location 895,1,severity_type 1,resource_type 2,3,3,5,5,18,3.6,4,3,2025-07-25
10590,location 475,0,severity_type 2,resource_type 2,2,2,5,5,27,5.4,12,1,2025-11-19
14040,location 135,0,severity_type 2,resource_type 2,2,2,6,6,46,7.666666666666667,21,1,2025-10-22
5527,location 742,0,severity_type 2,resource_type 8,2,2,1,1,2,2.0,2,2,2025-04-17
69,location 875,1,severity_type 1,resource_type 8,1,1,2,2,4,2.0,2,2,2025-11-26
1284,location 600,0,severity_type 2,resource_type 8,1,1,2,2,14,7.0,9,5,2025-07-10
15406,location 157,0,severity_type 2,resource_type 2,2,2,2,2,5,2.5,3,2,2025-03-10
14294,location 133,0,severity_type 2,resource_type 2,2,2,2,2,2,1.0,1,1,2025-05-05
15367,location 962,1,severity_type 2,resource_type 8,1,1,2,2,29,14.5,19,10,2025-09-28
504,location 798,0,severity_type 1,resource_type 8,2,2,2,2,21,10.5,11,10,2025-10-27
13828,location 812,0,severity_type 1,resource_type 8,1,1,3,3,1222,407.3333333333333,647,1,2025-05-17
5307,location 520,0,severity_type 2,resource_type 2,2,2,3,3,13,4.333333333333333,6,1,2025-02-27
16911,location 882,0,severity_type 2,resource_type 8,1,1,1,1,1,1.0,1,1,2025-03-12
14064,location 380,0,severity_type 1,resource_type 2,3,3,4,4,16,4.0,8,1,2025-02-07
6551,location 810,1,severity_type 2,resource_type 8,1,1,3,3,25,8.333333333333334,20,1,2025-09-13
17519,location 662,0,severity_type 1,resource_type 8,1,1,3,3,3,1.0,1,1,2025-07-03
18021,location 878,0,severity_type 1,resource_type 8,1,1,1,1,1,1.0,1,1,2025-06-14
12418,location 864,1,severity_type 1,resource_type 2,1,1,2,2,4,2.0,2,2,2025-09-03
10663,location 89,0,severity_type 2,resource_type 2,2,2,4,4,212,53.0,89,21,2025-10-30
7027,location 963,0,severity_type 1,resource_type 8,1,1,2,2,44,22.0,35,9,2025-10-18
3896,location 1095,0,severity_type 1,resource_type 6,2,2,2,2,2,1.0,1,1,2025-02-20
14304,location 495,0,severity_type 2,resource_type 2,2,2,14,14,374,26.714285714285715,111,2,2025-08-04
1485,location 702,0,severity_type 1,resource_type 8,1,1,2,2,4,2.0,2,2,2025-11-19
3018,location 891,0,severity_type 1,resource_type 8,1,1,2,2,31,15.5,20,11,2025-10-10
8413,location 493,0,severity_type 2,resource_type 2,2,2,9,9,47,5.222222222222222,11,2,2025-05-01
15975,location 311,1,severity_type 2,resource_type 2,2,2,2,2,4,2.0,2,2,2025-05-24
1416,location 325,0,severity_type 4,resource_type 2,1,1,2,2,2,1.0,1,1,2025-11-21
9114,location 829,0,severity_type 1,resource_type 8,1,1,1,1,1,1.0,1,1,2025-01-12
3272,location 406,1,severity_type 2,resource_type 2,2,2,8,8,8,1.0,1,1,2025-07-11
12988,location 1024,0,severity_type 1,resource_type 8,1,1,2,2,3,1.5,2,1,2025-02-12
12017,location 995,0,severity_type 2,resource_type 8,1,1,3,3,26,8.666666666666666,16,2,2025-11-23
1349,location 1007,0,severity_type 2,resource_type 8,1,1,2,2,4,2.0,3,1,2025-01-15
18442,location 902,1,severity_type 4,resource_type 7,1,1,2,2,2,1.0,1,1,2025-01-09
15548,location 765,0,severity_type 1,resource_type 8,1,1,2,2,3,1.5,2,1,2025-05-01
8658,location 459,0,severity_type 2,resource_type 2,2,2,2,2,2,1.0,1,1,2025-03-15
9404,location 627,1,severity_type 4,resource_type 7,1,1,1,1,2,2.0,2,2,2025-06-30
18122,location 384,0,severity_type 2,resource_type 2,2,2,2,2,18,9.0,9,9,2025-04-20
3996,location 405,0,severity_type 2,resource_type 2,2,2,2,2,16,8.0,10,6,2025-05-11
9463,location 118,0,severity_type 2,resource_type 2,2,2,2,2,27,13.5,14,13,2025-07-26
5696,location 657,0,severity_type 4,resource_type 7,1,1,1,1,1,1.0,1,1,2025-07-24
9236,location 845,2,severity_type 2,resource_type 8,1,1,2,2,13,6.5,8,5,2025-12-08
9366,location 976,1,severity_type 1,resource_type 8,2,2,5,5,9,1.8,3,1,2025-06-25
10826,location 735,0,severity_type 1,resource_type 8,1,1,2,2,11,5.5,6,5,2025-07-25
15014,location 457,0,severity_type 2,resource_type 2,2,2,7,7,45,6.428571428571429,19,1,2025-09-05
5671,location 831,0,severity_type 1,resource_type 2,1,1,2,2,2,1.0,1,1,2025-03-05
11396,location 218,1,severity_type 2,resource_type 2,2,2,2,2,2,1.0,1,1,2025-09-01
17561,location 477,0,severity_type 2,resource_type 2,2,2,4,4,172,43.0,62,26,2025-11-11
9313,location 100,0,severity_type 1,resource_type 2,3,3,4,4,4,1.0,1,1,2025-04-27
14155,location 149,0,severity_type 2,resource_type 2,2,2,4,4,121,30.25,60,2,2025-03-07
14700,location 962,0,severity_type 2,resource_type 8,1,1,2,2,22,11.0,14,8,2025-05-07
10876,location 344,1,severity_type 2,resource_type 2,2,2,2,2,3,1.5,2,1,2025-04-11
6699,location 639,0,severity_type 1,resource_type 2,2,2,5,5,26,5.2,10,1,2025-08-02
5502,location 479,0,severity_type 2,resource_type 2,2,2,4,4,92,23.0,48,1,2025-11-12
13573,location 925,0,severity_type 1,resource_type 8,1,1,5,5,22,4.4,9,1,2025-08-06
13685,location 892,1,severity_type 1,resource_type 2,3,3,6,6,16,2.6666666666666665,4,1,2025-02-15
8599,location 1026,1,severity_type 1,resource_type 6,2,2,4,4,12,3.0,5,1,2025-04-25
8475,location 238,1,severity_type 2,resource_type 2,2,2,2,2,2,1.0,1,1,2025-09-09
6019,location 21,1,severity_type 1,resource_type 2,2,2,2,2,5,2.5,3,2,2025-05-01
17293,location 95,0,severity_type 4,resource_type 2,1,1,1,1,1,1.0,1,1,2025-08-03
17774,location 894,0,severity_type 1,resource_type 2,3,3,5,5,25,5.0,6,4,2025-09-11
17473,location 477,0,severity_type 2,resource_type 2,2,2,6,6,21,3.5,4,3,2025-05-01
4454,location 734,1,severity_type 1,resource_type 8,2,2,4,4,22,5.5,10,2,2025-08-25
8844,location 373,0,severity_type 2,resource_type 2,2,2,2,2,135,67.5,69,66,2025-05-26
7682,location 923,0,severity_type 1,resource_type 8,1,1,1,1,1,1.0,1,1,2025-02-19
6604,location 877,1,severity_type 4,resource_type 2,1,1,2,2,2,1.0,1,1,2025-05-16
15103,location 206,0,severity_type 2,resource_type 2,2,2,2,2,2,1.0,1,1,2025-06-10
1079,location 135,1,severity_type 2,resource_type 2,2,2,2,2,3,1.5,2,1,2025-01-01
10261,location 979,0,severity_type 2,resource_type 8,2,2,1,1,1,1.0,1,1,2025-11-22
5159,location 268,0,severity_type 2,resource_type 2,2,2,5,5,7,1.4,2,1,2025-07-12
17666,location 494,0,severity_type 2,resource_type 2,2,2,14,14,304,21.714285714285715,91,1,2025-01-14
1967,location 203,0,severity_type 2,resource_type 2,2,2,4,4,4,1.0,1,1,2025-11-13
13378,location 1107,2,severity_type 1,resource_type 8,2,2,4,4,67,16.75,30,5,2025-11-09
13571,location 794,0,severity_type 1,resource_type 4,3,3,4,4,7,1.75,4,1,2025-01-05
5806,location 1063,0,severity_type 1,resource_type 8,1,1,2,2,28,14.0,16,12,2025-03-01
4248,location 53,1,severity_type 1,resource_type 2,1,1,2,2,2,1.0,1,1,2025-05-13
15658,location 478,0,severity_type 2,resource_type 2,2,2,4,4,43,10.75,20,4,2025-07-05
10745,location 469,0,severity_type 2,resource_type 2,2,2,2,2,2,1.0,1,1,2025-09-22
4959,location 607,0,severity_type 1,resource_type 8,2,2,5,5,43,8.6,14,1,2025-06-04
13346,location 102,1,severity_type 2,resource_type 2,2,2,4,4,8,2.0,2,2,2025-08-12
8767,location 508,0,severity_type 2,resource_type 2,2,2,2,2,46,23.0,23,23,2025-01-04
16171,location 830,1,severity_type 1,resource_type 8,1,1,1,1,1,1.0,1,1,2025-08-29
9271,location 1066,1,severity_type 1,resource_type 8,2,2,2,2,2,1.0,1,1,2025-12-01
14039,location 839,0,severity_type 1,resource_type 8,1,1,1,1,2,2.0,2,2,2025-07-12
8397,location 475,0,severity_type 2,resource_type 2,2,2,2,2,13,6.5,10,3,2025-06-16
14127,location 821,1,severity_type 1,resource_type 8,2,2,2,2,12,6.0,6,6,2025-04-19
3081,location 724,1,severity_type 1,resource_type 8,2,2,3,3,17,5.666666666666667,7,5,2025-12-15
6638,location 1019,0,severity_type 2,resource_type 8,1,1,3,3,37,12.333333333333334,34,1,2025-01-13
2566,location 793,0,severity_type 1,resource_type 8,1,1,2,2,9,4.5,5,4,2025-04-15
7305,location 734,2,severity_type 1,resource_type 8,2,2,4,4,47,11.75,20,4,2025-02-20
6776,location 652,1,severity_type 1,resource_type 8,2,2,2,2,5,2.5,3,2,2025-11-13
10302,location 282,1,severity_type 2,resource_type 2,2,2,2,2,3,1.5,2,1,2025-06-26
14130,location 532,1,severity_type 1,resource_type 3,4,4,9,9,29,3.2222222222222223,9,1,2025-12-03
16779,location 744,1,severity_type 1,resource_type 6,1,1,2,2,2,1.0,1,1,2025-08-31
11180,location 181,0,severity_type 2,resource_type 2,2,2,6,6,8,1.3333333333333333,2,1,2025-07-23
6153,location 734,2,severity_type 1,resource_type 2,3,3,5,5,18,3.6,8,1,2025-07-08
17795,location 187,1,severity_type 1,resource_type 8,3,3,8,8,121,15.125,34,2,2025-03-15
1979,location 244,0,severity_type 2,resource_type 2,2,2,2,2,64,32.0,32,32,2025-07-25
1908,location 653,0,severity_type 1,resource_type 8,2,2,2,2,28,14.0,15,13,2025-09-08
10296,location 680,1,severity_type 1,resource_type 8,1,1,2,2,4,2.0,2,2,2025-12-19
9330,location 810,2,severity_type 1,resource_type 8,2,2,2,2,21,10.5,13,8,2025-07-20
8281,location 793,0,severity_type 1,resource_type 8,1,1,2,2,93,46.5,73,20,2025-12-09
11510,location 957,1,severity_type 1,resource_type 8,1,1,2,2,8,4.0,4,4,2025-12-11
18180,location 892,1,severity_type 1,resource_type 2,3,3,5,5,20,4.0,5,3,2025-07-10
1111,location 915,1,severity_type 1,resource_type 8,1,1,1,1,3,3.0,3,3,2025-06-10
13865,location 989,0,severity_type 2,resource_type 8,1,1,1,1,1,1.0,1,1,2025-02-22
1915,location 794,0,severity_type 1,resource_type 4,3,3,3,3,7,2.333333333333333,3,2,2025-04-09
12170,location 894,1,severity_type 1,resource_type 8,1,1,2,2,2,1.0,1,1,2025-11-17
8672,location 494,0,severity_type 2,resource_type 2,2,2,5,5,24,4.8,13,1,2025-02-20
15276,location 2,1,severity_type 1,resource_type 6,2,2,4,4,6,1.5,2,1,2025-05-25
12357,location 476,0,severity_type 2,resource_type 2,2,2,7,7,69,9.857142857142858,27,2,2025-09-13
10584,location 849,0,severity_type 1,resource_type 8,1,1,2,2,4,2.0,2,2,2025-03-29
9625,location 490,0,severity_type 2,resource_type 2,2,2,4,4,20,5.0,11,1,2025-12-22
5370,location 1015,1,severity_type 1,resource_type 8,1,1,2,2,8,4.0,5,3,2025-08-26
15737,location 388,0,severity_type 4,resource_type 2,1,1,2,2,2,1.0,1,1,2025-01-11
10748,location 853,0,severity_type 2,resource_type 8,1,1,1,1,1,1.0,1,1,2025-04-01
13556,location 95,1,severity_type 2,resource_type 2,2,2,3,3,4,1.3333333333333333,2,1,2025-09-28
14962,location 499,0,severity_type 2,resource_type 2,2,2,6,6,411,68.5,85,47,2025-11-12
8022,location 826,1,severity_type 2,resource_type 4,2,2,1,1,1,1.0,1,1,2025-12-05
1909,location 846,2,severity_type 1,resource_type 8,2,2,2,2,18,9.0,10,8,2025-11-07
11269,location 130,0,severity_type 4,resource_type 2,1,1,2,2,2,1.0,1,1,2025-01-28
14931,location 962,1,severity_type 2,resource_type 8,1,1,2,2,14,7.0,8,6,2025-09-24
2753,location 489,0,severity_type 2,resource_type 2,2,2,4,4,63,15.75,28,5,2025-02-10
11038,location 102,0,severity_type 2,resource_type 2,2,2,16,16,36,2.25,5,1,2025-01-28
10664,location 821,2,severity_type 1,resource_type 8,1,1,1,1,1,1.0,1,1,2025-09-10
17165,location 734,2,severity_type 1,resource_type 2,2,2,6,6,41,6.833333333333333,14,2,2025-06-24
424,location 476,0,severity_type 2,resource_type 2,2,2,6,6,50,8.333333333333334,22,1,2025-08-25
3055,location 803,0,severity_type 2,resource_type 8,1,1,1,1,1,1.0,1,1,2025-11-07
10800,location 892,1,severity_type 1,resource_type 2,3,3,6,6,138,23.0,44,2,2025-01-26
14529,location 242,0,severity_type 2,resource_type 2,2,2,6,6,247,41.16666666666666,48,35,2025-07-12
3267,location 1107,1,severity_type 1,resource_type 8,2,2,4,4,36,9.0,16,2,2025-11-01
18525,location 810,2,severity_type 1,resource_type 8,2,2,4,4,64,16.0,44,1,2025-06-10
5920,location 400,0,severity_type 2,resource_type 2,2,2,2,2,8,4.0,4,4,2025-07-11
6533,location 1056,1,severity_type 1,resource_type 6,2,2,3,3,3,1.0,1,1,2025-07-01
4974,location 12,0,severity_type 1,resource_type 2,2,2,4,4,6,1.5,2,1,2025-11-28
15522,location 1048,1,severity_type 1,resource_type 8,1,1,4,4,665,166.25,434,2,2025-01-19
752,location 821,1,severity_type 1,resource_type 2,3,3,4,4,20,5.0,12,2,2025-11-17
55,location 471,0,severity_type 2,resource_type 2,2,2,14,14,264,18.857142857142858,52,1,2025-10-25
6262,location 1052,1,severity_type 1,resource_type 2,3,3,3,3,20,6.666666666666667,17,1,2025-10-24
13204,location 895,2,severity_type 1,resource_type 2,4,4,8,8,48,6.0,10,1,2025-05-31
3297,location 280,0,severity_type 2,resource_type 2,2,2,3,3,3,1.0,1,1,2025-07-08
15144,location 821,2,severity_type 1,resource_type 8,2,2,6,6,300,50.0,120,1,2025-05-15
3971,location 1094,2,severity_type 1,resource_type 8,2,2,6,6,30,5.0,10,1,2025-04-02
12463,location 9,0,severity_type 1,resource_type 2,2,2,2,2,5,2.5,4,1,2025-11-16
14629,location 468,0,severity_type 2,resource_type 2,2,2,2,2,24,12.0,12,12,2025-07-04
4792,location 664,0,severity_type 1,resource_type 8,1,1,1,1,1,1.0,1,1,2025-09-22
13620,location 942,1,severity_type 1,resource_type 8,2,2,2,2,12,6.0,10,2,2025-02-06
11990,location 87,2,severity_type 1,resource_type 8,1,1,1,1,1,1.0,1,1,2025-10-15
11563,location 471,0,severity_type 2,resource_type 2,2,2,18,18,200,11.11111111111111,30,1,2025-08-29
5181,location 700,1,severity_type 1,resource_type 8,1,1,2,2,2,1.0,1,1,2025-12-31
4061,location 1052,1,severity_type 1,resource_type 2,2,2,2,2,15,7.5,13,2,2025-02-18
4051,location 653,0,severity_type 2,resource_type 8,1,1,1,1,2,2.0,2,2,2025-07-17
2334,location 476,0,severity_type 2,resource_type 2,2,2,7,7,276,39.42857142857143,87,1,2025-07-06
7906,location 122,0,severity_type 2,resource_type 2,2,2,6,6,27,4.5,9,2,2025-07-16
5261,location 485,0,severity_type 2,resource_type 2,2,2,2,2,13,6.5,8,5,2025-01-20
6973,location 939,0,severity_type 1,resource_type 8,1,1,2,2,6,3.0,3,3,2025-06-22
3407,location 1109,0,severity_type 1,resource_type 6,2,2,2,2,4,2.0,2,2,2025-04-20
15105,location 691,1,severity_type 2,resource_type 7,3,3,4,4,12,3.0,6,1,2025-08-14
11174,location 821,0,severity_type 1,resource_type 8,3,3,8,8,29,3.625,16,1,2025-03-26
10461,location 702,1,severity_type 1,resource_type 8,1,1,1,1,2,2.0,2,2,2025-06-08
9110,location 467,0,severity_type 2,resource_type 2,2,2,2,2,4,2.0,2,2,2025-08-15
15838,location 445,0,severity_type 2,resource_type 2,2,2,2,2,27,13.5,16,11,2025-01-24
2628,location 498,0,severity_type 2,resource_type 2,2,2,7,7,118,16.857142857142858,39,2,2025-10-15
2461,location 496,0,severity_type 2,resource_type 2,2,2,5,5,9,1.8,3,1,2025-09-19
8027,location 169,0,severity_type 2,resource_type 2,2,2,3,3,3,1.0,1,1,2025-01-21
5750,location 653,1,severity_type 2,resource_type 8,1,1,4,4,20,5.0,12,2,2025-01-24
5974,location 189,0,severity_type 1,resource_type 2,1,1,1,1,1,1.0,1,1,2025-11-07
13691,location 845,2,severity_type 2,resource_type 8,1,1,2,2,20,10.0,14,6,2025-04-14
4952,location 505,0,severity_type 2,resource_type 2,2,2,5,5,103,20.6,50,1,2025-11-11
8337,location 825,1,severity_type 2,resource_type 8,1,1,2,2,5,2.5,3,2,2025-07-02
240,location 892,1,severity_type 2,resource_type 2,3,3,5,5,10,2.0,3,1,2025-05-05
5701,location 1075,2,severity_type 1,resource_type 8,2,2,3,3,15,5.0,8,1,2025-04-10
2471,location 989,1,severity_type 1,resource_type 8,1,1,1,1,2,2.0,2,2,2025-08-29
13932,location 734,0,severity_type 1,resource_type 2,2,2,4,4,45,11.25,34,1,2025-02-10
13092,location 836,0,severity_type 1,resource_type 8,1,1,2,2,4,2.0,3,1,2025-05-27
634,location 808,0,severity_type 1,resource_type 8,2,2,2,2,15,7.5,13,2,2025-05-07
9016,location 1008,0,severity_type 2,resource_type 8,1,1,2,2,38,19.0,20,18,2025-02-26
12598,location 159,0,severity_type 2,resource_type 2,2,2,2,2,2,1.0,1,1,2025-05-09
2253,location 478,0,severity_type 2,resource_type 2,2,2,8,8,88,11.0,25,1,2025-07-12
16572,location 613,0,severity_type 1,resource_type 8,3,3,2,2,11,5.5,9,2,2025-09-05
3600,location 521,0,severity_type 2,resource_type 2,2,2,2,2,13,6.5,7,6,2025-02-01
17593,location 470,0,severity_type 2,resource_type 2,2,2,4,4,5,1.25,2,1,2025-11-15
12699,location 91,0,severity_type 2,resource_type 2,2,2,10,10,133,13.3,48,1,2025-11-17
5762,location 292,0,severity_type 2,resource_type 2,2,2,3,3,3,1.0,1,1,2025-09-10
9143,location 345,0,severity_type 1,resource_type 2,1,1,1,1,1,1.0,1,1,2025-12-04
6456,location 707,0,severity_type 2,resource_type 8,1,1,2,2,6,3.0,4,2,2025-06-06
6616,location 909,1,severity_type 1,resource_type 8,2,2,2,2,4,2.0,2,2,2025-10-27
17626,location 181,0,severity_type 2,resource_type 2,2,2,2,2,2,1.0,1,1,2025-09-23
13455,location 155,1,severity_type 2,resource_type 2,2,2,4,4,4,1.0,1,1,2025-07-25
17277,location 989,1,severity_type 1,resource_type 8,1,1,1,1,1,1.0,1,1,2025-03-07
8277,location 1008,0,severity_type 2,resource_type 8,1,1,2,2,36,18.0,22,14,2025-07-23
17246,location 465,0,severity_type 1,resource_type 8,3,3,4,4,5,1.25,2,1,2025-11-25
2077,location 518,0,severity_type 2,resource_type 2,2,2,6,6,38,6.333333333333333,11,2,2025-12-26
16014,location 242,0,severity_type 2,resource_type 2,2,2,6,6,262,43.66666666666666,49,35,2025-06-13
8770,location 1107,2,severity_type 1,resource_type 8,2,2,6,6,147,24.5,84,2,2025-04-01
6872,location 1097,0,severity_type 1,resource_type 8,1,1,2,2,7,3.5,5,2,2025-09-30
15181,location 73,2,severity_type 1,resource_type 9,4,4,4,4,4,1.0,1,1,2025-01-28
9783,location 443,1,severity_type 2,resource_type 2,2,2,2,2,2,1.0,1,1,2025-02-25
3911,location 471,0,severity_type 2,resource_type 2,2,2,6,6,25,4.166666666666667,6,1,2025-07-25
16909,location 609,0,severity_type 2,resource_type 7,2,2,3,3,7,2.333333333333333,4,1,2025-12-28
8521,location 472,0,severity_type 2,resource_type 2,2,2,2,2,4,2.0,2,2,2025-05-01
10330,location 1097,1,severity_type 1,resource_type 8,1,1,1,1,3,3.0,3,3,2025-06-11
17542,location 878,1,severity_type 1,resource_type 8,1,1,4,4,7,1.75,3,1,2025-04-28
1792,location 255,0,severity_type 4,resource_type 2,1,1,1,1,2,2.0,2,2,2025-06-10
11807,location 756,0,severity_type 1,resource_type 8,1,1,2,2,2,1.0,1,1,2025-01-03
12806,location 962,2,severity_type 1,resource_type 8,2,2,2,2,38,19.0,26,12,2025-08-06
18141,location 734,0,severity_type 1,resource_type 8,2,2,3,3,16,5.333333333333333,8,2,2025-08-06
4019,location 684,2,severity_type 2,resource_type 8,1,1,3,3,17,5.666666666666667,12,1,2025-04-26
7915,location 244,0,severity_type 2,resource_type 2,2,2,2,2,64,32.0,35,29,2025-04-07
3944,location 793,0,severity_type 1,resource_type 8,1,1,2,2,114,57.0,58,56,2025-10-05
1546,location 936,0,severity_type 1,resource_type 7,2,2,2,2,5,2.5,3,2,2025-03-10
3698,location 1091,1,severity_type 1,resource_type 8,3,3,3,3,4,1.3333333333333333,2,1,2025-01-18
7264,location 779,2,severity_type 2,resource_type 8,1,1,3,3,38,12.666666666666666,26,2,2025-01-15
15492,location 1107,1,severity_type 1,resource_type 8,2,2,4,4,59,14.75,44,2,2025-11-18
7379,location 500,0,severity_type 2,resource_type 2,2,2,5,5,8,1.6,3,1,2025-05-13
15056,location 293,0,severity_type 2,resource_type 2,2,2,2,2,2,1.0,1,1,2025-02-07
16430,location 1054,0,severity_type 1,resource_type 8,1,1,2,2,9,4.5,5,4,2025-11-17
15225,location 755,0,severity_type 1,resource_type 2,1,1,2,2,2,1.0,1,1,2025-02-24
16885,location 467,0,severity_type 2,resource_type 2,2,2,4,4,10,2.5,4,1,2025-05-03
8498,location 122,0,severity_type 2,resource_type 2,2,2,10,10,46,4.6,9,1,2025-01-08
6560,location 810,1,severity_type 1,resource_type 8,2,2,2,2,18,9.0,12,6,2025-09-05
3781,location 223,1,severity_type 2,resource_type 2,2,2,2,2,2,1.0,1,1,2025-09-13
11138,location 1100,2,severity_type 1,resource_type 8,2,2,3,3,108,36.0,82,2,2025-10-04
9340,location 627,1,severity_type 2,resource_type 7,3,3,5,5,11,2.2,3,1,2025-04-07
7383,location 1109,1,severity_type 1,resource_type 8,2,2,3,3,12,4.0,6,2,2025-04-30
16198,location 963,0,severity_type 1,resource_type 8,1,1,3,3,111,37.0,50,14,2025-12-09
13936,location 851,0,severity_type 1,resource_type 10,3,3,4,4,4,1.0,1,1,2025-10-27
7476,location 1031,1,severity_type 1,resource_type 8,1,1,2,2,3,1.5,2,1,2025-01-14
7793,location 324,1,severity_type 2,resource_type 2,2,2,8,8,11,1.375,3,1,2025-09-10
5931,location 562,2,severity_type 1,resource_type 8,1,1,2,2,58,29.0,36,22,2025-10-24
7039,location 2,0,severity_type 2,resource_type 8,1,1,2,2,3,1.5,2,1,2025-07-24
3932,location 490,0,severity_type 2,resource_type 2,2,2,4,4,8,2.0,2,2,2025-08-22
12030,location 707,0,severity_type 1,resource_type 8,3,3,4,4,8,2.0,3,1,2025-01-01
3462,location 653,1,severity_type 2,resource_type 8,1,1,4,4,19,4.75,11,1,2025-01-11
10960,location 885,1,severity_type 1,resource_type 8,1,1,6,6,8,1.3333333333333333,2,1,2025-01-13
7883,location 989,1,severity_type 1,resource_type 8,1,1,1,1,1,1.0,1,1,2025-02-28
9440,location 976,1,severity_type 1,resource_type 8,2,2,2,2,3,1.5,2,1,2025-12-28
7610,location 653,1,severity_type 1,resource_type 8,2,2,4,4,26,6.5,13,3,2025-08-20
8055,location 481,1,severity_type 2,resource_type 2,2,2,4,4,5,1.25,2,1,2025-10-13
5439,location 1019,1,severity_type 1,resource_type 8,2,2,2,2,8,4.0,6,2,2025-04-18
3659,location 1060,0,severity_type 2,resource_type 8,1,1,2,2,2,1.0,1,1,2025-12-09
11244,location 570,1,severity_type 1,resource_type 8,1,1,2,2,3,1.5,2,1,2025-03-14
6483,location 896,0,severity_type 1,resource_type 2,3,3,5,5,11,2.2,3,1,2025-11-26
17532,location 161,0,severity_type 2,resource_type 2,2,2,2,2,10,5.0,5,5,2025-01-12
9324,location 891,0,severity_type 1,resource_type 8,1,1,3,3,27,9.0,19,3,2025-01-08
7126,location 821,2,severity_type 1,resource_type 2,3,3,8,8,113,14.125,36,1,2025-01-29
6334,location 692,0,severity_type 1,resource_type 2,2,2,2,2,2,1.0,1,1,2025-10-17
4702,location 181,0,severity_type 4,resource_type 2,1,1,2,2,3,1.5,2,1,2025-04-04
10505,location 378,0,severity_type 2,resource_type 2,2,2,2,2,9,4.5,5,4,2025-06-14
17815,location 892,1,severity_type 1,resource_type 2,4,4,7,7,21,3.0,4,1,2025-06-22
18387,location 690,0,severity_type 1,resource_type 8,1,1,2,2,2,1.0,1,1,2025-10-16
10230,location 477,0,severity_type 2,resource_type 2,2,2,10,10,106,10.6,45,1,2025-05-08
13498,location 648,0,severity_type 1,resource_type 7,2,2,2,2,2,1.0,1,1,2025-01-03
12522,location 1052,0,severity_type 2,resource_type 8,1,1,2,2,19,9.5,14,5,2025-05-22
1813,location 607,0,severity_type 2,resource_type 8,2,2,2,2,4,2.0,3,1,2025-04-16
14199,location 401,0,severity_type 4,resource_type 2,1,1,2,2,2,1.0,1,1,2025-09-24
11229,location 358,0,severity_type 4,resource_type 2,1,1,4,4,10,2.5,3,1,2025-10-02
2954,location 802,0,severity_type 1,resource_type 4,4,4,10,10,384,38.4,115,2,2025-02-03
1112,location 794,0,severity_type 1,resource_type 4,2,2,2,2,12,6.0,7,5,2025-10-17
16869,location 938,1,severity_type 1,resource_type 8,1,1,2,2,2,1.0,1,1,2025-01-26
3493,location 821,2,severity_type 2,resource_type 8,1,1,3,3,20,6.666666666666667,15,1,2025-08-15
9741,location 263,1,severity_type 1,resource_type 8,3,3,6,6,9,1.5,3,1,2025-05-23
502,location 290,0,severity_type 1,resource_type 2,3,3,6,6,6,1.0,1,1,2025-04-20
5500,location 477,0,severity_type 2,resource_type 2,2,2,6,6,113,18.83333333333333,53,1,2025-06-26
6977,location 600,2,severity_type 2,resource_type 8,1,1,2,2,30,15.0,20,10,2025-04-24
1618,location 12,0,severity_type 1,resource_type 2,2,2,4,4,4,1.0,1,1,2025-10-17
5868,location 498,0,severity_type 2,resource_type 2,2,2,8,8,139,17.375,44,1,2025-12-19
2113,location 460,1,severity_type 1,resource_type 2,3,3,6,6,11,1.8333333333333333,6,1,2025-10-25
15888,location 126,0,severity_type 2,resource_type 2,2,2,7,7,31,4.428571428571429,5,2,2025-06-10
903,location 846,1,severity_type 2,resource_type 8,1,1,2,2,11,5.5,8,3,2025-07-03
11731,location 342,0,severity_type 2,resource_type 2,2,2,4,4,4,1.0,1,1,2025-06-13
683,location 735,0,severity_type 1,resource_type 8,1,1,2,2,3,1.5,2,1,2025-10-17
14458,location 823,0,severity_type 2,resource_type 8,1,1,2,2,9,4.5,6,3,2025-07-21
11463,location 494,0,severity_type 2,resource_type 2,2,2,6,6,544,90.66666666666669,151,21,2025-06-20
16287,location 653,2,severity_type 2,resource_type 8,1,1,2,2,63,31.5,40,23,2025-05-30
17322,location 949,1,severity_type 1,resource_type 8,1,1,2,2,3,1.5,2,1,2025-05-17
13856,location 798,0,severity_type 2,resource_type 8,1,1,1,1,1,1.0,1,1,2025-07-21
14224,location 869,1,severity_type 1,resource_type 8,1,1,1,1,2,2.0,2,2,2025-09-09
4600,location 613,2,severity_type 1,resource_type 8,2,2,3,3,48,16.0,28,1,2025-06-07
6552,location 816,0,severity_type 2,resource_type 4,2,2,1,1,2,2.0,2,2,2025-10-22
13609,location 476,0,severity_type 2,resource_type 2,2,2,9,9,85,9.444444444444445,26,1,2025-10-29
1832,location 755,0,severity_type 1,resource_type 8,1,1,1,1,1,1.0,1,1,2025-06-06
4647,location 173,0,severity_type 1,resource_type 2,3,3,4,4,4,1.0,1,1,2025-11-28
3226,location 479,0,severity_type 2,resource_type 2,2,2,2,2,6,3.0,3,3,2025-03-05
10012,location 826,1,severity_type 2,resource_type 2,3,3,1,1,1,1.0,1,1,2025-12-07
1542,location 457,0,severity_type 2,resource_type 2,2,2,7,7,61,8.714285714285714,25,1,2025-04-18
11132,location 1050,0,severity_type 2,resource_type 8,1,1,1,1,1,1.0,1,1,2025-07-25
2290,location 1052,2,severity_type 2,resource_type 8,1,1,2,2,16,8.0,12,4,2025-04-14
93,location 1086,0,severity_type 2,resource_type 8,1,1,1,1,8,8.0,8,8,2025-06-11
5074,location 1007,0,severity_type 2,resource_type 8,1,1,1,1,4,4.0,4,4,2025-05-05
4635,location 161,1,severity_type 2,resource_type 2,2,2,2,2,2,1.0,1,1,2025-09-15
1626,location 520,0,severity_type 2,resource_type 2,2,2,2,2,30,15.0,16,14,2025-01-30
11087,location 823,1,severity_type 1,resource_type 8,2,2,4,4,34,8.5,15,4,2025-11-02
15085,location 1008,2,severity_type 2,resource_type 8,1,1,2,2,46,23.0,25,21,2025-11-26
1795,location 805,0,severity_type 1,resource_type 8,2,2,3,3,3,1.0,1,1,2025-07-25
9538,location 607,2,severity_type 1,resource_type 8,1,1,1,1,2,2.0,2,2,2025-07-19
13737,location 518,0,severity_type 2,resource_type 2,2,2,4,4,40,10.0,22,3,2025-09-13
14446,location 126,0,severity_type 2,resource_type 2,2,2,7,7,27,3.857142857142857,7,1,2025-03-14
18104,location 118,0,severity_type 2,resource_type 2,3,3,3,3,3,1.0,1,1,2025-10-01
15843,location 734,1,severity_type 1,resource_type 2,3,3,4,4,43,10.75,36,1,2025-03-21
10952,location 414,0,severity_type 4,resource_type 2,1,1,2,2,2,1.0,1,1,2025-09-04
12853,location 584,1,severity_type 1,resource_type 8,1,1,3,3,10,3.333333333333333,5,2,2025-04-22
3067,location 763,0,severity_type 2,resource_type 8,1,1,2,2,22,11.0,14,8,2025-09-30
3504,location 995,2,severity_type 1,resource_type 8,2,2,4,4,57,14.25,30,7,2025-10-16
12705,location 249,1,severity_type 2,resource_type 2,2,2,2,2,12,6.0,7,5,2025-03-18
16569,location 1091,0,severity_type 2,resource_type 8,1,1,1,1,1,1.0,1,1,2025-08-14
1527,location 16,0,severity_type 2,resource_type 8,1,1,1,1,1,1.0,1,1,2025-07-01
7030,location 609,0,severity_type 4,resource_type 8,2,2,2,2,3,1.5,2,1,2025-04-18
15503,location 1060,0,severity_type 1,resource_type 8,1,1,2,2,3,1.5,2,1,2025-08-03
2387,location 118,0,severity_type 2,resource_type 2,2,2,2,2,19,9.5,13,6,2025-12-29
6649,location 976,0,severity_type 2,resource_type 8,1,1,2,2,23,11.5,18,5,2025-01-01
9017,location 459,0,severity_type 4,resource_type 2,1,1,1,1,1,1.0,1,1,2025-12-16
1003,location 244,0,severity_type 2,resource_type 2,2,2,2,2,24,12.0,12,12,2025-11-09
6780,location 609,0,severity_type 2,resource_type 7,2,2,2,2,2,1.0,1,1,2025-07-13
8640,location 133,0,severity_type 2,resource_type 2,2,2,3,3,6,2.0,2,2,2025-08-11
972,location 2,0,severity_type 1,resource_type 2,1,1,2,2,2,1.0,1,1,2025-05-15
16126,location 600,0,severity_type 1,resource_type 8,2,2,2,2,24,12.0,18,6,2025-02-17
7712,location 126,0,severity_type 2,resource_type 2,2,2,8,8,19,2.375,5,1,2025-07-28
15544,location 684,2,severity_type 2,resource_type 8,1,1,2,2,15,7.5,8,7,2025-10-25
13109,location 342,1,severity_type 2,resource_type 2,2,2,2,2,8,4.0,4,4,2025-03-26
10126,location 242,0,severity_type 2,resource_type 2,2,2,6,6,370,61.66666666666666,78,52,2025-09-19
9125,location 793,0,severity_type 1,resource_type 8,1,1,2,2,89,44.5,57,32,2025-10-01
18233,location 278,1,severity_type 2,resource_type 2,1,1,1,1,1,1.0,1,1,2025-10-04
17620,location 1107,0,severity_type 1,resource_type 8,2,2,5,5,34,6.8,14,3,2025-05-05
7049,location 1008,0,severity_type 1,resource_type 8,2,2,4,4,31,7.75,14,3,2025-05-24
13661,location 653,1,severity_type 1,resource_type 8,2,2,3,3,25,8.333333333333334,17,4,2025-06-01
1436,location 468,0,severity_type 2,resource_type 2,2,2,4,4,10,2.5,3,2,2025-11-08
2183,location 7,1,severity_type 1,resource_type 8,1,1,2,2,26,13.0,16,10,2025-11-25
5547,location 793,0,severity_type 1,resource_type 8,1,1,2,2,92,46.0,62,30,2025-06-01
9738,location 87,1,severity_type 1,resource_type 9,2,2,4,4,5,1.25,2,1,2025-12-21
7113,location 546,0,severity_type 1,resource_type 8,1,1,1,1,1,1.0,1,1,2025-07-28
15700,location 509,0,severity_type 2,resource_type 2,2,2,12,12,92,7.666666666666667,27,1,2025-05-21
15733,location 1100,1,severity_type 1,resource_type 8,2,2,6,6,607,101.16666666666669,242,1,2025-01-01
4021,location 1052,0,severity_type 1,resource_type 8,2,2,3,3,16,5.333333333333333,10,3,2025-08-12
878,location 999,0,severity_type 2,resource_type 8,1,1,1,1,1,1.0,1,1,2025-08-24
11695,location 244,1,severity_type 2,resource_type 2,2,2,2,2,47,23.5,24,23,2025-12-20
15412,location 845,1,severity_type 2,resource_type 8,1,1,2,2,23,11.5,15,8,2025-09-20
1972,location 922,1,severity_type 1,resource_type 2,2,2,3,3,3,1.0,1,1,2025-01-11
64,location 921,0,severity_type 2,resource_type 8,1,1,1,1,1,1.0,1,1,2025-07-26
2897,location 878,0,severity_type 1,resource_type 8,1,1,2,2,15,7.5,9,6,2025-09-29
2708,location 311,0,severity_type 1,resource_type 2,1,1,2,2,2,1.0,1,1,2025-07-01
12865,location 478,0,severity_type 1,resource_type 2,3,3,7,7,14,2.0,3,1,2025-06-06
14741,location 649,0,severity_type 1,resource_type 2,1,1,1,1,1,1.0,1,1,2025-10-23
15514,location 430,0,severity_type 2,resource_type 2,2,2,2,2,11,5.5,6,5,2025-08-12
9361,location 1066,1,severity_type 1,resource_type 8,3,3,5,5,5,1.0,1,1,2025-09-06
17629,location 155,1,severity_type 2,resource_type 2,2,2,2,2,6,3.0,3,3,2025-06-19
15650,location 133,0,severity_type 2,resource_type 2,2,2,3,3,5,1.6666666666666667,2,1,2025-04-12
18543,location 998,1,severity_type 1,resource_type 8,1,1,1,1,1,1.0,1,1,2025-07-09
4605,location 7,0,severity_type 1,resource_type 8,2,2,3,3,3,1.0,1,1,2025-12-17
15922,location 831,1,severity_type 1,resource_type 8,1,1,2,2,6,3.0,3,3,2025-08-08
968,location 255,0,severity_type 1,resource_type 2,3,3,4,4,4,1.0,1,1,2025-09-16
12815,location 921,1,severity_type 2,resource_type 8,1,1,2,2,20,10.0,15,5,2025-02-15
12879,location 1100,2,severity_type 1,resource_type 8,2,2,6,6,190,31.666666666666668,153,1,2025-12-27
8265,location 319,0,severity_type 2,resource_type 2,2,2,2,2,2,1.0,1,1,2025-03-31
6388,location 1052,0,severity_type 1,resource_type 2,3,3,3,3,36,12.0,24,4,2025-12-21
15753,location 921,0,severity_type 2,resource_type 8,1,1,2,2,5,2.5,4,1,2025-06-12
8616,location 1026,0,severity_type 1,resource_type 8,1,1,4,4,26,6.5,7,6,2025-12-02
16349,location 1107,2,severity_type 1,resource_type 8,2,2,1,1,3,3.0,3,3,2025-11-22
4596,location 700,0,severity_type 1,resource_type 8,1,1,2,2,2,1.0,1,1,2025-10-03
17616,location 793,0,severity_type 1,resource_type 8,1,1,2,2,26,13.0,14,12,2025-12-01
2675,location 249,1,severity_type 2,resource_type 2,2,2,2,2,4,2.0,2,2,2025-08-11
16526,location 644,0,severity_type 1,resource_type 2,2,2,2,2,377,188.5,189,188,2025-11-06
5285,location 1086,2,severity_type 1,resource_type 8,2,2,2,2,34,17.0,19,15,2025-03-04
15968,location 760,0,severity_type 4,resource_type 2,1,1,2,2,6,3.0,3,3,2025-01-26
12645,location 734,2,severity_type 1,resource_type 8,3,3,4,4,37,9.25,27,1,2025-07-18
7341,location 945,0,severity_type 2,resource_type 8,1,1,1,1,1,1.0,1,1,2025-10-23
13288,location 193,0,severity_type 2,resource_type 2,2,2,6,6,10,1.6666666666666667,3,1,2025-10-07
2416,location 358,0,severity_type 2,resource_type 2,2,2,6,6,6,1.0,1,1,2025-07-12
11833,location 1000,0,severity_type 1,resource_type 2,1,1,2,2,2,1.0,1,1,2025-07-10
8960,location 122,0,severity_type 2,resource_type 2,2,2,8,8,48,6.0,8,4,2025-08-11
12314,location 844,2,severity_type 1,resource_type 8,1,1,3,3,12,4.0,9,1,2025-11-13
11231,location 1006,0,severity_type 1,resource_type 8,1,1,1,1,1,1.0,1,1,2025-11-04
7246,location 497,0,severity_type 2,resource_type 2,2,2,16,16,487,30.4375,67,2,2025-02-10
3266,location 707,0,severity_type 2,resource_type 8,1,1,2,2,22,11.0,18,4,2025-08-06
14273,location 135,0,severity_type 2,resource_type 2,2,2,2,2,38,19.0,19,19,2025-05-20
6925,location 497,0,severity_type 2,resource_type 2,2,2,12,12,516,43.0,102,1,2025-10-19
10708,location 925,0,severity_type 1,resource_type 8,1,1,6,6,126,21.0,61,2,2025-07-04
14518,location 445,0,severity_type 2,resource_type 2,2,2,2,2,71,35.5,37,34,2025-12-28
24,location 367,0,severity_type 4,resource_type 2,1,1,1,1,2,2.0,2,2,2025-06-07
3624,location 495,0,severity_type 2,resource_type 2,2,2,2,2,18,9.0,10,8,2025-09-05
8897,location 102,0,severity_type 2,resource_type 2,2,2,2,2,4,2.0,2,2,2025-02-09
5932,location 995,1,severity_type 1,resource_type 8,2,2,4,4,8,2.0,4,1,2025-12-07
16705,location 154,0,severity_type 4,resource_type 2,1,1,1,1,1,1.0,1,1,2025-02-26
5945,location 466,0,severity_type 2,resource_type 2,2,2,2,2,66,33.0,37,29,2025-05-19
14410,location 734,0,severity_type 1,resource_type 8,1,1,2,2,2,1.0,1,1,2025-11-02
11591,location 149,1,severity_type 2,resource_type 2,2,2,2,2,2,1.0,1,1,2025-12-20
7560,location 495,0,severity_type 2,resource_type 2,2,2,17,17,397,23.352941176470587,98,1,2025-06-26
8872,location 564,1,severity_type 2,resource_type 8,1,1,2,2,11,5.5,10,1,2025-06-26
17854,location 794,0,severity_type 1,resource_type 4,3,3,3,3,13,4.333333333333333,6,1,2025-01-18
9314,location 976,1,severity_type 2,resource_type 8,1,1,4,4,13,3.25,8,1,2025-12-24
3497,location 673,0,severity_type 1,resource_type 8,1,1,2,2,4,2.0,2,2,2025-01-07
3787,location 128,0,severity_type 2,resource_type 2,2,2,4,4,155,38.75,52,25,2025-01-10
5859,location 476,0,severity_type 2,resource_type 2,2,2,10,10,163,16.3,35,5,2025-06-22
4619,location 1081,1,severity_type 1,resource_type 8,2,2,3,3,14,4.666666666666667,7,3,2025-01-02
3532,location 915,0,severity_type 1,resource_type 8,1,1,2,2,2,1.0,1,1,2025-03-01
12383,location 601,2,severity_type 1,resource_type 6,2,2,3,3,12,4.0,4,4,2025-08-18
13005,location 1042,0,severity_type 2,resource_type 8,1,1,1,1,19,19.0,19,19,2025-09-15
11006,location 707,0,severity_type 2,resource_type 8,2,2,3,3,8,2.6666666666666665,6,1,2025-04-19
11650,location 763,2,severity_type 2,resource_type 8,1,1,2,2,53,26.5,37,16,2025-10-18
3653,location 244,0,severity_type 2,resource_type 2,2,2,2,2,47,23.5,25,22,2025-08-10
11598,location 344,0,severity_type 2,resource_type 2,2,2,2,2,15,7.5,9,6,2025-03-25
14485,location 479,0,severity_type 1,resource_type 2,3,3,6,6,8,1.3333333333333333,2,1,2025-09-18
18033,location 288,0,severity_type 4,resource_type 2,1,1,1,1,2,2.0,2,2,2025-08-05
4289,location 325,0,severity_type 2,resource_type 2,2,2,6,6,6,1.0,1,1,2025-10-24
18258,location 810,2,severity_type 1,resource_type 2,2,2,4,4,40,10.0,22,1,2025-02-26
17125,location 1089,1,severity_type 1,resource_type 8,1,1,1,1,1,1.0,1,1,2025-03-26
3849,location 141,1,severity_type 2,resource_type 2,2,2,2,2,3,1.5,2,1,2025-04-21
8012,location 618,0,severity_type 1,resource_type 2,1,1,2,2,2,1.0,1,1,2025-05-05
1556,location 735,0,severity_type 1,resource_type 8,1,1,2,2,7,3.5,4,3,2025-11-21
10163,location 846,0,severity_type 2,resource_type 8,1,1,1,1,5,5.0,5,5,2025-09-25
15701,location 509,0,severity_type 2,resource_type 2,2,2,2,2,24,12.0,12,12,2025-07-18
9915,location 476,0,severity_type 2,resource_type 8,1,1,1,1,1,1.0,1,1,2025-07-17
358,location 1104,1,severity_type 1,resource_type 8,1,1,2,2,2,1.0,1,1,2025-11-20
11280,location 837,1,severity_type 4,resource_type 7,1,1,2,2,2,1.0,1,1,2025-06-13
17063,location 382,0,severity_type 4,resource_type 2,1,1,1,1,2,2.0,2,2,2025-03-24
2829,location 1018,1,severity_type 1,resource_type 8,2,2,2,2,6,3.0,3,3,2025-02-19
16241,location 460,1,severity_type 2,resource_type 2,2,2,6,6,36,6.0,16,1,2025-05-01
13416,location 623,0,severity_type 1,resource_type 2,1,1,2,2,2,1.0,1,1,2025-08-27
13834,location 149,0,severity_type 2,resource_type 2,2,2,6,6,8,1.3333333333333333,2,1,2025-06-21
1341,location 859,0,severity_type 1,resource_type 2,1,1,2,2,4,2.0,2,2,2025-06-03
6969,location 507,0,severity_type 2,resource_type 2,2,2,2,2,13,6.5,7,6,2025-06-25
10434,location 892,0,severity_type 2,resource_type 2,3,3,4,4,21,5.25,7,1,2025-12-22
17876,location 898,1,severity_type 1,resource_type 2,6,6,8,8,24,3.0,9,1,2025-12-31
5369,location 506,0,severity_type 2,resource_type 2,2,2,5,5,216,43.2,92,1,2025-02-28
18175,location 17,0,severity_type 1,resource_type 8,1,1,3,3,5,1.6666666666666667,3,1,2025-02-11
16369,location 905,0,severity_type 1,resource_type 2,1,1,1,1,1,1.0,1,1,2025-03-31
14198,location 962,2,severity_type 2,resource_type 8,1,1,2,2,49,24.5,28,21,2025-11-07
6509,location 126,0,severity_type 2,resource_type 2,2,2,6,6,20,3.333333333333333,6,1,2025-06-17
18004,location 1008,0,severity_type 2,resource_type 8,1,1,1,1,4,4.0,4,4,2025-11-12
13878,location 145,0,severity_type 1,resource_type 2,2,2,2,2,2,1.0,1,1,2025-08-25
17418,location 471,0,severity_type 2,resource_type 2,2,2,6,6,33,5.5,9,1,2025-07-21
17262,location 899,0,severity_type 1,resource_type 2,4,4,7,7,8,1.1428571428571428,2,1,2025-04-13
15622,location 1075,1,severity_type 2,resource_type 8,1,1,2,2,35,17.5,34,1,2025-05-06
11054,location 805,0,severity_type 2,resource_type 8,1,1,1,1,2,2.0,2,2,2025-02-23
2019,location 945,0,severity_type 2,resource_type 8,1,1,2,2,4,2.0,2,2,2025-07-09
15545,location 738,0,severity_type 1,resource_type 2,2,2,1,1,1,1.0,1,1,2025-04-13
6785,location 126,1,severity_type 2,resource_type 2,2,2,6,6,14,2.333333333333333,5,1,2025-04-17
13879,location 704,1,severity_type 2,resource_type 8,1,1,1,1,1,1.0,1,1,2025-01-15
6601,location 814,0,severity_type 1,resource_type 8,1,1,2,2,7,3.5,5,2,2025-10-19
9238,location 488,0,severity_type 2,resource_type 2,2,2,4,4,49,12.25,22,4,2025-12-09
2299,location 382,0,severity_type 2,resource_type 2,2,2,2,2,5,2.5,3,2,2025-07-01
1490,location 344,0,severity_type 1,resource_type 2,3,3,4,4,5,1.25,2,1,2025-07-15
18085,location 476,0,severity_type 2,resource_type 2,2,2,2,2,15,7.5,8,7,2025-12-04
14218,location 950,1,severity_type 1,resource_type 8,1,1,4,4,5,1.25,2,1,2025-07-06
17705,location 885,0,severity_type 2,resource_type 8,1,1,2,2,2,1.0,1,1,2025-08-16
2674,location 116,0,severity_type 2,resource_type 2,2,2,2,2,4,2.0,3,1,2025-06-06
17578,location 704,1,severity_type 1,resource_type 8,3,3,4,4,19,4.75,7,3,2025-07-07
9311,location 699,0,severity_type 2,resource_type 8,1,1,1,1,1,1.0,1,1,2025-07-10
13265,location 465,0,severity_type 2,resource_type 2,2,2,2,2,90,45.0,52,38,2025-09-17
3330,location 1042,0,severity_type 2,resource_type 8,1,1,2,2,32,16.0,20,12,2025-08-09
9204,location 481,0,severity_type 2,resource_type 2,2,2,4,4,108,27.0,29,25,2025-07-03
4018,location 135,0,severity_type 2,resource_type 2,2,2,2,2,14,7.0,7,7,2025-01-28
9981,location 1037,0,severity_type 1,resource_type 8,1,1,2,2,32,16.0,16,16,2025-11-27
13905,location 126,0,severity_type 2,resource_type 2,2,2,7,7,14,2.0,3,1,2025-11-21
10476,location 810,0,severity_type 1,resource_type 2,1,1,1,1,1,1.0,1,1,2025-03-09
8136,location 149,0,severity_type 4,resource_type 2,1,1,1,1,1,1.0,1,1,2025-04-18
12034,location 707,0,severity_type 2,resource_type 9,2,2,3,3,10,3.333333333333333,8,1,2025-12-22
4029,location 1008,0,severity_type 2,resource_type 8,1,1,3,3,25,8.333333333333334,15,1,2025-04-28
3249,location 839,2,severity_type 1,resource_type 2,2,2,4,4,26,6.5,8,5,2025-10-24
15196,location 177,0,severity_type 4,resource_type 2,1,1,1,1,1,1.0,1,1,2025-10-14
11228,location 255,0,severity_type 2,resource_type 2,2,2,2,2,8,4.0,5,3,2025-11-11
7086,location 506,0,severity_type 2,resource_type 2,2,2,4,4,74,18.5,38,1,2025-01-06
16913,location 707,0,severity_type 1,resource_type 8,3,3,4,4,7,1.75,4,1,2025-06-26
1779,location 202,0,severity_type 2,resource_type 2,2,2,4,4,10,2.5,3,1,2025-07-26
14316,location 480,0,severity_type 2,resource_type 2,2,2,4,4,108,27.0,29,25,2025-11-02
5649,location 161,0,severity_type 2,resource_type 2,2,2,2,2,12,6.0,6,6,2025-03-23
13640,location 893,1,severity_type 1,resource_type 2,3,3,6,6,149,24.83333333333333,36,8,2025-04-22
15029,location 1055,0,severity_type 2,resource_type 8,1,1,2,2,5,2.5,4,1,2025-03-07
10629,location 234,1,severity_type 1,resource_type 2,3,3,7,7,12,1.7142857142857142,4,1,2025-10-06
10591,location 834,2,severity_type 2,resource_type 8,1,1,2,2,52,26.0,35,17,2025-12-31
3593,location 465,0,severity_type 2,resource_type 2,2,2,2,2,49,24.5,25,24,2025-02-21
6088,location 690,0,severity_type 1,resource_type 8,1,1,2,2,6,3.0,3,3,2025-03-27
5749,location 714,1,severity_type 1,resource_type 8,2,2,3,3,4,1.3333333333333333,2,1,2025-04-23
162,location 292,0,severity_type 2,resource_type 2,2,2,4,4,20,5.0,7,3,2025-11-21
8233,location 157,0,severity_type 1,resource_type 2,3,3,5,5,16,3.2,6,1,2025-06-12
3091,location 498,0,severity_type 2,resource_type 2,2,2,2,2,11,5.5,9,2,2025-04-13
5867,location 1063,0,severity_type 1,resource_type 8,1,1,1,1,2,2.0,2,2,2025-04-28
5471,location 921,1,severity_type 2,resource_type 8,1,1,2,2,20,10.0,14,6,2025-08-07
5550,location 313,0,severity_type 2,resource_type 2,2,2,6,6,14,2.333333333333333,4,1,2025-05-22
3539,location 661,0,severity_type 1,resource_type 8,1,1,2,2,4,2.0,2,2,2025-02-21
14384,location 834,1,severity_type 1,resource_type 8,2,2,2,2,5,2.5,3,2,2025-10-27
1624,location 989,1,severity_type 1,resource_type 8,1,1,2,2,5,2.5,3,2,2025-06-04
2599,location 1066,0,severity_type 2,resource_type 4,2,2,1,1,1,1.0,1,1,2025-04-04
16695,location 478,0,severity_type 2,resource_type 2,2,2,10,10,111,11.1,31,1,2025-09-23
2520,location 427,0,severity_type 4,resource_type 2,1,1,1,1,1,1.0,1,1,2025-09-30
11893,location 199,0,severity_type 2,resource_type 2,2,2,2,2,4,2.0,2,2,2025-02-26
4513,location 466,0,severity_type 2,resource_type 2,2,2,2,2,14,7.0,7,7,2025-01-27
15698,location 504,0,severity_type 2,resource_type 2,2,2,2,2,13,6.5,9,4,2025-01-17
4864,location 245,0,severity_type 2,resource_type 2,2,2,2,2,21,10.5,11,10,2025-10-07
17407,location 100,0,severity_type 2,resource_type 2,2,2,7,7,8,1.1428571428571428,2,1,2025-08-17
16555,location 126,0,severity_type 2,resource_type 2,2,2,7,7,39,5.571428571428571,7,2,2025-10-17
3582,location 471,0,severity_type 2,resource_type 2,2,2,5,5,23,4.6,7,3,2025-08-17
17639,location 734,2,severity_type 1,resource_type 8,2,2,2,2,4,2.0,2,2,2025-05-27
1050,location 881,0,severity_type 1,resource_type 8,2,2,3,3,5,1.6666666666666667,2,1,2025-08-04
1046,location 710,0,severity_type 2,resource_type 8,1,1,2,2,3,1.5,2,1,2025-09-21
795,location 723,1,severity_type 1,resource_type 8,2,2,4,4,4,1.0,1,1,2025-05-26
5009,location 601,0,severity_type 1,resource_type 6,3,3,5,5,6,1.2,2,1,2025-12-01
18299,location 932,0,severity_type 2,resource_type 8,1,1,2,2,4,2.0,3,1,2025-11-25
4459,location 744,1,severity_type 1,resource_type 8,3,3,4,4,15,3.75,12,1,2025-10-20
7562,location 793,0,severity_type 1,resource_type 8,1,1,2,2,16,8.0,9,7,2025-12-29
7880,location 122,0,severity_type 2,resource_type 2,2,2,8,8,66,8.25,15,3,2025-05-23
7332,location 391,0,severity_type 1,resource_type 8,4,4,14,14,23,1.6428571428571428,3,1,2025-02-11
2891,location 157,0,severity_type 4,resource_type 2,1,1,1,1,1,1.0,1,1,2025-06-26
15339,location 1107,2,severity_type 1,resource_type 8,2,2,5,5,188,37.6,152,1,2025-09-30
161,location 321,0,severity_type 2,resource_type 2,2,2,4,4,20,5.0,7,2,2025-10-12
2539,location 127,0,severity_type 2,resource_type 2,2,2,7,7,39,5.571428571428571,10,2,2025-05-22
3730,location 1100,1,severity_type 1,resource_type 8,2,2,2,2,6,3.0,4,2,2025-04-17
3283,location 793,0,severity_type 1,resource_type 8,1,1,2,2,151,75.5,98,53,2025-06-12
6910,location 447,0,severity_type 4,resource_type 2,1,1,3,3,3,1.0,1,1,2025-10-21
14076,location 834,1,severity_type 1,resource_type 8,2,2,3,3,8,2.6666666666666665,4,2,2025-01-23
9421,location 1021,2,severity_type 1,resource_type 8,1,1,8,8,22,2.75,6,1,2025-04-30
5897,location 835,0,severity_type 1,resource_type 8,2,2,2,2,3,1.5,2,1,2025-03-25
18444,location 373,0,severity_type 2,resource_type 2,2,2,5,5,61,12.2,20,3,2025-10-22
8380,location 628,0,severity_type 2,resource_type 8,1,1,1,1,1,1.0,1,1,2025-06-21
15946,location 895,2,severity_type 1,resource_type 2,3,3,6,6,57,9.5,15,3,2025-02-01
4818,location 348,1,severity_type 2,resource_type 2,2,2,4,4,10,2.5,3,1,2025-04-06
13952,location 734,1,severity_type 2,resource_type 2,2,2,5,5,21,4.2,14,1,2025-01-17
14643,location 501,0,severity_type 2,resource_type 2,2,2,4,4,12,3.0,6,1,2025-06-23
17204,location 831,0,severity_type 2,resource_type 8,1,1,1,1,1,1.0,1,1,2025-12-31
3817,location 276,0,severity_type 2,resource_type 2,2,2,2,2,4,2.0,2,2,2025-07-27
2088,location 844,2,severity_type 1,resource_type 8,1,1,3,3,9,3.0,7,1,2025-11-14
14581,location 793,0,severity_type 1,resource_type 8,1,1,2,2,170,85.0,95,75,2025-09-29
14998,location 995,2,severity_type 2,resource_type 8,1,1,4,4,66,16.5,47,1,2025-11-19
948,location 1038,1,severity_type 1,resource_type 8,1,1,3,3,12,4.0,6,2,2025-04-24
14253,location 653,0,severity_type 1,resource_type 8,2,2,2,2,6,3.0,4,2,2025-12-14
12733,location 329,0,severity_type 2,resource_type 2,2,2,4,4,4,1.0,1,1,2025-03-29
6223,location 837,0,severity_type 1,resource_type 6,2,2,3,3,3,1.0,1,1,2025-06-09
10226,location 798,1,severity_type 2,resource_type 8,1,1,2,2,33,16.5,22,11,2025-09-06
7821,location 845,0,severity_type 2,resource_type 8,1,1,2,2,22,11.0,14,8,2025-04-15
7927,location 914,1,severity_type 1,resource_type 8,3,3,4,4,4,1.0,1,1,2025-04-07
469,location 480,0,severity_type 2,resource_type 2,2,2,4,4,128,32.0,34,30,2025-02-17
9594,location 793,0,severity_type 2,resource_type 8,1,1,2,2,11,5.5,9,2,2025-01-02
12764,location 653,0,severity_type 2,resource_type 8,1,1,2,2,10,5.0,5,5,2025-07-02
1065,location 600,0,severity_type 2,resource_type 8,1,1,2,2,123,61.5,88,35,2025-12-27
18058,location 1008,0,severity_type 2,resource_type 8,1,1,4,4,41,10.25,24,1,2025-03-22
12660,location 947,1,severity_type 1,resource_type 2,4,4,3,3,14,4.666666666666667,9,2,2025-06-10
17369,location 632,2,severity_type 1,resource_type 8,2,2,5,5,34,6.8,26,1,2025-12-08
637,location 122,0,severity_type 4,resource_type 2,1,1,2,2,2,1.0,1,1,2025-10-09
14171,location 17,0,severity_type 1,resource_type 8,2,2,3,3,49,16.333333333333332,24,1,2025-01-02
6337,location 1107,2,severity_type 1,resource_type 8,2,2,4,4,41,10.25,27,2,2025-07-02
12080,location 135,0,severity_type 2,resource_type 2,2,2,4,4,18,4.5,5,4,2025-02-22
16429,location 1107,2,severity_type 1,resource_type 8,2,2,4,4,106,26.5,63,9,2025-04-01
5468,location 1011,1,severity_type 1,resource_type 9,1,1,2,2,2,1.0,1,1,2025-03-31
1144,location 734,2,severity_type 1,resource_type 8,2,2,4,4,43,10.75,24,2,2025-08-12
2368,location 494,0,severity_type 1,resource_type 2,3,3,6,6,6,1.0,1,1,2025-03-14
18219,location 484,0,severity_type 2,resource_type 2,2,2,8,8,28,3.5,9,1,2025-04-02
8951,location 505,0,severity_type 2,resource_type 2,2,2,6,6,128,21.33333333333333,63,2,2025-03-24
2275,location 144,1,severity_type 2,resource_type 2,2,2,4,4,4,1.0,1,1,2025-05-11
10275,location 803,1,severity_type 1,resource_type 8,1,1,3,3,4,1.3333333333333333,2,1,2025-08-28
11112,location 957,1,severity_type 1,resource_type 8,1,1,2,2,6,3.0,4,2,2025-05-26
10548,location 1107,0,severity_type 1,resource_type 8,2,2,6,6,39,6.5,28,1,2025-04-30
5599,location 1111,1,severity_type 1,resource_type 8,1,1,3,3,6,2.0,3,1,2025-07-08
8087,location 684,2,severity_type 1,resource_type 8,2,2,4,4,142,35.5,88,3,2025-08-13
7827,location 734,0,severity_type 2,resource_type 8,1,1,5,5,17,3.4,10,1,2025-01-06
1867,location 242,0,severity_type 2,resource_type 2,2,2,6,6,247,41.16666666666666,54,25,2025-11-21
10837,location 755,0,severity_type 1,resource_type 8,1,1,2,2,7,3.5,5,2,2025-12-01
1397,location 407,0,severity_type 4,resource_type 2,1,1,1,1,2,2.0,2,2,2025-08-08
12126,location 1100,2,severity_type 2,resource_type 8,1,1,2,2,45,22.5,35,10,2025-07-29
14142,location 506,0,severity_type 2,resource_type 2,2,2,4,4,236,59.0,100,18,2025-09-11
17764,location 808,0,severity_type 1,resource_type 8,2,2,4,4,51,12.75,35,3,2025-06-10
12812,location 925,0,severity_type 1,resource_type 8,1,1,1,1,1,1.0,1,1,2025-05-14
17199,location 475,0,severity_type 2,resource_type 2,2,2,6,6,17,2.833333333333333,4,1,2025-05-09
15532,location 220,1,severity_type 2,resource_type 2,2,2,4,4,8,2.0,2,2,2025-02-28
7932,location 637,0,severity_type 1,resource_type 2,1,1,2,2,9,4.5,5,4,2025-11-04
12736,location 836,0,severity_type 1,resource_type 8,1,1,3,3,412,137.33333333333334,193,27,2025-04-28
2770,location 1100,2,severity_type 1,resource_type 8,2,2,7,7,468,66.85714285714286,187,2,2025-04-14
466,location 937,1,severity_type 1,resource_type 8,1,1,2,2,5,2.5,3,2,2025-12-18
5786,location 314,0,severity_type 4,resource_type 2,1,1,1,1,1,1.0,1,1,2025-07-04
3765,location 1010,0,severity_type 2,resource_type 8,1,1,1,1,5,5.0,5,5,2025-08-15
2239,location 638,0,severity_type 1,resource_type 2,1,1,2,2,2,1.0,1,1,2025-03-31
11918,location 276,1,severity_type 2,resource_type 2,2,2,2,2,3,1.5,2,1,2025-04-12
2402,location 760,1,severity_type 1,resource_type 8,1,1,2,2,2,1.0,1,1,2025-09-23
576,location 322,0,severity_type 2,resource_type 2,2,2,2,2,5,2.5,3,2,2025-06-14
7188,location 124,0,severity_type 2,resource_type 2,2,2,6,6,14,2.333333333333333,4,1,2025-02-23
9460,location 885,0,severity_type 1,resource_type 8,1,1,2,2,3,1.5,2,1,2025-11-01
16691,location 979,0,severity_type 1,resource_type 8,1,1,2,2,3,1.5,2,1,2025-05-28
5773,location 707,0,severity_type 1,resource_type 9,3,3,4,4,10,2.5,5,1,2025-09-01
17767,location 618,0,severity_type 1,resource_type 8,2,2,2,2,3,1.5,2,1,2025-05-05
16222,location 600,2,severity_type 2,resource_type 8,1,1,2,2,35,17.5,20,15,2025-07-24
10045,location 875,1,severity_type 1,resource_type 8,1,1,2,2,7,3.5,4,3,2025-10-11
813,location 737,0,severity_type 1,resource_type 8,1,1,2,2,12,6.0,7,5,2025-11-20
9123,location 691,0,severity_type 2,resource_type 7,2,2,2,2,19,9.5,10,9,2025-03-17
883,location 1030,0,severity_type 2,resource_type 8,1,1,1,1,2,2.0,2,2,2025-09-03
6044,location 613,0,severity_type 1,resource_type 8,2,2,3,3,15,5.0,10,1,2025-11-30
8891,location 695,0,severity_type 1,resource_type 8,1,1,2,2,8,4.0,4,4,2025-08-23
797,location 126,0,severity_type 2,resource_type 2,2,2,8,8,169,21.125,64,4,2025-02-22
9100,location 629,0,severity_type 1,resource_type 2,1,1,2,2,3,1.5,2,1,2025-03-11
14921,location 610,0,severity_type 1,resource_type 2,1,1,2,2,2,1.0,1,1,2025-03-16
7789,location 889,1,severity_type 1,resource_type 8,2,2,7,7,9,1.2857142857142858,2,1,2025-02-08
17172,location 899,1,severity_type 1,resource_type 2,4,4,6,6,8,1.3333333333333333,2,1,2025-10-03
8045,location 465,0,severity_type 2,resource_type 2,2,2,2,2,8,4.0,4,4,2025-12-19
18061,location 821,1,severity_type 1,resource_type 8,2,2,4,4,12,3.0,5,2,2025-07-08
11636,location 989,0,severity_type 1,resource_type 8,1,1,3,3,6,2.0,3,1,2025-08-07
11884,location 97,1,severity_type 2,resource_type 2,2,2,6,6,6,1.0,1,1,2025-10-10
12873,location 476,0,severity_type 2,resource_type 2,2,2,2,2,2,1.0,1,1,2025-06-01
16588,location 1029,0,severity_type 1,resource_type 2,1,1,2,2,2,1.0,1,1,2025-06-22
16742,location 814,0,severity_type 2,resource_type 8,1,1,2,2,4,2.0,2,2,2025-08-03
7830,location 135,0,severity_type 2,resource_type 2,2,2,4,4,50,12.5,24,1,2025-04-22
3061,location 846,2,severity_type 1,resource_type 8,2,2,2,2,25,12.5,13,12,2025-01-23
2671,location 256,0,severity_type 2,resource_type 2,2,2,2,2,16,8.0,8,8,2025-07-27
146,location 505,0,severity_type 2,resource_type 2,2,2,4,4,22,5.5,9,3,2025-10-28
13794,location 678,1,severity_type 1,resource_type 8,1,1,2,2,16,8.0,8,8,2025-01-27
8062,location 102,0,severity_type 2,resource_type 2,2,2,11,11,15,1.3636363636363635,4,1,2025-03-21
11674,location 812,0,severity_type 1,resource_type 8,2,2,5,5,49,9.8,24,3,2025-04-06
4232,location 1107,2,severity_type 2,resource_type 8,1,1,4,4,203,50.75,131,6,2025-10-21
18528,location 1042,2,severity_type 2,resource_type 8,1,1,2,2,18,9.0,14,4,2025-07-04
6115,location 242,0,severity_type 1,resource_type 2,3,3,9,9,214,23.77777777777778,51,1,2025-07-15
8138,location 495,0,severity_type 2,resource_type 2,2,2,7,7,76,10.857142857142858,29,3,2025-08-24
10069,location 885,1,severity_type 1,resource_type 8,1,1,4,4,8,2.0,4,1,2025-04-11
17414,location 1008,0,severity_type 2,resource_type 8,1,1,3,3,28,9.333333333333334,21,1,2025-09-18
1101,location 465,0,severity_type 2,resource_type 2,2,2,4,4,76,19.0,43,1,2025-01-12
9028,location 1042,2,severity_type 2,resource_type 8,1,1,2,2,18,9.0,11,7,2025-02-11
6224,location 1061,0,severity_type 2,resource_type 8,1,1,1,1,12,12.0,12,12,2025-10-25
4762,location 536,1,severity_type 1,resource_type 8,3,3,4,4,4,1.0,1,1,2025-08-29
623,location 1100,0,severity_type 2,resource_type 8,1,1,1,1,19,19.0,19,19,2025-03-06
11462,location 400,1,severity_type 1,resource_type 2,2,2,3,3,7,2.333333333333333,3,2,2025-06-10
3729,location 208,1,severity_type 1,resource_type 2,2,2,5,5,5,1.0,1,1,2025-01-19
6668,location 895,1,severity_type 1,resource_type 2,3,3,6,6,29,4.833333333333333,7,1,2025-09-03
16630,location 147,0,severity_type 2,resource_type 2,2,2,2,2,2,1.0,1,1,2025-10-03
4146,location 1026,0,severity_type 1,resource_type 8,2,2,2,2,2,1.0,1,1,2025-04-12
888,location 85,1,severity_type 4,resource_type 3,1,1,2,2,4,2.0,2,2,2025-05-08
5798,location 604,1,severity_type 1,resource_type 8,1,1,1,1,1,1.0,1,1,2025-03-28
3886,location 1087,1,severity_type 1,resource_type 8,1,1,2,2,2,1.0,1,1,2025-05-23
1102,location 600,2,severity_type 2,resource_type 8,1,1,2,2,22,11.0,13,9,2025-04-10
11818,location 845,2,severity_type 2,resource_type 8,1,1,2,2,30,15.0,22,8,2025-04-01
13241,location 814,0,severity_type 2,resource_type 8,1,1,2,2,6,3.0,5,1,2025-06-07
3626,location 798,2,severity_type 2,resource_type 8,1,1,2,2,45,22.5,37,8,2025-11-10
6423,location 151,0,severity_type 4,resource_type 2,1,1,1,1,1,1.0,1,1,2025-10-06
10331,location 899,2,severity_type 1,resource_type 2,3,3,6,6,28,4.666666666666667,6,1,2025-04-19
14531,location 161,0,severity_type 2,resource_type 2,2,2,6,6,13,2.1666666666666665,4,1,2025-12-11
13197,location 124,0,severity_type 2,resource_type 2,2,2,6,6,12,2.0,2,2,2025-03-18
15821,location 893,1,severity_type 1,resource_type 2,3,3,6,6,159,26.5,35,7,2025-11-29
13362,location 878,0,severity_type 2,resource_type 8,1,1,4,4,4,1.0,1,1,2025-04-23
7426,location 501,0,severity_type 4,resource_type 2,1,1,1,1,3,3.0,3,3,2025-07-17
16799,location 159,0,severity_type 1,resource_type 2,3,3,4,4,4,1.0,1,1,2025-03-16
5970,location 806,2,severity_type 1,resource_type 8,1,1,1,1,1,1.0,1,1,2025-10-06
594,location 734,1,severity_type 2,resource_type 8,1,1,4,4,35,8.75,22,2,2025-04-26
6453,location 475,0,severity_type 2,resource_type 2,2,2,2,2,50,25.0,27,23,2025-11-15
15373,location 961,1,severity_type 1,resource_type 8,1,1,2,2,6,3.0,4,2,2025-01-31
14399,location 919,0,severity_type 1,resource_type 8,1,1,2,2,2,1.0,1,1,2025-07-03
5185,location 390,0,severity_type 2,resource_type 2,2,2,2,2,38,19.0,23,15,2025-02-27
18492,location 135,0,severity_type 2,resource_type 2,2,2,5,5,56,11.2,26,1,2025-11-21
8115,location 745,2,severity_type 1,resource_type 8,1,1,1,1,1,1.0,1,1,2025-06-02
11992,location 471,0,severity_type 2,resource_type 2,2,2,2,2,172,86.0,93,79,2025-09-04
3415,location 155,0,severity_type 2,resource_type 2,2,2,2,2,53,26.5,27,26,2025-11-18
16544,location 1052,0,severity_type 1,resource_type 8,1,1,2,2,4,2.0,2,2,2025-07-15
12534,location 378,0,severity_type 2,resource_type 2,2,2,2,2,7,3.5,4,3,2025-01-21
16671,location 95,0,severity_type 2,resource_type 2,2,2,8,8,14,1.75,4,1,2025-03-22
13944,location 79,0,severity_type 1,resource_type 2,2,2,3,3,4,1.3333333333333333,2,1,2025-03-19
9388,location 298,0,severity_type 4,resource_type 2,1,1,2,2,2,1.0,1,1,2025-11-30
745,location 272,1,severity_type 2,resource_type 2,2,2,4,4,4,1.0,1,1,2025-11-28
1488,location 504,0,severity_type 2,resource_type 2,2,2,2,2,16,8.0,9,7,2025-06-24
11764,location 805,0,severity_type 1,resource_type 8,1,1,2,2,8,4.0,4,4,2025-11-21
17185,location 684,2,severity_type 1,resource_type 8,2,2,1,1,2,2.0,2,2,2025-03-31
339,location 1095,2,severity_type 1,resource_type 8,5,5,6,6,8,1.3333333333333333,3,1,2025-09-05
6381,location 737,0,severity_type 1,resource_type 8,1,1,2,2,7,3.5,4,3,2025-05-24
13754,location 613,2,severity_type 1,resource_type 8,2,2,2,2,38,19.0,24,14,2025-03-29
2777,location 507,0,severity_type 2,resource_type 2,2,2,3,3,43,14.333333333333334,21,2,2025-04-02
13328,location 465,0,severity_type 2,resource_type 2,2,2,3,3,56,18.666666666666668,29,1,2025-06-03
1787,location 599,2,severity_type 2,resource_type 8,1,1,2,2,23,11.5,14,9,2025-05-04
1849,location 1,0,severity_type 2,resource_type 8,1,1,1,1,2,2.0,2,2,2025-03-19
6494,location 823,0,severity_type 1,resource_type 8,1,1,1,1,1,1.0,1,1,2025-05-02
15032,location 814,0,severity_type 1,resource_type 8,1,1,2,2,7,3.5,4,3,2025-02-16
15430,location 963,0,severity_type 2,resource_type 8,1,1,1,1,1,1.0,1,1,2025-12-20
3511,location 996,0,severity_type 2,resource_type 8,1,1,1,1,2,2.0,2,2,2025-05-19
14216,location 91,0,severity_type 2,resource_type 2,2,2,2,2,24,12.0,14,10,2025-02-09
2169,location 737,1,severity_type 1,resource_type 8,1,1,2,2,4,2.0,2,2,2025-07-30
3405,location 388,1,severity_type 1,resource_type 2,2,2,8,8,8,1.0,1,1,2025-11-19
5101,location 822,1,severity_type 4,resource_type 2,1,1,2,2,4,2.0,2,2,2025-05-12
5119,location 18,1,severity_type 1,resource_type 8,1,1,2,2,2,1.0,1,1,2025-11-05
13202,location 475,0,severity_type 4,resource_type 2,1,1,1,1,3,3.0,3,3,2025-08-11
11300,location 485,0,severity_type 2,resource_type 2,2,2,7,7,58,8.285714285714286,23,1,2025-09-27
15046,location 546,0,severity_type 1,resource_type 1,2,2,2,2,2,1.0,1,1,2025-04-19
9185,location 790,0,severity_type 4,resource_type 7,1,1,1,1,10,10.0,10,10,2025-01-14
17646,location 756,1,severity_type 1,resource_type 8,2,2,2,2,4,2.0,2,2,2025-05-07
12735,location 826,0,severity_type 1,resource_type 6,2,2,4,4,10,2.5,4,2,2025-12-04
9656,location 818,0,severity_type 2,resource_type 8,1,1,1,1,1,1.0,1,1,2025-10-16
10511,location 1008,2,severity_type 2,resource_type 8,1,1,2,2,95,47.5,66,29,2025-10-14
12449,location 946,0,severity_type 1,resource_type 8,1,1,3,3,22,7.333333333333333,14,3,2025-11-17
2840,location 193,0,severity_type 4,resource_type 2,1,1,1,1,1,1.0,1,1,2025-05-17
6391,location 128,0,severity_type 2,resource_type 2,2,2,6,6,14,2.333333333333333,4,1,2025-04-28
9093,location 766,0,severity_type 1,resource_type 8,2,2,2,2,3,1.5,2,1,2025-12-04
7032,location 300,0,severity_type 2,resource_type 2,2,2,4,4,4,1.0,1,1,2025-07-28
1108,location 345,0,severity_type 1,resource_type 2,3,3,7,7,16,2.2857142857142856,6,1,2025-04-19
2864,location 755,0,severity_type 1,resource_type 8,1,1,1,1,1,1.0,1,1,2025-04-12
5346,location 229,0,severity_type 2,resource_type 2,2,2,5,5,5,1.0,1,1,2025-11-17
13814,location 810,1,severity_type 1,resource_type 8,3,3,5,5,33,6.6,28,1,2025-01-20
9551,location 825,1,severity_type 1,resource_type 8,2,2,2,2,5,2.5,3,2,2025-01-23
5946,location 561,1,severity_type 4,resource_type 8,1,1,1,1,1,1.0,1,1,2025-09-27
11952,location 495,0,severity_type 2,resource_type 2,2,2,15,15,718,47.86666666666667,139,1,2025-01-01
4256,location 504,0,severity_type 2,resource_type 2,2,2,2,2,12,6.0,8,4,2025-03-04
6410,location 919,0,severity_type 1,resource_type 8,1,1,2,2,4,2.0,2,2,2025-12-28
2030,location 925,0,severity_type 1,resource_type 8,1,1,3,3,157,52.333333333333336,117,2,2025-06-05
8981,location 643,2,severity_type 1,resource_type 2,6,6,11,11,55,5.0,14,1,2025-09-23
8336,location 902,0,severity_type 1,resource_type 2,3,3,3,3,3,1.0,1,1,2025-06-27
16262,location 504,0,severity_type 2,resource_type 2,2,2,2,2,8,4.0,5,3,2025-02-03
11613,location 478,0,severity_type 2,resource_type 2,2,2,2,2,20,10.0,10,10,2025-03-09
3450,location 444,1,severity_type 1,resource_type 2,3,3,7,7,7,1.0,1,1,2025-10-05
4065,location 238,0,severity_type 1,resource_type 2,4,4,6,6,6,1.0,1,1,2025-02-04
1628,location 224,1,severity_type 2,resource_type 2,2,2,2,2,2,1.0,1,1,2025-08-06
16687,location 1090,1,severity_type 1,resource_type 8,1,1,2,2,7,3.5,4,3,2025-05-08
6813,location 1115,1,severity_type 1,resource_type 8,1,1,2,2,4,2.0,2,2,2025-05-16
10455,location 1075,2,severity_type 2,resource_type 8,1,1,2,2,16,8.0,12,4,2025-12-14
870,location 167,0,severity_type 2,resource_type 2,2,2,2,2,2,1.0,1,1,2025-08-10
18068,location 106,0,severity_type 1,resource_type 2,1,1,2,2,2,1.0,1,1,2025-08-13
14111,location 1086,2,severity_type 2,resource_type 8,1,1,2,2,28,14.0,21,7,2025-05-08
15189,location 7,0,severity_type 1,resource_type 8,1,1,4,4,33,8.25,19,1,2025-05-20
17067,location 885,0,severity_type 1,resource_type 8,1,1,3,3,3,1.0,1,1,2025-09-08
